kode_pangan,nama_pangan,kelompok,tipe,water_g,energy_kcal,protein_g,fat_g,carbohydrate_g,fiber_g,ash_g,calcium_mg,phosphorus_mg,iron_mg,sodium_mg,potassium_mg,copper_mg,zinc_mg,retinol_mcg,beta_carotene_mcg,carotene_total_mcg,vitamin_b1_mg,vitamin_b2_mg,niacin_mg,vitamin_c_mg,phosphorus_protein_ratio_mg_g,qc_flags,keterangan,source
AR001,"Beras giling, mentah (Rice, raw)",Serealia,mentah,,357,8.4,1.7,77.1,0.2,0.8,147.0,81.0,1.8,27.0,71.0,0.1,0.5,0.0,0.0,0.0,0.2,0.08,2.6,0.0,9.6,,,"TKPI (panganku.org), per 100 g edible portion; scraped by github.com/intanypurbasari/food-nutrition"
AR002,"Beras giling var pelita, mentah (Rice, raw)",Serealia,mentah,,369,9.5,1.4,77.1,0.4,0.6,68.0,171.0,1.4,34.0,0.0,0.0,0.0,0.0,0.0,0.0,0.26,0.0,0.0,0.0,18.0,potassium_mg_zero_may_be_missing; copper_mg_zero_may_be_missing; zinc_mg_zero_may_be_missing,,"TKPI (panganku.org), per 100 g edible portion; scraped by github.com/intanypurbasari/food-nutrition"
AR003,"Beras giling var rojolele, mentah (Rice. Raw)",Serealia,mentah,12.0,357,8.4,1.7,77.1,0.2,0.8,147.0,81.0,1.8,34.0,112.9,0.14,0.1,,0.0,80.0,0.2,0.02,1.5,0.0,9.6,,,"TKPI (panganku.org), per 100 g edible portion; scraped by github.com/intanypurbasari/food-nutrition"
AR004,"Beras hitam, mentah (Rice, raw)",Serealia,mentah,12.9,351,8.0,1.3,76.9,20.1,0.9,6.0,198.0,0.1,15.0,105.0,0.1,1.6,0.0,0.0,0.0,0.21,0.06,0.0,0.0,24.8,,,"TKPI (panganku.org), per 100 g edible portion; scraped by github.com/intanypurbasari/food-nutrition"
AR005,"Beras jagung kuning, kering, mentah (Corn, yellow",Serealia,mentah,10.8,358,5.5,0.1,82.7,10.0,0.9,20.0,90.0,1.4,1.0,80.0,0.1,4.1,,641.0,,0.12,0.08,1.0,3.0,16.4,,,"TKPI (panganku.org), per 100 g edible portion; scraped by github.com/intanypurbasari/food-nutrition"
AR006,"Beras jagung putih, kering, mentah (Corn, white, died, crushed, raw)",Serealia,mentah,22.5,307,4.8,0.1,71.8,10.0,0.8,17.0,78.0,1.2,1.0,70.0,0.1,3.5,,301.0,,0.15,0.07,0.9,0.0,16.2,,,"TKPI (panganku.org), per 100 g edible portion; scraped by github.com/intanypurbasari/food-nutrition"
AR007,"Beras ketan hitam tumbuk, mentah (Glutinous rice, black, husk,raw)",Serealia,mentah,13.7,360,8.0,2.3,74.5,1.0,1.5,10.0,347.0,6.2,11.0,288.0,0.28,2.2,0.0,0.0,0.0,0.24,0.1,2.0,0.0,43.4,,,"TKPI (panganku.org), per 100 g edible portion; scraped by github.com/intanypurbasari/food-nutrition"
AR008,"Beras ketan putih tumbuk, mentah (Glutinous rice, white, husk,raw)",Serealia,mentah,12.9,361,7.4,0.8,78.4,0.4,0.5,13.0,157.0,3.4,3.0,282.0,0.28,2.2,0.0,0.0,0.0,0.28,0.0,1.4,0.0,21.2,,,"TKPI (panganku.org), per 100 g edible portion; scraped by github.com/intanypurbasari/food-nutrition"
AR009,"Beras ladang, mentah (Rice, raw)",Serealia,mentah,9.8,376,7.5,3.8,78.0,5.9,0.9,20.0,110.0,0.8,10.0,70.0,0.1,1.4,0.0,0.0,,0.2,0.2,5.1,0.0,14.7,,,"TKPI (panganku.org), per 100 g edible portion; scraped by github.com/intanypurbasari/food-nutrition"
AR010,"Beras menir, mentah (Rice, crushed, raw)",Serealia,mentah,12.0,362,7.7,4.4,73.0,0.2,0.2,22.0,272.0,3.7,90.0,201.0,0.1,0.5,0.0,0.0,,0.55,0.0,1.9,0.0,35.3,,,"TKPI (panganku.org), per 100 g edible portion; scraped by github.com/intanypurbasari/food-nutrition"
AR011,"Beras parboiled (Rice, parboiled)",Serealia,mentah,10.0,353,6.8,0.6,80.0,0.5,2.5,5.0,142.0,0.8,2.0,46.0,0.28,1.0,0.0,0.0,,0.22,0.11,3.4,0.0,20.9,potassium_low_for_protein,,"TKPI (panganku.org), per 100 g edible portion; scraped by github.com/intanypurbasari/food-nutrition"
AR012,"Beras tumbuk, mentah (Rice with husk, raw)",Serealia,mentah,11.5,354,7.8,0.4,79.9,3.8,0.4,3.0,112.0,0.6,5.0,85.0,0.5,1.5,0.0,0.0,,0.25,0.22,5.1,0.0,14.4,,,"TKPI (panganku.org), per 100 g edible portion; scraped by github.com/intanypurbasari/food-nutrition"
AR013,"Beras tumbuk merah, mentah (Rice, brown with husk, raw)",Serealia,mentah,14.6,352,7.3,0.9,76.2,0.8,1.0,15.0,257.0,4.2,10.0,202.0,0.36,1.9,0.0,0.0,0.0,0.34,0.0,3.3,0.0,35.2,,,"TKPI (panganku.org), per 100 g edible portion; scraped by github.com/intanypurbasari/food-nutrition"
AR014,"Cantel, mentah (Sorghum, raw)",Serealia,mentah,11.0,366,11.0,3.3,73.0,1.2,1.7,28.0,287.0,4.4,7.0,249.0,,,0.0,0.0,,0.09,0.14,2.8,0.0,26.1,,,"TKPI (panganku.org), per 100 g edible portion; scraped by github.com/intanypurbasari/food-nutrition"
AR015,"Jagung muda, kuning, mentah (Corn,baby, yellow, raw)",Serealia,mentah,61.8,147,5.1,0.7,31.5,1.3,0.9,6.0,122.0,1.1,5.0,33.6,0.13,0.9,0.0,113.0,261.0,0.24,0.1,0.8,9.0,23.9,potassium_low_for_protein,,"TKPI (panganku.org), per 100 g edible portion; scraped by github.com/intanypurbasari/food-nutrition"
AR016,"Jagung kuning pipil, kering, mentah (Corn, yellow, raw)",Serealia,mentah,11.5,366,9.8,7.3,69.1,2.2,2.4,30.0,538.0,2.3,5.0,79.4,0.1,4.1,,636.0,641.0,0.12,0.12,1.8,3.0,54.9,,,"TKPI (panganku.org), per 100 g edible portion; scraped by github.com/intanypurbasari/food-nutrition"
AR017,"Jagung pipil var. harapan, kering (Corn, dried, raw)",Serealia,mentah,11.3,367,6.2,5.1,76.2,2.6,1.2,7.0,354.0,2.8,1.0,79.6,0.1,4.1,,637.0,385.0,0.19,0.08,1.0,0.0,57.1,,,"TKPI (panganku.org), per 100 g edible portion; scraped by github.com/intanypurbasari/food-nutrition"
AR018,"Jagung pipil var. metro, kering (Corn, dried, raw)",Serealia,mentah,10.6,368,5.5,4.6,78.0,2.9,1.3,7.0,300.0,2.4,1.0,80.2,0.1,4.1,,642.0,554.0,0.16,0.08,1.0,0.0,54.5,,,"TKPI (panganku.org), per 100 g edible portion; scraped by github.com/intanypurbasari/food-nutrition"
AR019,"Jali, mentah (Job's tear/adlay, raw)",Serealia,mentah,23.0,324,11.0,4.0,61.0,3.1,1.0,213.0,176.0,11.0,24.0,,0.1,0.4,,,,0.14,0.08,1.8,0.0,16.0,,,"TKPI (panganku.org), per 100 g edible portion; scraped by github.com/intanypurbasari/food-nutrition"
AR020,"Jawawut, mentah (Italian millet, raw)",Serealia,mentah,11.9,364,9.7,3.5,73.4,8.2,1.5,28.0,311.0,5.3,7.0,255.1,0.45,1.5,,33.0,,0.33,0.28,4.5,,32.1,,,"TKPI (panganku.org), per 100 g edible portion; scraped by github.com/intanypurbasari/food-nutrition"
AR021,"Jampang huma, mentah (Ragi millet, raw)",Serealia,mentah,11.7,350,6.2,1.4,78.2,1.7,2.5,329.0,254.0,5.3,53.0,396.7,0.7,1.6,,33.0,,0.51,0.3,0.7,0.0,41.0,,,"TKPI (panganku.org), per 100 g edible portion; scraped by github.com/intanypurbasari/food-nutrition"
AP001,Nasi,Serealia,olahan,56.7,180,3.0,0.3,39.8,0.2,0.2,25.0,27.0,0.4,1.0,38.0,0.1,0.6,0.0,0.0,,0.05,0.1,2.6,0.0,9.0,,,"TKPI (panganku.org), per 100 g edible portion; scraped by github.com/intanypurbasari/food-nutrition"
AP002,Nasi tim,Serealia,olahan,71.0,120,2.4,0.4,26.0,0.5,0.2,3.0,7.0,0.4,0.0,23.9,0.1,0.4,,0.0,,0.1,0.0,1.4,0.0,2.9,,,"TKPI (panganku.org), per 100 g edible portion; scraped by github.com/intanypurbasari/food-nutrition"
AP003,Tapai beras,Serealia,olahan,75.5,99,1.7,0.3,22.4,0.0,0.1,4.0,19.0,0.0,26.0,2.0,0.1,0.5,0.0,0.0,0.0,0.0,0.0,0.0,0.0,11.2,,Nasi yang difermentasi 2-3 hari dengan ragi dibungkus daun pisang,"TKPI (panganku.org), per 100 g edible portion; scraped by github.com/intanypurbasari/food-nutrition"
AP004,"Tepung beras, mentah",Serealia,olahan,12.0,353,7.0,0.5,80.0,2.4,0.5,5.0,140.0,0.8,5.0,241.0,0.1,0.8,0.0,0.0,0.0,0.12,0.1,1.2,0.0,20.0,,,"TKPI (panganku.org), per 100 g edible portion; scraped by github.com/intanypurbasari/food-nutrition"
AP005,Nasi beras merah,Serealia,olahan,64.0,149,2.8,0.4,32.5,0.3,0.3,6.0,63.0,0.8,5.0,91.4,0.2,0.9,0.0,0.0,0.0,0.06,0.0,1.6,0.0,22.5,,,"TKPI (panganku.org), per 100 g edible portion; scraped by github.com/intanypurbasari/food-nutrition"
AP006,"Bihun, mentah",Serealia,olahan,12.9,348,4.7,0.1,82.1,1.2,0.2,6.0,35.0,1.8,12.0,5.0,0.08,0.7,0.0,0.0,0.0,0.0,0.0,0.2,0.0,7.4,,,"TKPI (panganku.org), per 100 g edible portion; scraped by github.com/intanypurbasari/food-nutrition"
AP007,Bihun goreng instan,Serealia,olahan,9.0,381,6.1,3.9,80.3,,0.7,266.0,151.0,2.9,928.0,,,,58.0,,400.0,0.37,,,0.0,24.8,,,"TKPI (panganku.org), per 100 g edible portion; scraped by github.com/intanypurbasari/food-nutrition"
AP008,"Bihun Jagung, mentah",Serealia,olahan,11.3,354,0.5,0.3,87.4,3.0,0.5,13.0,111.0,0.6,49.0,1.4,0.4,0.0,,0.0,0.0,0.02,0.02,0.3,0.0,222.0,zinc_mg_zero_may_be_missing,"Bihun, produk setengah jadi berbahan dasar tepung jagung","TKPI (panganku.org), per 100 g edible portion; scraped by github.com/intanypurbasari/food-nutrition"
AP009,Nasi jagung,Serealia,olahan,11.0,357,8.8,0.5,79.5,6.2,0.3,5.0,43.0,0.6,2.0,30.4,0.1,0.3,,0.0,0.0,0.3,0.02,0.1,0.0,4.9,potassium_low_for_protein,Nasi yang berasal dari beras berbahan dasar jagung pipil,"TKPI (panganku.org), per 100 g edible portion; scraped by github.com/intanypurbasari/food-nutrition"
AP010,"Jagung muda, rebus",Serealia,olahan,53.2,142,5.0,0.7,30.3,0.8,0.8,5.0,105.0,0.8,5.0,24.3,0.2,0.9,,145.0,225.0,0.15,0.0,0.7,0.0,21.0,,,"TKPI (panganku.org), per 100 g edible portion; scraped by github.com/intanypurbasari/food-nutrition"
AP011,"Jagung kuning, tepung",Serealia,olahan,12.0,355,9.2,3.9,73.7,7.2,1.2,10.0,256.0,2.4,11.0,24.4,0.23,1.7,,0.0,510.0,0.38,0.02,0.3,,27.8,potassium_low_for_protein,,"TKPI (panganku.org), per 100 g edible portion; scraped by github.com/intanypurbasari/food-nutrition"
AP012,"Jagung kuning pipil, rebus",Serealia,olahan,63.7,154,3.8,3.5,28.4,0.7,0.6,7.0,171.0,0.5,5.0,56.4,0.1,4.4,,818.0,234.0,0.08,0.1,1.7,0.0,45.0,,,"TKPI (panganku.org), per 100 g edible portion; scraped by github.com/intanypurbasari/food-nutrition"
AP013,Tepung jagung putih,Serealia,olahan,12.0,355,9.2,3.9,73.7,7.2,1.2,10.0,256.0,2.4,11.0,24.4,0.23,1.7,,0.0,0.0,0.38,0.02,0.3,,27.8,potassium_low_for_protein,,"TKPI (panganku.org), per 100 g edible portion; scraped by github.com/intanypurbasari/food-nutrition"
AP014,Ketupat ketan,Serealia,olahan,52.0,212,4.0,4.6,38.6,0.2,0.9,8.0,46.0,1.0,,,,,0.0,0.0,0.0,0.07,,0.2,0.0,11.5,,,"TKPI (panganku.org), per 100 g edible portion; scraped by github.com/intanypurbasari/food-nutrition"
AP015,"Ketan hitam, matang",Serealia,olahan,56.9,181,4.0,1.2,37.3,0.3,0.6,9.0,144.0,1.7,9.0,18.4,0.1,0.7,0.0,0.0,0.0,0.06,0.0,0.5,0.0,36.0,,,"TKPI (panganku.org), per 100 g edible portion; scraped by github.com/intanypurbasari/food-nutrition"
AP016,Tapai ketan hitam,Serealia,olahan,50.2,166,3.8,1.0,34.4,0.3,0.6,8.0,106.0,1.6,5.0,12.0,,,,,0.0,0.02,,,0.0,27.9,,Ketan hitam matang yang difermentasi 2-3 hari dengan ragi dibungkus daun pisang,"TKPI (panganku.org), per 100 g edible portion; scraped by github.com/intanypurbasari/food-nutrition"
AP017,"Ketan putih, matang",Serealia,olahan,60.7,163,3.0,0.4,35.7,0.2,0.2,4.0,55.0,0.7,8.0,16.8,0.1,0.7,0.0,0.0,0.0,0.07,0.0,0.5,0.0,18.3,,,"TKPI (panganku.org), per 100 g edible portion; scraped by github.com/intanypurbasari/food-nutrition"
AP018,Tapai ketan putih,Serealia,olahan,58.9,172,3.0,0.5,37.5,0.6,0.1,6.0,35.0,0.5,1.0,,,,0.0,0.0,0.0,0.04,0.0,0.2,0.0,11.7,,Ketan putih matang  yang difermentasi 2-3 hari dengan ragi dibungkus daun pisang,"TKPI (panganku.org), per 100 g edible portion; scraped by github.com/intanypurbasari/food-nutrition"
AP019,"Maizena, tepung",Serealia,olahan,14.0,341,0.3,0.0,85.0,7.0,0.7,20.0,30.0,1.5,6.0,9.0,0.22,1.6,0.0,0.0,0.0,0.0,0.09,1.3,0.0,100.0,,,"TKPI (panganku.org), per 100 g edible portion; scraped by github.com/intanypurbasari/food-nutrition"
AP020,"Makaroni, mentah",Serealia,olahan,11.7,353,8.7,0.4,78.7,4.9,2.5,20.0,80.0,0.3,5.0,0.0,0.28,1.4,,,0.0,0.1,0.13,2.2,0.0,9.2,potassium_mg_zero_may_be_missing,,"TKPI (panganku.org), per 100 g edible portion; scraped by github.com/intanypurbasari/food-nutrition"
AP021,Mi basah,Serealia,olahan,80.0,88,0.6,3.3,14.0,0.1,2.1,14.0,13.0,6.8,63.0,13.5,0.06,0.4,,0.0,,0.0,0.0,0.0,0.0,21.7,,,"TKPI (panganku.org), per 100 g edible portion; scraped by github.com/intanypurbasari/food-nutrition"
AP022,Mi kering,Serealia,olahan,10.6,339,10.0,1.7,6.3,0.4,1.4,31.0,143.0,3.9,760.0,83.0,0.29,1.9,,,0.0,0.0,0.08,2.2,0.0,14.3,energy_vs_macros>25%,,"TKPI (panganku.org), per 100 g edible portion; scraped by github.com/intanypurbasari/food-nutrition"
AP023,Misoa,Serealia,olahan,10.0,345,8.5,2.2,78.0,0.5,1.3,52.0,120.0,8.7,3064.0,44.0,0.08,0.0,0.0,0.0,0.0,0.0,0.02,0.2,0.0,14.1,zinc_mg_zero_may_be_missing; potassium_low_for_protein,"Seperti mie, bentuk pipih","TKPI (panganku.org), per 100 g edible portion; scraped by github.com/intanypurbasari/food-nutrition"
AP024,Roti putih,Serealia,olahan,40.0,248,8.0,1.2,50.0,9.1,0.8,10.0,95.0,1.5,530.0,91.0,0.15,0.9,0.0,0.0,0.0,0.1,0.29,2.4,0.0,11.9,,,"TKPI (panganku.org), per 100 g edible portion; scraped by github.com/intanypurbasari/food-nutrition"
AP025,Tepung terigu,Serealia,olahan,11.8,333,9.0,1.0,77.2,0.3,1.0,22.0,150.0,1.3,2.0,0.0,0.0,2.8,0.0,0.0,0.0,0.1,0.07,1.0,0.0,16.7,potassium_mg_zero_may_be_missing; copper_mg_zero_may_be_missing,,"TKPI (panganku.org), per 100 g edible portion; scraped by github.com/intanypurbasari/food-nutrition"
AP026,Amparan tatak,Serealia,olahan,58.4,191,1.3,5.5,34.0,,0.8,,,,,,,,,,,,,,,,,"Seperti kue talam. Berbahan dasar tepung beras, santan, dan pisang","TKPI (panganku.org), per 100 g edible portion; scraped by github.com/intanypurbasari/food-nutrition"
AP027,"Apang kukus, kue",Serealia,olahan,49.5,202,3.0,0.3,46.7,,0.5,,,,,,,,,,,,,,,,,"Seperti kue mangkok. Berbahan dasar tepung beras, santan dan gula merah yang diolah dengan cara di kukus","TKPI (panganku.org), per 100 g edible portion; scraped by github.com/intanypurbasari/food-nutrition"
AP028,"Apem, kue",Serealia,olahan,63.1,148,2.0,0.5,33.9,,0.5,,,,,,,,,,,,,,,,,"Seperti kue mangkok. Berbahan dasar tepung beras, santan dan gula merah yang diolah dengan cara di kukus","TKPI (panganku.org), per 100 g edible portion; scraped by github.com/intanypurbasari/food-nutrition"
AP029,Biskuit,Serealia,olahan,2.2,458,6.9,14.4,75.1,2.1,1.4,62.0,87.0,2.7,241.0,20.3,0.16,0.6,0.0,14.0,,0.09,0.15,1.4,0.0,12.6,potassium_low_for_protein,,"TKPI (panganku.org), per 100 g edible portion; scraped by github.com/intanypurbasari/food-nutrition"
AP030,"Bakpia, kue",Serealia,olahan,38.9,272,8.7,6.7,44.1,0.9,1.6,194.0,117.0,4.5,,,,,,,1392.0,0.31,1.0,2.9,0.0,13.4,,,"TKPI (panganku.org), per 100 g edible portion; scraped by github.com/intanypurbasari/food-nutrition"
AP031,Bakwan,Serealia,olahan,40.5,280,8.2,10.2,39.0,3.4,2.1,204.0,79.0,7.0,,,,,0.0,,0.0,0.08,,,0.0,9.6,,Di Jawa Barat disebut bala-bala; di Jawa Timur disebut ote-ote. Berbahan dasar campuran tepung terigu dan sayuran yang diolah dengan cara di goreng,"TKPI (panganku.org), per 100 g edible portion; scraped by github.com/intanypurbasari/food-nutrition"
AP032,Bantal,Serealia,olahan,52.3,190,3.3,0.3,43.5,3.4,0.6,9.0,0.0,0.4,164.0,84.0,0.2,0.9,,,,0.27,0.02,3.6,,,phosphorus_mg_zero_may_be_missing,Jajanan dari ketan dan kacang tolo dibungkus daun kelapa diolah dengan cara dikukus. (Lontong ketan dan kacang),"TKPI (panganku.org), per 100 g edible portion; scraped by github.com/intanypurbasari/food-nutrition"
AP033,Baruasa,Serealia,olahan,5.3,417,6.5,8.2,79.3,,0.7,,,,,,,,,,,,,,,,,"Kue kering berbahan dasar tepung beras, gula pasir, telur, kelapa parut diolah dengan cara dipanggang","TKPI (panganku.org), per 100 g edible portion; scraped by github.com/intanypurbasari/food-nutrition"
AP034,Batar daan,Serealia,olahan,75.3,107,2.2,2.2,19.6,,0.7,20.0,30.0,0.6,200.0,90.0,0.1,,,,,0.18,0.02,,,13.6,,"Semacam bubur jagung yang dilengkapi dengan campuran daging, kacang tanah, sayuran, dan belimbing","TKPI (panganku.org), per 100 g edible portion; scraped by github.com/intanypurbasari/food-nutrition"
AP035,Bika ambon,Serealia,olahan,51.5,199,2.1,1.5,44.4,0.3,0.6,45.0,28.0,1.8,,,,,0.0,,408.0,0.1,,0.0,0.0,13.3,,"Kue basah berbahan dasar tepung terigu, tepung tapioka, ragi, gula pasir, telur, santan diolah dengan cara dipanggang","TKPI (panganku.org), per 100 g edible portion; scraped by github.com/intanypurbasari/food-nutrition"
AP036,Bingka,Serealia,olahan,44.4,273,5.3,10.6,39.1,,0.6,,,,,,,,,,,,,,,,,"Seperti kue lumpur. Berbahan dasar tepung terigu, kentang, telur, santan, gula, garam","TKPI (panganku.org), per 100 g edible portion; scraped by github.com/intanypurbasari/food-nutrition"
AP037,Bobengka,Serealia,olahan,46.3,225,5.3,2.6,45.2,,0.6,,,,,,,,,,,,,,,,,"Berbahan dasar tepung terigu, gula merah/gula kelapa,kenari yang diolah dengan cara dipanggang","TKPI (panganku.org), per 100 g edible portion; scraped by github.com/intanypurbasari/food-nutrition"
AP038,Bolu peca,Serealia,olahan,55.6,197,3.3,4.6,35.6,,0.9,,0.0,0.0,0.0,0.0,,,,,,,0.0,0.0,0.0,,phosphorus_mg_zero_may_be_missing; iron_mg_zero_may_be_missing; sodium_mg_zero_may_be_missing; potassium_mg_zero_may_be_missing,Berbahan dasar tepung terigu atau tepung ketan dengan gula merah yang diolah dengan cara dikukus,"TKPI (panganku.org), per 100 g edible portion; scraped by github.com/intanypurbasari/food-nutrition"
AP039,Brem,Serealia,olahan,37.4,249,3.4,0.4,58.0,0.0,0.9,198.0,86.0,2.0,,,,,0.0,,240.0,0.34,0.0,0.0,0.0,25.3,,Sari dari fermentasi ketan hitam atau ketan putih,"TKPI (panganku.org), per 100 g edible portion; scraped by github.com/intanypurbasari/food-nutrition"
AP040,Bubur tinotuan (Manado),Serealia,olahan,80.9,156,2.3,0.2,15.6,8.2,1.0,41.0,20.0,0.4,486.0,164.0,0.3,0.4,,1437.0,,0.1,0.04,,15.0,8.7,energy_vs_macros>25%,"Bubur berisi beras, singkong, jagung, labu kuning, kangkung, daun gedi, daun leilem, daun kemangi.","TKPI (panganku.org), per 100 g edible portion; scraped by github.com/intanypurbasari/food-nutrition"
AP041,Cake tape,Serealia,olahan,32.2,323,4.9,11.5,50.1,1.4,1.4,131.0,83.0,2.6,,,,,26.0,,1872.0,0.38,0.16,0.3,0.0,16.9,,,"TKPI (panganku.org), per 100 g edible portion; scraped by github.com/intanypurbasari/food-nutrition"
AP042,Cangkuning,Serealia,olahan,57.5,204,2.8,7.5,31.4,,0.8,,,,,,,,,,,,,,,,,Seperti kue bugis. Berbahan dasar tepung ketan hitam,"TKPI (panganku.org), per 100 g edible portion; scraped by github.com/intanypurbasari/food-nutrition"
AP043,Dodol bali,Serealia,olahan,26.5,298,3.7,2.1,65.9,0.4,1.8,70.0,76.0,2.5,,,,,0.0,0.0,496.0,0.28,,2.5,0.0,20.5,,"Bahan dasar terdir dari tepung beras ketan, kacang tanah, gula merah, gula pasir, santan, dengan kemasan daun jagung","TKPI (panganku.org), per 100 g edible portion; scraped by github.com/intanypurbasari/food-nutrition"
AP044,Dodol galamai,Serealia,olahan,16.5,348,0.4,3.8,76.1,0.5,1.2,41.0,144.0,2.6,38.0,76.0,0.3,2.1,0.0,0.0,0.0,0.03,0.06,1.8,0.0,360.0,,"Bahan dasar terdiri dari Tepung beras ketan, gula, dan santan","TKPI (panganku.org), per 100 g edible portion; scraped by github.com/intanypurbasari/food-nutrition"
AP045,Dodol kedondong,Serealia,olahan,26.4,331,1.9,7.6,63.8,1.0,0.4,90.0,55.0,2.3,,,,,0.0,,408.0,0.11,,0.8,5.0,28.9,,"Bahan dasar terdiri dari Tepung beras ketan, gula , santan, kedondong","TKPI (panganku.org), per 100 g edible portion; scraped by github.com/intanypurbasari/food-nutrition"
AP046,Dodol manado,Serealia,olahan,26.1,373,4.3,16.5,51.9,0.4,1.2,41.0,142.0,2.4,35.0,72.0,0.3,2.1,0.0,0.0,0.0,0.04,0.06,2.1,0.0,33.0,,"Nama lainnya adalah Dodol amuran. Bahan dasar terdiri dari Tepung ketan putih, gula, santan, kenari atau kacang lainnya","TKPI (panganku.org), per 100 g edible portion; scraped by github.com/intanypurbasari/food-nutrition"
AP047,Emping beras,Serealia,olahan,13.6,403,10.6,2.2,85.3,0.2,1.9,11.0,240.0,0.3,1.0,113.0,0.3,2.4,,,0.0,0.0,0.16,,0.0,22.6,proximate_sum>105g,Beras disangrai kemudian ditumbuk dengan alu di dalam lesung kayu. Makanan ini dihidangkan dengan cara digoreng dicampur kelapa dan gula merah,"TKPI (panganku.org), per 100 g edible portion; scraped by github.com/intanypurbasari/food-nutrition"
AP048,Gemblong,Serealia,olahan,36.2,274,1.7,5.4,55.5,2.2,1.2,69.0,55.0,3.3,,,,,0.0,0.0,0.0,0.0,,,0.0,32.4,,"Bahan dasar terdiri dari beras ketan, kelapa, gula merah","TKPI (panganku.org), per 100 g edible portion; scraped by github.com/intanypurbasari/food-nutrition"
AP049,Gendar goreng,Serealia,olahan,30.4,407,6.4,28.2,32.0,0.1,3.0,216.0,62.0,1.6,,,,,0.0,,184.0,0.16,0.0,0.6,0.0,9.7,,Kerupuk dari nasi/beras,"TKPI (panganku.org), per 100 g edible portion; scraped by github.com/intanypurbasari/food-nutrition"
AP050,Intip goreng,Serealia,olahan,6.5,474,7.6,21.6,62.3,1.2,2.0,36.0,64.0,2.5,0.0,38.0,0.05,0.5,,0.0,200.0,0.25,0.03,0.8,0.0,8.4,sodium_mg_zero_may_be_missing; potassium_low_for_protein,Nasi kering dengan gula merah,"TKPI (panganku.org), per 100 g edible portion; scraped by github.com/intanypurbasari/food-nutrition"
AP051,Jagung gerontol,Serealia,olahan,61.7,156,2.7,1.3,33.3,1.0,0.8,51.0,105.0,1.2,,,,,0.0,,162.0,0.08,0.0,0.0,0.0,38.9,,"Pipil jagung kering direbus disajikan dengan kelapa parut, gula pasir, dan garam","TKPI (panganku.org), per 100 g edible portion; scraped by github.com/intanypurbasari/food-nutrition"
AP052,Jagung titi,Serealia,olahan,9.2,374,9.4,2.2,79.1,0.8,0.1,14.0,142.0,2.9,,,9.0,,,,11507.0,0.2,,,,15.1,,Jagung pipil disangrai kemudian dipipihkan,"TKPI (panganku.org), per 100 g edible portion; scraped by github.com/intanypurbasari/food-nutrition"
AP053,Japilus,Serealia,olahan,3.8,500,1.2,25.1,67.3,0.4,2.7,186.0,29.0,4.9,,,,,0.0,,0.0,0.17,0.03,0.4,0.0,24.2,,,"TKPI (panganku.org), per 100 g edible portion; scraped by github.com/intanypurbasari/food-nutrition"
AP054,Kakicak,Serealia,olahan,43.9,296,3.4,15.1,36.7,,0.9,,,,,,,,,,,,,,,,,"nama lain hintakungkaruang, seperti candil berbahan dasar tepung ketan, terigu dan gula merah","TKPI (panganku.org), per 100 g edible portion; scraped by github.com/intanypurbasari/food-nutrition"
AP055,Kambose,Serealia,olahan,61.5,164,3.0,2.4,32.6,4.3,0.7,16.0,36.0,0.7,0.0,32.0,0.1,1.6,0.0,256.0,,0.1,0.1,0.4,,12.0,sodium_mg_zero_may_be_missing,Jagung pipil direbus,"TKPI (panganku.org), per 100 g edible portion; scraped by github.com/intanypurbasari/food-nutrition"
AP056,Kapusa,Serealia,olahan,63.5,158,4.4,3.2,27.8,5.3,1.0,79.0,115.0,1.2,104.0,149.0,0.5,1.1,0.0,1374.0,,0.06,0.05,0.1,0.0,26.1,,Jagung pipil direbus dengan santan bersama kacang merah,"TKPI (panganku.org), per 100 g edible portion; scraped by github.com/intanypurbasari/food-nutrition"
AP057,Keddo bodong,Serealia,olahan,33.9,290,4.6,5.7,55.2,,0.6,,,,,,,,,,,,,,,,,,"TKPI (panganku.org), per 100 g edible portion; scraped by github.com/intanypurbasari/food-nutrition"
AP058,"Kelepon, kue",Serealia,olahan,49.6,215,3.7,3.7,41.8,1.0,1.2,232.0,45.0,3.3,,,,,0.0,,872.0,0.09,0.07,0.2,0.0,12.2,,"Bahan dasar terdiri dari Tepung beras/ketan, parutan kelapa, gula merah (bentuk bulat hijau isi cairan gula merah)","TKPI (panganku.org), per 100 g edible portion; scraped by github.com/intanypurbasari/food-nutrition"
AP059,Kereput,Serealia,olahan,3.5,580,4.8,39.6,51.1,,1.0,,,,,,,,,,,,,,,,,,"TKPI (panganku.org), per 100 g edible portion; scraped by github.com/intanypurbasari/food-nutrition"
AP060,Ketoprak,Serealia,olahan,69.1,153,7.9,7.7,13.0,2.9,2.6,153.0,134.0,3.4,,,,,3.0,,435.0,0.05,,,0.0,17.0,,"Bahan utama ketupat, tahu goreng, bihun dan tauge yang diseduh, saus kacang","TKPI (panganku.org), per 100 g edible portion; scraped by github.com/intanypurbasari/food-nutrition"
AP061,Ketupat kandangan,Serealia,olahan,78.5,109,2.2,5.2,13.4,,0.7,,,,,,,,,,,,,,,,,Ketupat dengan kuah santan dan ayam,"TKPI (panganku.org), per 100 g edible portion; scraped by github.com/intanypurbasari/food-nutrition"
AP062,Koya,Serealia,olahan,13.2,366,4.2,4.3,77.5,0.8,0.8,153.0,222.0,7.0,,,,,0.0,,,,,,0.0,52.9,,Kue kering.  Bahan dasar terdiri dari kacang kedelai sangrai diihaluskan dan dicampur  gula halus kemudian dipanggang.,"TKPI (panganku.org), per 100 g edible portion; scraped by github.com/intanypurbasari/food-nutrition"
AP063,Koya mirasa,Serealia,olahan,7.2,370,8.0,1.0,82.2,0.4,1.6,83.0,110.0,17.0,,,,,3.0,,144.0,0.19,0.45,2.6,0.0,13.8,,,"TKPI (panganku.org), per 100 g edible portion; scraped by github.com/intanypurbasari/food-nutrition"
AP064,Koyabu,Serealia,olahan,44.2,241,3.4,4.3,47.2,,0.9,,,,,,,,,,,,,,,,,"Bahan dasar : tepung ketan putih, kelapa, dan gula merah. Dibungkus dengan daun pandan segitiga dan dikukus","TKPI (panganku.org), per 100 g edible portion; scraped by github.com/intanypurbasari/food-nutrition"
AP065,Kue ali,Serealia,olahan,12.8,440,3.8,18.5,64.5,0.3,0.4,27.0,47.0,2.5,,,,,0.0,,0.0,0.13,0.09,0.0,0.0,12.4,,Bentuk seperti donat kecil (kue cincin). Bahan dasar terdiri dari tepung beras dan gula merah,"TKPI (panganku.org), per 100 g edible portion; scraped by github.com/intanypurbasari/food-nutrition"
AP066,Kue bangen,Serealia,olahan,5.6,442,3.3,14.7,74.2,,2.2,,,,,,,,,,,,,,,,,,"TKPI (panganku.org), per 100 g edible portion; scraped by github.com/intanypurbasari/food-nutrition"
AP067,Kue gelang,Serealia,olahan,7.1,448,5.8,16.1,70.0,,1.0,,,,,,,,,,,,,,,,,"Bahan dasar terdiri dari Terigu, kacang tanah, gula jawa, santan, kuning telur, bentuk seperti donat","TKPI (panganku.org), per 100 g edible portion; scraped by github.com/intanypurbasari/food-nutrition"
AP068,Kue jahe,Serealia,olahan,3.7,425,1.6,8.8,84.6,1.2,1.3,155.0,61.0,4.0,,,,,,,0.0,0.2,,,0.0,38.1,,"Kukis dari terigu, gula merah, jahe","TKPI (panganku.org), per 100 g edible portion; scraped by github.com/intanypurbasari/food-nutrition"
AP069,Kue kelapa,Serealia,olahan,3.3,591,5.6,42.1,47.5,,1.5,32.0,180.0,1.6,33.0,443.0,0.5,1.1,,,,,,,,32.1,,"Kue kering berbahan dasar kelapa parut sangrai dicampur telur, gula halus, mentega dan terigu kemudian dipanggang","TKPI (panganku.org), per 100 g edible portion; scraped by github.com/intanypurbasari/food-nutrition"
AP070,Kue koa,Serealia,olahan,14.5,340,4.8,0.4,79.3,,1.0,,,,,,,,,,,,,,,,,,"TKPI (panganku.org), per 100 g edible portion; scraped by github.com/intanypurbasari/food-nutrition"
AP071,Kue ku temu,Serealia,olahan,46.2,214,3.5,0.2,49.6,,0.5,,,,,,,,,,,,,,,,,"Kue basah. Bahan dasar kue: tepung ketan, gula halus, dan pewarna merah. Bahan isi kue: kacang hijau kupas dan gula halus. Diolah dengan cara dikukus","TKPI (panganku.org), per 100 g edible portion; scraped by github.com/intanypurbasari/food-nutrition"
AP072,Kue lumpur,Serealia,olahan,40.1,291,3.6,11.1,44.1,,1.1,96.0,60.0,2.3,,,,,20.0,,400.0,0.24,,,,16.7,,"Bahan dasar terdiri dari Terigu, kentang,  telur, santan diolah dengan cara panggang","TKPI (panganku.org), per 100 g edible portion; scraped by github.com/intanypurbasari/food-nutrition"
AP073,Kue pelita,Serealia,olahan,71.0,141,5.3,5.5,17.6,,0.6,,,,,,,,,,,,,,,,,"Bahan dasar terdiri dari Tepung beras, nangka, santan, dan garam seperti talam","TKPI (panganku.org), per 100 g edible portion; scraped by github.com/intanypurbasari/food-nutrition"
AP074,Kue putu cangkir,Serealia,olahan,32.6,304,5.3,7.0,54.9,0.9,0.2,18.0,193.0,4.0,,,,,0.0,,0.0,0.06,,,0.0,36.4,,"Bahan dasar terdiri dari Tepung beras, kelapa, gula merah","TKPI (panganku.org), per 100 g edible portion; scraped by github.com/intanypurbasari/food-nutrition"
AP075,Kue sus,Serealia,olahan,56.6,221,7.5,10.2,24.8,,0.9,105.0,85.0,2.5,,,,,26.0,,1300.0,0.12,,,0.0,11.3,,,"TKPI (panganku.org), per 100 g edible portion; scraped by github.com/intanypurbasari/food-nutrition"
AP076,Kue timphan,Serealia,olahan,43.0,247,2.9,4.2,49.5,,0.4,16.0,107.0,1.8,95.0,56.0,1.3,0.8,,,,0.17,,,,36.9,,"Bahan dasar : tepung ketan,santan, isi angka/unti,dll. Dibungkus dengan daun pisang memanjang dan dikukus","TKPI (panganku.org), per 100 g edible portion; scraped by github.com/intanypurbasari/food-nutrition"
AP077,Laksa/Putu mayang,Serealia,olahan,73.2,121,1.7,3.4,21.1,,0.6,,,,,,,,,,,,,,,,,,"TKPI (panganku.org), per 100 g edible portion; scraped by github.com/intanypurbasari/food-nutrition"
AP078,Lapis legit,Serealia,olahan,21.3,389,6.6,15.7,55.5,0.5,0.9,16.0,136.0,1.9,,,,,41.0,,1032.0,0.26,0.09,3.0,0.0,20.6,,"Nama lainnya adalah Spekkoek. Sejenis kue berbahan dasar tepung terigu, kuning telur, gula, dan mentega atau margarin. Umumnya berwarna kuning dan coklat.","TKPI (panganku.org), per 100 g edible portion; scraped by github.com/intanypurbasari/food-nutrition"
AP079,Lupis ketan,Serealia,olahan,61.0,164,1.8,2.1,34.5,0.7,0.6,119.0,31.0,1.5,,,,,0.0,,0.0,0.09,0.0,0.2,0.0,17.2,,"Bahan dasar terdiri dari Ketan, gula jawa, kelapa","TKPI (panganku.org), per 100 g edible portion; scraped by github.com/intanypurbasari/food-nutrition"
AP080,Manan samin,Serealia,olahan,27.1,379,3.4,18.1,50.6,,0.8,,,,,,,,,,,,,,,,,Bolu ubi,"TKPI (panganku.org), per 100 g edible portion; scraped by github.com/intanypurbasari/food-nutrition"
AP081,Martabak india,Serealia,olahan,65.8,153,4.5,4.2,24.3,,1.2,14.0,108.0,2.4,240.0,112.0,0.4,0.5,,,,,,,,24.0,,"Martabak telur, kuah kari","TKPI (panganku.org), per 100 g edible portion; scraped by github.com/intanypurbasari/food-nutrition"
AP082,Martabak mesir,Serealia,olahan,40.2,278,5.1,8.6,45.0,,1.1,49.0,168.0,3.4,193.0,123.0,0.2,0.9,,,,,,,,32.9,,Martabak telur,"TKPI (panganku.org), per 100 g edible portion; scraped by github.com/intanypurbasari/food-nutrition"
AP083,Masekat,Serealia,olahan,15.6,369,2.1,7.0,74.1,4.0,0.8,17.0,52.0,0.8,141.0,12.0,0.4,0.3,155.0,,,,,,,24.8,,"Meuseukat./ seperti dodol. Bahan dasar terdiri dari gula, tepung terigu, anans, jeruk peras, mentega.","TKPI (panganku.org), per 100 g edible portion; scraped by github.com/intanypurbasari/food-nutrition"
AP084,Mie aceh rebus,Serealia,olahan,74.6,113,3.0,3.2,18.1,,1.1,22.0,44.0,1.4,191.0,36.0,0.2,0.3,0.0,0.0,,0.0,0.0,0.0,0.0,14.7,,"Sama dengan mie rebus, tapi berempah (bumbu aceh)","TKPI (panganku.org), per 100 g edible portion; scraped by github.com/intanypurbasari/food-nutrition"
AP085,Mie ayam,Serealia,olahan,78.6,102,6.2,3.9,10.5,,0.8,262.0,51.0,1.8,279.0,,,,39.0,,166.0,0.85,,0.0,0.0,8.2,,,"TKPI (panganku.org), per 100 g edible portion; scraped by github.com/intanypurbasari/food-nutrition"
AP086,Mie bakso,Serealia,olahan,74.5,114,5.3,3.0,16.4,0.1,0.8,286.0,53.0,1.9,760.0,,,,17.0,,180.0,0.16,,,0.0,10.0,,,"TKPI (panganku.org), per 100 g edible portion; scraped by github.com/intanypurbasari/food-nutrition"
AP087,Mie celon,Serealia,olahan,75.9,102,3.0,2.1,17.8,,1.2,12.0,84.0,1.4,451.0,112.0,0.1,0.5,0.0,0.0,,0.0,0.0,0.0,0.0,28.0,,,"TKPI (panganku.org), per 100 g edible portion; scraped by github.com/intanypurbasari/food-nutrition"
AP088,Mie pangsit basah,Serealia,olahan,79.2,105,5.9,4.9,9.4,,0.7,208.0,48.0,2.0,530.0,,,,25.0,,620.0,0.46,,,0.0,8.1,,Mie ayam dengan pangsit basah,"TKPI (panganku.org), per 100 g edible portion; scraped by github.com/intanypurbasari/food-nutrition"
AP089,Nasi gemuk,Serealia,olahan,61.4,192,3.8,8.8,24.4,0.7,1.6,15.0,74.0,1.0,355.0,63.0,0.2,1.4,0.0,0.0,,0.19,0.05,2.0,0.0,19.5,,Nasi berbumbu mirip nasi uduk (beras dan santan),"TKPI (panganku.org), per 100 g edible portion; scraped by github.com/intanypurbasari/food-nutrition"
AP090,Nasi gurih,Serealia,olahan,60.5,190,4.7,7.5,26.0,0.7,1.3,12.0,62.0,0.8,296.0,52.0,0.2,1.2,0.0,0.0,,0.11,0.06,2.1,0.0,13.2,,Beras yang dimasak dengan santan,"TKPI (panganku.org), per 100 g edible portion; scraped by github.com/intanypurbasari/food-nutrition"
AP091,Nasi minyak,Serealia,olahan,53.3,207,3.5,5.0,37.1,0.8,1.1,26.0,100.0,1.5,74.0,174.0,0.2,2.2,0.0,0.0,,0.14,0.07,2.6,0.0,28.6,,Palembang: Nasi dengan minyak samin. Jambi: nasi minyak dimakan dengan kuah kari,"TKPI (panganku.org), per 100 g edible portion; scraped by github.com/intanypurbasari/food-nutrition"
AP092,Nasi rames,Serealia,olahan,65.8,155,10.3,4.2,19.1,,0.6,239.0,62.0,1.8,265.0,,,,96.0,,3140.0,0.59,0.0,,,6.0,,Nasi lengkap dengan sayur dan lauknya,"TKPI (panganku.org), per 100 g edible portion; scraped by github.com/intanypurbasari/food-nutrition"
AP093,Nopia spesial,Serealia,olahan,11.5,387,5.3,7.6,74.3,0.3,1.3,903.0,133.0,4.2,,,,,,,512.0,0.17,,,0.0,25.1,,Kue kering. Bahan dasar terdiri dari Tepung terigu dibentuk bulat diisi gula merah dan dipanggang,"TKPI (panganku.org), per 100 g edible portion; scraped by github.com/intanypurbasari/food-nutrition"
AP094,Onde-onde,Serealia,olahan,27.7,336,4.0,9.8,57.9,,0.6,,,,,,,,,,,,,,,,,"Kue dari tepung ketan, tepung beras, gula pasir, garam, dibentuk bulat diisi kacang hijau, gula pasir, di lumuri biji wijen, dan digoreng","TKPI (panganku.org), per 100 g edible portion; scraped by github.com/intanypurbasari/food-nutrition"
AP095,Padamaran,Serealia,olahan,67.6,171,3.9,8.9,18.8,,0.8,,,,,,,,,,,,,,,,,"Kue basah berbahan dasar tepung beras, santan, gula merah, air daun suji, dikukus dalam daun pisang","TKPI (panganku.org), per 100 g edible portion; scraped by github.com/intanypurbasari/food-nutrition"
AP096,Pastel,Serealia,olahan,38.3,307,4.5,13.3,42.4,,1.5,296.0,53.0,2.5,,,,,0.0,,5360.0,0.15,,,0.0,11.8,,"Kue dengan kulit tepung terigu, diisi sayuran atau soun atau ayam, dan digoreng. Di Makasar dikenal dengan Jalangkote","TKPI (panganku.org), per 100 g edible portion; scraped by github.com/intanypurbasari/food-nutrition"
AP097,Pulut,Serealia,olahan,49.1,216,2.6,3.1,44.4,,0.8,6.0,70.0,3.8,100.0,22.0,0.4,1.3,0.0,0.0,,0.14,,,,26.9,,Bahan dasar terdiri dari Beras ketan putih dengan santan dimasak dengan cara dikukus,"TKPI (panganku.org), per 100 g edible portion; scraped by github.com/intanypurbasari/food-nutrition"
AP098,Pundut nasi,Serealia,olahan,77.8,104,1.9,4.1,15.1,0.4,1.1,26.0,100.0,1.5,74.0,174.0,0.0,0.0,,,,,,,,52.6,copper_mg_zero_may_be_missing; zinc_mg_zero_may_be_missing,"Nasi yang dimasak dengan santan dan kelapa parut, sedikit gula pasir","TKPI (panganku.org), per 100 g edible portion; scraped by github.com/intanypurbasari/food-nutrition"
AP099,Putri hijau,Serealia,olahan,54.8,189,5.4,2.1,37.2,,0.5,,,,,,,,,,,,,,,,,"Kue basah. Bahan dasar terdiri dari beras ketan putih, santan. Bahan lapisan: telur, gula pasir dan santan. Dikukus","TKPI (panganku.org), per 100 g edible portion; scraped by github.com/intanypurbasari/food-nutrition"
AP100,Putri selat,Serealia,olahan,66.6,163,2.2,6.5,23.8,,0.9,72.0,3.0,4.0,6.0,68.0,,,0.0,0.0,,,,,,1.4,,"Kue berbahan dasar tepung beras dan sagu, santan, gula pasir, dikukus seperti kue lapis/talam dengan tampilan berwarna-warni","TKPI (panganku.org), per 100 g edible portion; scraped by github.com/intanypurbasari/food-nutrition"
AP101,Putu sopa,Serealia,olahan,50.7,215,3.3,4.1,41.1,,0.8,,,,,,,,,,,,,,,,,"(Putu soppa). Bahan dasar terdiri dari Beras ketan, tepung beras diolah dengan cara dikukus dan  diberi kelapa parut","TKPI (panganku.org), per 100 g edible portion; scraped by github.com/intanypurbasari/food-nutrition"
AP102,Renggi goreng,Serealia,olahan,8.8,471,4.7,21.8,64.1,6.4,0.6,4.0,80.0,1.1,126.0,29.0,0.9,1.3,0.0,0.0,0.0,0.53,0.05,8.2,0.0,17.0,,"Kerupuk ketan. Nama lain rengginang. Bahan dasar terdiri dari nasi ketan dibentuk bulat tipis yang dikukus, lalu dijemur, dan setelah itu digoreng","TKPI (panganku.org), per 100 g edible portion; scraped by github.com/intanypurbasari/food-nutrition"
AP103,Roti boong,Serealia,olahan,34.0,341,5.5,16.2,43.3,,1.0,15.0,65.0,1.1,161.0,41.0,,0.9,,,,0.4,0.3,2.4,0.0,11.8,potassium_low_for_protein,"Kue seperti donat berbetuk bulat lonjong dengan proses digoreng berbahan dasar tepung terigu, gula pasir, telur ayam, mentega ,air soda dan ragi","TKPI (panganku.org), per 100 g edible portion; scraped by github.com/intanypurbasari/food-nutrition"
AP104,Roti warna sawo matang,Serealia,olahan,40.0,249,7.9,1.5,49.7,,0.9,20.0,140.0,2.5,500.0,91.0,,,0.0,0.0,0.0,0.15,,,0.0,17.7,,,"TKPI (panganku.org), per 100 g edible portion; scraped by github.com/intanypurbasari/food-nutrition"
AP105,Sarimuka,Serealia,olahan,61.5,166,2.3,2.8,32.9,,0.5,36.0,13.0,2.0,3.0,34.0,0.0,0.0,,,,,,,,5.7,copper_mg_zero_may_be_missing; zinc_mg_zero_may_be_missing,"Kue basah. Bahan dasar terdiri dari beras ketan, gula merah, gula pasir, santan, telur ayam diolah dengan cara dikukus","TKPI (panganku.org), per 100 g edible portion; scraped by github.com/intanypurbasari/food-nutrition"
AP106,Spaghetti,Serealia,olahan,66.1,139,7.4,2.1,22.6,,2.1,109.0,53.0,4.7,,,,,42.0,,940.0,0.35,,,0.0,7.2,,Salah satu jenis pasta.  Berbentuk panjang seperti lidi berbahan dasar terigu dan air.,"TKPI (panganku.org), per 100 g edible portion; scraped by github.com/intanypurbasari/food-nutrition"
AP107,Srikaya ketan,Serealia,olahan,41.0,265,2.7,6.4,49.1,,0.8,,,,,,,,,,,,,,,,,"Nama lainnya adalah srikaya pulut. Kue kue basah terdiri dari 2 lapisan. Lapisan bawah: Beras ketan dan santan.  Lapisan atas srikaya: telur ayam, terigu, gula pasir, dan santan. Diolah dengan cara dikukus","TKPI (panganku.org), per 100 g edible portion; scraped by github.com/intanypurbasari/food-nutrition"
AP108,Sunduk lawang,Serealia,olahan,63.4,181,1.9,1.3,32.4,,1.0,,,,,,,,,,,,,,,,,"Kue basah berbahan dasar tepung beras, kanji, gula merah, santan dibungkus daun pisang. Diolah dengan cara dikukus","TKPI (panganku.org), per 100 g edible portion; scraped by github.com/intanypurbasari/food-nutrition"
AP109,Suwir-suwir,Serealia,olahan,13.4,347,0.5,0.9,84.2,0.8,1.0,42.0,40.0,4.3,,,,,1.0,,240.0,0.13,,0.9,0.0,80.0,,,"TKPI (panganku.org), per 100 g edible portion; scraped by github.com/intanypurbasari/food-nutrition"
AP110,Tipa-tipa,Serealia,olahan,11.3,355,6.2,1.2,79.8,1.3,1.5,17.0,328.0,1.6,,,,,0.0,0.0,0.0,0.26,0.04,1.5,0.0,52.9,,Seperti emping beras. Bahan dasar terdiri dari beras dari padi muda disangrai lalu ditumbuk kemudian ditambah kelapa parut dan gula putih,"TKPI (panganku.org), per 100 g edible portion; scraped by github.com/intanypurbasari/food-nutrition"
AP111,Wajit camilan,Serealia,olahan,27.1,303,6.3,2.7,63.3,6.9,0.6,61.0,302.0,5.5,,,,,0.0,,0.0,0.03,,,0.0,47.9,,"Seperti dodol. Bahan dasar terdiri dari Tepung ketan, gula merah, kelapa dibungkus kulit jagung berbentuk segitiga","TKPI (panganku.org), per 100 g edible portion; scraped by github.com/intanypurbasari/food-nutrition"
AP112,Widaran,Serealia,olahan,7.0,424,1.3,10.7,80.7,0.2,0.3,49.0,88.0,2.5,,,,,21.0,,440.0,0.13,0.2,2.2,0.0,67.7,,"Kue kering dengan rasa manis dan gurih. Bahan dasar terdiri dari  tepung ketan putih, santan, dan telur ayam.  Untuk jenis manis  ditambah gula. Diolah dengan cara digoreng","TKPI (panganku.org), per 100 g edible portion; scraped by github.com/intanypurbasari/food-nutrition"
AP113,Wingko babat,Serealia,olahan,29.7,355,3.2,15.1,51.4,2.4,0.7,47.0,63.0,1.1,,,,,0.0,,0.0,0.08,0.08,0.0,0.0,19.7,,"Kue basah berBahan dasar terdiri dari tepung ketan , gula pasir, tepung kanji, santan, parutan kelapa muda. Diolah dengan cara dipanggang","TKPI (panganku.org), per 100 g edible portion; scraped by github.com/intanypurbasari/food-nutrition"
AP114,Yangko,Serealia,olahan,37.4,254,3.0,1.1,58.1,0.8,0.4,184.0,24.0,2.6,,,,,0.0,,96.0,0.15,,0.0,0.0,8.0,,"Bahan dasar terdiri dari Tepung ketan, tepung maizena, santan, pewarna makanan. Bahan isi: kacang tanah, gula pasir. Diolah dengan cara dikukus lalu dibalut tepung gula. Berbentuk kotak dan kenyal","TKPI (panganku.org), per 100 g edible portion; scraped by github.com/intanypurbasari/food-nutrition"
BR001,"Arrowroot, segar (Arrowroot, fresh)",Umbi Berpati,mentah,73.5,102,1.0,0.2,24.1,1.7,1.2,28.0,35.0,1.7,36.0,626.6,0.2,0.8,0.0,15.0,0.0,0.06,0.1,2.3,2.0,35.0,,,"TKPI (panganku.org), per 100 g edible portion; scraped by github.com/intanypurbasari/food-nutrition"
BR002,"Batatas gembili, segar (Lesser yam, fresh)",Umbi Berpati,mentah,76.7,76,1.1,0.9,16.0,4.2,0.7,0.0,40.0,0.2,10.0,200.0,0.2,0.3,0.0,0.0,0.0,0.06,0.0,0.9,0.0,36.4,calcium_mg_zero_may_be_missing,,"TKPI (panganku.org), per 100 g edible portion; scraped by github.com/intanypurbasari/food-nutrition"
BR003,"Batatas kelapa, ubi, segar",Umbi Berpati,mentah,76.1,89,1.1,0.1,21.0,4.0,0.7,0.0,40.0,0.2,20.0,340.0,0.1,0.2,0.0,0.0,0.0,0.38,0.0,0.9,0.0,36.4,calcium_mg_zero_may_be_missing,,"TKPI (panganku.org), per 100 g edible portion; scraped by github.com/intanypurbasari/food-nutrition"
BR004,"Belitung, talas, segar (Taro, belitung, steamed)",Umbi Berpati,mentah,63.1,145,1.2,0.4,34.2,1.5,1.1,26.0,54.0,1.4,6.0,536.1,0.2,0.9,0.0,0.0,0.0,0.1,0.1,2.3,2.0,45.0,,,"TKPI (panganku.org), per 100 g edible portion; scraped by github.com/intanypurbasari/food-nutrition"
BR005,"Bengkuang, segar (Yam bean, fresh)",Umbi Berpati,mentah,85.1,59,1.4,0.2,12.8,1.0,0.5,15.0,18.0,0.6,2.0,244.3,0.1,0.3,,0.0,,0.04,0.1,0.2,20.0,12.9,,,"TKPI (panganku.org), per 100 g edible portion; scraped by github.com/intanypurbasari/food-nutrition"
BR006,"Bentul (Komba), talas, segar (Taro, bentul, fresh)",Umbi Berpati,mentah,75.8,98,1.6,0.7,20.9,0.7,1.8,44.0,66.0,1.5,,195.5,0.2,0.6,0.0,0.0,0.0,0.02,0.1,0.8,0.0,41.2,,,"TKPI (panganku.org), per 100 g edible portion; scraped by github.com/intanypurbasari/food-nutrition"
BR007,"Gadeng/Gadung, kering (Asiatic bitter yam, fresh)",Umbi Berpati,mentah,20.2,322,2.4,0.6,76.6,,0.2,39.0,22.0,2.2,5.0,2.0,0.5,0.2,0.0,0.0,0.0,0.45,0.02,1.0,0.0,9.2,,,"TKPI (panganku.org), per 100 g edible portion; scraped by github.com/intanypurbasari/food-nutrition"
BR008,"Gadung, ubi, segar (Asiatic bitter yam, fresh)",Umbi Berpati,mentah,74.4,100,0.9,0.3,23.5,2.1,0.9,79.0,66.0,0.9,8.0,687.2,0.2,0.2,0.0,0.0,0.0,0.23,0.0,0.5,2.0,73.3,,,"TKPI (panganku.org), per 100 g edible portion; scraped by github.com/intanypurbasari/food-nutrition"
BR009,"Ganyong, segar (Canna, fresh)",Umbi Berpati,mentah,79.9,77,0.6,0.2,18.4,0.8,0.9,15.0,67.0,1.0,,,,,0.0,0.0,0.0,0.1,,,9.0,111.7,,,"TKPI (panganku.org), per 100 g edible portion; scraped by github.com/intanypurbasari/food-nutrition"
BR010,"Gembili, ubi, segar (Lesser yam, fresh)",Umbi Berpati,mentah,66.4,131,1.1,0.2,31.3,1.1,1.0,14.0,56.0,0.6,10.0,200.0,0.2,0.3,0.0,0.0,0.0,0.08,0.0,0.9,4.0,50.9,,,"TKPI (panganku.org), per 100 g edible portion; scraped by github.com/intanypurbasari/food-nutrition"
BR011,"Hofa/Ubi hutan, segar",Umbi Berpati,mentah,67.9,127,1.2,0.5,29.5,3.4,0.9,30.0,8.0,0.7,3.0,4.0,0.1,0.2,0.0,0.0,0.0,0.3,0.05,0.6,0.0,6.7,,,"TKPI (panganku.org), per 100 g edible portion; scraped by github.com/intanypurbasari/food-nutrition"
BR012,"Kaburan, ubi, segar (Lesser yam, fresh)",Umbi Berpati,mentah,66.5,133,1.0,0.2,32.2,0.7,0.5,65.0,50.0,0.6,10.0,899.2,0.2,0.2,0.0,0.0,0.0,0.01,0.0,0.3,0.0,50.0,,,"TKPI (panganku.org), per 100 g edible portion; scraped by github.com/intanypurbasari/food-nutrition"
BR013,"Kentang, segar (Yam, fresh)",Umbi Berpati,mentah,83.4,62,2.1,0.2,13.5,0.5,0.8,63.0,58.0,0.7,7.0,396.0,0.4,0.3,0.0,0.0,0.0,0.09,0.1,1.0,21.0,27.6,,,"TKPI (panganku.org), per 100 g edible portion; scraped by github.com/intanypurbasari/food-nutrition"
BR014,"Kentang hitam, segar (Madagascar potato, fresh)",Umbi Berpati,mentah,64.0,142,0.9,0.4,33.7,5.4,1.0,34.0,75.0,0.2,22.0,890.3,0.9,0.6,,0.0,,0.02,0.1,2.2,38.0,83.3,,,"TKPI (panganku.org), per 100 g edible portion; scraped by github.com/intanypurbasari/food-nutrition"
BR015,"Keribang, ubi, segar",Umbi Berpati,mentah,67.0,137,1.3,1.1,29.8,0.6,0.8,45.0,56.0,0.8,10.0,885.8,0.2,0.3,0.0,0.0,0.0,0.0,0.0,0.7,0.0,43.1,,,"TKPI (panganku.org), per 100 g edible portion; scraped by github.com/intanypurbasari/food-nutrition"
BR016,"Ketela pohon/ singkong, segar (Cassava, fresh)",Umbi Berpati,mentah,61.4,154,1.0,0.3,36.8,0.9,0.5,77.0,24.0,1.1,2.0,394.0,0.3,0.4,0.0,0.0,0.0,0.06,0.1,0.5,31.0,24.0,,,"TKPI (panganku.org), per 100 g edible portion; scraped by github.com/intanypurbasari/food-nutrition"
BR017,Lepok/Ubi rumput,Umbi Berpati,mentah,55.3,181,2.8,1.2,39.8,10.7,0.9,7.0,50.0,3.1,116.0,306.0,1.6,0.9,0.0,0.0,0.0,0.28,0.05,1.5,0.0,17.9,,,"TKPI (panganku.org), per 100 g edible portion; scraped by github.com/intanypurbasari/food-nutrition"
BR018,"Sagu aren, kering (Sugar palm, dried)",Umbi Berpati,mentah,11.9,355,0.6,1.1,85.6,0.3,0.8,91.0,167.0,2.2,2.0,200.0,0.0,0.3,,,0.0,0.04,0.1,0.5,0.0,278.3,copper_mg_zero_may_be_missing,,"TKPI (panganku.org), per 100 g edible portion; scraped by github.com/intanypurbasari/food-nutrition"
BR019,"Sagu aren, segar (Sugar palm, fresh)",Umbi Berpati,mentah,42.5,231,0.6,0.2,56.6,3.2,0.1,20.0,20.0,0.1,7.0,0.0,0.1,0.1,0.0,,0.0,0.2,0.0,0.0,0.0,33.3,,,"TKPI (panganku.org), per 100 g edible portion; scraped by github.com/intanypurbasari/food-nutrition"
BR020,"Sagu kasbi segar (Cassava starch, fresh)",Umbi Berpati,mentah,42.5,230,0.6,0.2,56.5,3.0,0.2,20.0,1.0,0.3,100.0,410.0,0.1,0.2,0.0,0.0,0.0,0.1,0.0,0.0,0.0,1.7,,,"TKPI (panganku.org), per 100 g edible portion; scraped by github.com/intanypurbasari/food-nutrition"
BR021,Sagu lempeng (Sago palm),Umbi Berpati,mentah,13.5,347,0.9,0.3,85.2,4.7,0.1,30.0,30.0,0.2,11.0,0.0,0.1,0.1,0.0,0.0,,0.3,0.0,0.0,0.0,33.3,,,"TKPI (panganku.org), per 100 g edible portion; scraped by github.com/intanypurbasari/food-nutrition"
BR022,"Sagu singkong, kering (Cassava, starch, dried)",Umbi Berpati,mentah,12.0,362,0.5,0.3,86.9,,0.3,0.0,0.0,0.0,,,,,,0.0,0.0,0.0,,,0.0,,,,"TKPI (panganku.org), per 100 g edible portion; scraped by github.com/intanypurbasari/food-nutrition"
BR023,"Sente, talas, segar (Giant taro, fresh)",Umbi Berpati,mentah,14.0,353,0.7,0.2,84.7,6.6,0.4,11.0,13.0,1.5,30.0,694.6,0.6,2.2,,41.0,,0.05,0.2,2.8,5.0,18.6,,,"TKPI (panganku.org), per 100 g edible portion; scraped by github.com/intanypurbasari/food-nutrition"
BR024,"Suweg, talas, segar (Elephant yam)",Umbi Berpati,mentah,80.1,74,1.4,0.1,17.2,1.4,1.2,42.0,46.0,1.3,7.0,400.0,0.1,0.1,0.0,24.0,254.0,0.04,0.0,0.4,2.0,32.9,,,"TKPI (panganku.org), per 100 g edible portion; scraped by github.com/intanypurbasari/food-nutrition"
BR025,"Talas bogor, segar (Taro, bogor, fresh)",Umbi Berpati,mentah,72.4,108,1.4,0.4,25.0,0.9,0.8,47.0,67.0,0.7,10.0,448.0,0.2,0.7,0.0,0.0,0.0,0.06,0.07,1.0,4.0,47.9,,,"TKPI (panganku.org), per 100 g edible portion; scraped by github.com/intanypurbasari/food-nutrition"
BR026,"Talas pontianak, segar (Taro, pontianak, fresh)",Umbi Berpati,mentah,60.0,163,2.3,0.5,36.4,0.7,0.9,45.0,80.0,1.7,14.0,323.1,0.3,1.0,0.0,0.0,0.0,0.02,0.1,1.3,,34.8,,,"TKPI (panganku.org), per 100 g edible portion; scraped by github.com/intanypurbasari/food-nutrition"
BR027,"Talas viqueque, segar",Umbi Berpati,mentah,70.6,115,1.8,0.5,25.9,8.6,1.2,50.0,220.0,0.9,1.0,70.0,0.3,1.0,0.0,0.0,0.0,0.08,0.1,0.9,,122.2,,,"TKPI (panganku.org), per 100 g edible portion; scraped by github.com/intanypurbasari/food-nutrition"
BR028,"Ubi jalar, kuning, segar (Sweet potato, yellowish, fresh)",Umbi Berpati,mentah,72.6,119,0.5,0.4,25.1,4.2,1.0,30.0,40.0,0.4,3.0,1.0,0.1,0.2,0.0,794.0,4948.0,0.06,0.07,0.7,21.0,80.0,,,"TKPI (panganku.org), per 100 g edible portion; scraped by github.com/intanypurbasari/food-nutrition"
BR029,"Ubi jalar manis, segar (Cassava starch, fresh)",Umbi Berpati,mentah,78.4,83,1.5,0.2,18.8,0.6,1.1,27.0,162.0,2.1,52.0,320.7,0.1,0.3,0.0,0.0,0.0,0.02,0.0,0.4,0.0,108.0,,,"TKPI (panganku.org), per 100 g edible portion; scraped by github.com/intanypurbasari/food-nutrition"
BR030,"Ubi jalar merah, segar (Sweet potato, redish, fresh)",Umbi Berpati,mentah,61.9,151,1.6,0.3,35.4,0.7,0.6,29.0,74.0,0.7,92.0,565.6,0.3,0.5,0.0,0.0,1208.0,0.13,0.08,0.7,11.0,46.2,,,"TKPI (panganku.org), per 100 g edible portion; scraped by github.com/intanypurbasari/food-nutrition"
BR031,"Ubi jalar putih, segar (Sweet potato, whitish, fresh)",Umbi Berpati,mentah,77.8,88,0.4,0.4,20.6,4.0,0.8,30.0,10.0,0.5,2.0,4.0,0.1,0.2,0.0,13.0,264.0,0.25,0.06,0.5,36.0,25.0,,,"TKPI (panganku.org), per 100 g edible portion; scraped by github.com/intanypurbasari/food-nutrition"
BR032,Ubi jalar tinta/ kemayung,Umbi Berpati,mentah,72.5,108,0.5,0.4,25.6,4.2,1.0,30.0,40.0,0.5,1.0,1.0,0.1,0.2,0.0,13.0,0.0,0.09,0.06,0.6,24.0,80.0,,,"TKPI (panganku.org), per 100 g edible portion; scraped by github.com/intanypurbasari/food-nutrition"
BR033,"Umbi Uwi, segar",Umbi Berpati,mentah,69.7,120,2.8,0.5,82.3,2.6,0.9,9.0,42.0,1.3,12.0,412.0,0.3,0.6,,0.0,0.0,0.02,0.5,0.2,4.0,15.0,proximate_sum>105g; energy_vs_macros>25%,,"TKPI (panganku.org), per 100 g edible portion; scraped by github.com/intanypurbasari/food-nutrition"
BP001,"Batatas kelapa, ubi, bakar",Umbi Berpati,olahan,73.2,110,1.4,1.1,23.4,4.5,0.7,1.0,46.0,0.2,12.0,230.0,0.2,0.3,0.0,0.0,0.0,1.13,0.0,0.0,0.0,32.9,,,"TKPI (panganku.org), per 100 g edible portion; scraped by github.com/intanypurbasari/food-nutrition"
BP002,"Batatas kelapa, ubi, kukus",Umbi Berpati,olahan,75.7,92,1.2,0.3,21.0,4.1,1.8,0.0,42.0,0.2,10.0,209.0,0.2,0.3,0.0,0.0,0.0,0.28,0.0,0.7,0.0,35.0,calcium_mg_zero_may_be_missing,,"TKPI (panganku.org), per 100 g edible portion; scraped by github.com/intanypurbasari/food-nutrition"
BP003,"Batatas tali, ubi, rebus",Umbi Berpati,olahan,53.2,182,2.4,0.4,42.2,9.2,1.8,1.0,80.0,0.3,20.0,402.0,0.3,0.6,0.0,0.0,0.0,0.27,0.0,1.3,0.0,33.3,,,"TKPI (panganku.org), per 100 g edible portion; scraped by github.com/intanypurbasari/food-nutrition"
BP004,"Belitung, talas, kukus",Umbi Berpati,olahan,63.1,145,1.2,0.4,34.2,1.0,1.1,21.0,48.0,0.9,7.0,552.6,0.2,0.9,0.0,0.0,0.0,0.08,0.1,2.3,1.0,40.0,,,"TKPI (panganku.org), per 100 g edible portion; scraped by github.com/intanypurbasari/food-nutrition"
BP005,"Bentul, talas, kukus",Umbi Berpati,olahan,81.1,71,2.3,0.3,15.4,0.5,0.9,29.0,26.0,0.6,,201.0,0.2,0.6,0.0,0.0,0.0,0.06,0.0,0.0,21.0,11.3,,,"TKPI (panganku.org), per 100 g edible portion; scraped by github.com/intanypurbasari/food-nutrition"
BP006,"Gadung, ubi, kukus",Umbi Berpati,olahan,77.4,88,0.6,0.3,20.9,0.9,0.8,26.0,47.0,0.4,6.0,584.0,0.2,0.2,0.0,0.0,0.0,0.03,0.0,0.4,0.0,78.3,,,"TKPI (panganku.org), per 100 g edible portion; scraped by github.com/intanypurbasari/food-nutrition"
BP007,"Ganyong, rebus",Umbi Berpati,olahan,74.1,100,0.8,0.2,23.8,0.9,1.1,15.0,65.0,0.9,,,,,0.0,0.0,0.0,0.04,,,6.0,81.2,,,"TKPI (panganku.org), per 100 g edible portion; scraped by github.com/intanypurbasari/food-nutrition"
BP008,Ketela pohon/singkong kukus,Umbi Berpati,olahan,61.5,153,1.2,0.3,36.4,1.3,0.6,56.0,22.0,0.4,2.0,345.3,0.3,0.1,0.0,0.0,0.0,0.0,0.0,0.3,20.0,18.3,,,"TKPI (panganku.org), per 100 g edible portion; scraped by github.com/intanypurbasari/food-nutrition"
BP009,"Suweg, talas, kukus",Umbi Berpati,olahan,75.5,93,1.5,0.1,21.9,0.9,1.0,50.0,58.0,0.8,6.0,350.3,0.1,0.1,0.0,0.0,283.0,0.09,0.0,0.3,0.0,38.7,,,"TKPI (panganku.org), per 100 g edible portion; scraped by github.com/intanypurbasari/food-nutrition"
BP010,"Talas bogor, kukus",Umbi Berpati,olahan,69.2,120,1.5,0.3,28.2,0.7,0.8,31.0,63.0,0.7,11.0,498.0,0.2,0.6,0.0,0.0,0.0,0.05,0.6,0.8,2.0,42.0,,,"TKPI (panganku.org), per 100 g edible portion; scraped by github.com/intanypurbasari/food-nutrition"
BP011,"Ubi jalar, kuning, kukus",Umbi Berpati,olahan,74.2,100,0.7,0.3,23.8,1.0,1.0,44.0,46.0,0.4,3.0,0.8,0.1,0.2,0.0,819.0,4427.0,0.0,0.1,0.6,16.0,65.7,,,"TKPI (panganku.org), per 100 g edible portion; scraped by github.com/intanypurbasari/food-nutrition"
BP012,Ubi jalar tinta/ kemayung kukus,Umbi Berpati,olahan,58.5,165,0.9,0.2,39.8,1.1,0.6,20.0,23.0,0.8,1.0,0.9,0.1,0.2,0.0,0.0,0.0,0.02,0.1,0.5,0.0,25.6,,,"TKPI (panganku.org), per 100 g edible portion; scraped by github.com/intanypurbasari/food-nutrition"
BP013,Bagea kelapa asin,Umbi Berpati,olahan,3.5,450,3.2,13.9,78.1,,1.3,38.0,38.0,0.3,74.0,0.0,0.2,0.2,0.0,0.0,0.0,0.3,0.0,0.0,0.0,11.9,potassium_mg_zero_may_be_missing,"Kue berbahan dasar sagu, kelapa, dan garam.","TKPI (panganku.org), per 100 g edible portion; scraped by github.com/intanypurbasari/food-nutrition"
BP014,Bagea kelapa manis,Umbi Berpati,olahan,3.0,452,1.3,13.8,80.6,,1.3,38.0,39.0,0.3,75.0,0.0,0.2,0.2,0.0,0.0,0.0,0.0,0.0,0.0,0.0,30.0,potassium_mg_zero_may_be_missing,"Kue berbahan dasar sagu, kelapa, dan gula","TKPI (panganku.org), per 100 g edible portion; scraped by github.com/intanypurbasari/food-nutrition"
BP015,Bagea kenari asin,Umbi Berpati,olahan,2.8,529,3.2,29.1,63.6,,1.3,38.0,40.0,0.4,74.0,0.0,0.2,0.2,0.0,0.0,0.0,0.3,0.0,0.0,0.0,12.5,potassium_mg_zero_may_be_missing,"Kue berbahan dasar sagu, kelapa, garam,  dan kenari","TKPI (panganku.org), per 100 g edible portion; scraped by github.com/intanypurbasari/food-nutrition"
BP016,Bagea kenari manis,Umbi Berpati,olahan,3.1,523,3.2,28.2,64.2,,1.3,38.0,39.0,0.3,74.0,0.0,0.2,0.2,0.0,0.0,0.0,0.3,0.0,0.0,0.0,12.2,potassium_mg_zero_may_be_missing,"Kue berbahan dasar sagu, kelapa, gula, dan  kenari","TKPI (panganku.org), per 100 g edible portion; scraped by github.com/intanypurbasari/food-nutrition"
BP017,Bagea kw 1,Umbi Berpati,olahan,7.2,416,6.5,9.4,76.3,0.4,0.6,49.0,77.0,4.9,,,,,13.0,,312.0,0.08,,2.6,0.0,11.8,,,"TKPI (panganku.org), per 100 g edible portion; scraped by github.com/intanypurbasari/food-nutrition"
BP018,Bagea kw 2,Umbi Berpati,olahan,7.9,382,0.3,3.5,87.2,0.9,1.1,172.0,120.0,7.6,,,,,0.0,0.0,0.0,0.02,,,0.0,400.0,,,"TKPI (panganku.org), per 100 g edible portion; scraped by github.com/intanypurbasari/food-nutrition"
BP019,Beras Cerdas,Umbi Berpati,olahan,11.3,350,2.7,1.1,82.3,6.2,2.6,28.0,351.0,2.9,358.0,568.0,0.2,0.9,,0.0,0.0,0.02,0.2,0.3,0.0,130.0,,Bahan dasar terdiri dari Tepung jagung dan tepung mocaf dengan perbandingan 40 : 60,"TKPI (panganku.org), per 100 g edible portion; scraped by github.com/intanypurbasari/food-nutrition"
BP020,Beras ganyong,Umbi Berpati,olahan,9.3,364,3.4,0.7,86.3,4.7,0.5,4.0,47.0,5.0,4.0,72.2,0.2,0.6,,1.0,0.0,0.02,0.02,0.3,0.0,13.8,,Pangan tunggal terolah/ produk yang berbahan baku ganyong dan jagung,"TKPI (panganku.org), per 100 g edible portion; scraped by github.com/intanypurbasari/food-nutrition"
BP021,Beras Siger,Umbi Berpati,olahan,13.5,344,1.1,0.2,28.3,5.6,0.7,32.0,22.0,5.6,106.0,77.9,0.1,0.5,,0.0,0.0,0.02,0.1,0.2,0.0,20.0,energy_vs_macros>25%,Bahan dasar singkong,"TKPI (panganku.org), per 100 g edible portion; scraped by github.com/intanypurbasari/food-nutrition"
BP022,Biji nangka/Biji salak,Umbi Berpati,olahan,40.5,262,2.3,5.4,51.1,8.0,0.7,60.0,80.0,0.8,10.0,2.0,0.6,2.0,0.0,1667.0,,0.1,1.0,,10.0,34.8,,"Nama lain : candil. Bahan dasar : ubi, tapioka, berkuah air gula jawa dan santan","TKPI (panganku.org), per 100 g edible portion; scraped by github.com/intanypurbasari/food-nutrition"
BP023,Bubur sagu,Umbi Berpati,olahan,62.5,167,0.2,4.0,33.0,,0.3,3.0,3.0,0.1,7.0,0.0,0.1,0.1,0.0,0.0,0.0,9.0,,0.1,0.0,15.0,,"Bubur dari sagu lempang, gula merah dan santan","TKPI (panganku.org), per 100 g edible portion; scraped by github.com/intanypurbasari/food-nutrition"
BP024,Cassavastick,Umbi Berpati,olahan,5.6,460,0.8,18.7,17.2,1.6,2.7,144.0,58.0,7.5,,,,,0.0,,107.0,0.19,0.07,0.1,0.0,72.5,energy_vs_macros>25%,Singkong di potong panjang-panjang diberi garam. Diolah dengan cara digoreng,"TKPI (panganku.org), per 100 g edible portion; scraped by github.com/intanypurbasari/food-nutrition"
BP025,Ceriping getuk singkong,Umbi Berpati,olahan,7.2,462,1.2,20.7,67.7,0.6,3.2,1248.0,172.0,8.8,,,,,0.0,,152.0,0.29,0.02,0.5,0.0,143.3,,,"TKPI (panganku.org), per 100 g edible portion; scraped by github.com/intanypurbasari/food-nutrition"
BP026,Gatot,Umbi Berpati,olahan,12.8,347,1.3,0.7,83.8,5.8,1.4,78.0,44.0,17.1,28.0,242.0,0.2,0.7,,0.0,0.0,0.02,0.1,0.4,0.0,33.8,,"Bahan dasar gaplek (singkong dijemur), direndam air kapur sirih , dikukus, biasanya ditaburi parutan kelapa yang ditambah gula pasir dan serutan gula merah.","TKPI (panganku.org), per 100 g edible portion; scraped by github.com/intanypurbasari/food-nutrition"
BP027,Geblek,Umbi Berpati,olahan,52.1,195,0.4,1.7,44.4,3.6,1.4,35.0,13.0,0.6,353.0,125.0,0.3,0.3,,0.0,0.0,0.02,0.0,0.1,0.0,32.5,,Makanan ringan berbentuk angka 8. Bahan dasar tepung tapioka /pati singkong,"TKPI (panganku.org), per 100 g edible portion; scraped by github.com/intanypurbasari/food-nutrition"
BP028,Getuk goreng,Umbi Berpati,olahan,16.5,360,1.3,6.4,74.3,0.8,1.5,59.0,81.0,3.2,,,,,0.0,0.0,0.0,0.21,,0.1,0.0,62.3,,Bahan dasar terdiri dari Singkong dan dibumbui gula kelapa,"TKPI (panganku.org), per 100 g edible portion; scraped by github.com/intanypurbasari/food-nutrition"
BP029,Getuk singkong,Umbi Berpati,olahan,49.8,204,0.5,1.4,47.4,0.8,1.1,97.0,52.0,1.5,,,,,0.0,,208.0,0.08,,0.1,0.0,104.0,,Singkong rebus yang ditumbuk dicampur kelapa dan gula merah,"TKPI (panganku.org), per 100 g edible portion; scraped by github.com/intanypurbasari/food-nutrition"
BP030,Gurandil,Umbi Berpati,olahan,47.5,218,0.5,2.5,48.5,3.1,1.0,50.0,25.0,2.8,,,,,,,0.0,0.19,,,0.0,50.0,,"Bahan dasar terdiri dari  tepung tapioka dan parutan kelapa. Berbentuk lonjong kecil atau bulat kecil warna-warni, ditaburi gula pasir. Diolah dengan cara direbus","TKPI (panganku.org), per 100 g edible portion; scraped by github.com/intanypurbasari/food-nutrition"
BP031,Kabuto,Umbi Berpati,olahan,58.9,250,2.6,2.5,35.4,1.8,0.6,35.0,49.0,1.1,2.0,218.0,,,,0.0,0.0,0.1,0.1,0.6,,18.8,energy_vs_macros>25%,"Singkong dijemur (ujan-panas), sampai berwarna hitam (gatot) lalu dikukus dan setelah itu ditaburi dengan kelapa parut","TKPI (panganku.org), per 100 g edible portion; scraped by github.com/intanypurbasari/food-nutrition"
BP032,Kapurung,Umbi Berpati,olahan,79.6,41,2.0,0.3,7.8,2.0,0.6,34.0,12.0,0.3,185.0,566.0,0.1,0.3,0.0,213.0,,0.12,0.25,2.7,15.0,6.0,,"Bahan dasar terdiri dari Tepung sagu seperti papeda. Campuran ikan atau daging ayam atau udang dan aneka sayuran (bayam, kacang panjang, daun kacang, jantung)","TKPI (panganku.org), per 100 g edible portion; scraped by github.com/intanypurbasari/food-nutrition"
BP033,Kecimpring singkong goreng,Umbi Berpati,olahan,3.7,464,1.2,18.6,73.0,1.3,3.5,82.0,52.0,3.4,,,,,,,3320.0,0.34,,,0.0,43.3,,"Seperti kerupuk singkong. Singkong diparut dicampur dengan bumbu, dipipihkan, dikukus, dijemur dan digoreng","TKPI (panganku.org), per 100 g edible portion; scraped by github.com/intanypurbasari/food-nutrition"
BP034,Keremes,Umbi Berpati,olahan,6.7,475,1.6,25.2,64.4,2.1,2.1,153.0,88.0,1.0,,,,,0.0,,1000.0,0.0,,,0.0,55.0,,,"TKPI (panganku.org), per 100 g edible portion; scraped by github.com/intanypurbasari/food-nutrition"
BP035,Keripik gadung,Umbi Berpati,olahan,4.0,446,2.8,14.5,76.0,1.7,2.8,147.0,52.0,1.9,,,,,0.0,0.0,0.0,0.95,,,0.0,18.6,,,"TKPI (panganku.org), per 100 g edible portion; scraped by github.com/intanypurbasari/food-nutrition"
BP036,Keripik kentang,Umbi Berpati,olahan,7.8,448,2.7,18.8,67.1,3.8,3.6,25.0,130.0,1.2,712.0,406.0,1.1,,,15.0,,0.1,0.05,2.8,0.0,48.1,,,"TKPI (panganku.org), per 100 g edible portion; scraped by github.com/intanypurbasari/food-nutrition"
BP037,Keripik singkong,Umbi Berpati,olahan,4.2,478,0.9,20.7,72.0,2.0,2.2,189.0,101.0,1.9,,,,,0.0,0.0,0.0,0.24,,,0.0,112.2,,,"TKPI (panganku.org), per 100 g edible portion; scraped by github.com/intanypurbasari/food-nutrition"
BP038,Keripik singkong berbumbu,Umbi Berpati,olahan,2.2,481,2.2,19.7,73.6,1.6,2.3,156.0,103.0,1.6,,,,,0.0,,80.0,0.31,,,0.0,46.8,,,"TKPI (panganku.org), per 100 g edible portion; scraped by github.com/intanypurbasari/food-nutrition"
BP039,Keripik ubi,Umbi Berpati,olahan,6.0,486,0.2,23.9,67.6,14.3,2.3,68.0,92.0,0.9,52.0,2.0,0.7,2.3,0.0,920.0,,0.1,0.1,0.5,0.0,460.0,,,"TKPI (panganku.org), per 100 g edible portion; scraped by github.com/intanypurbasari/food-nutrition"
BP040,Kerupuk cumi goreng,Umbi Berpati,olahan,3.4,444,6.9,14.6,71.3,5.0,3.8,47.0,375.0,1.8,837.0,191.0,0.1,0.3,,,,0.4,0.1,1.8,0.0,54.3,,,"TKPI (panganku.org), per 100 g edible portion; scraped by github.com/intanypurbasari/food-nutrition"
BP041,Kerupuk kemplang (ikan) mentah,Umbi Berpati,olahan,14.2,325,1.8,0.4,78.5,4.5,5.1,59.0,268.0,2.3,1123.0,273.0,0.2,0.5,32.0,0.0,,0.6,0.1,2.3,0.0,148.9,,"Bahan dasar terdiri dari Tepung sagu dan ikan, di olah dengan cara dibakar","TKPI (panganku.org), per 100 g edible portion; scraped by github.com/intanypurbasari/food-nutrition"
BP042,Kerupuk kemplang goreng,Umbi Berpati,olahan,5.8,504,5.6,28.1,57.1,0.3,3.4,50.0,94.0,2.9,,,,,6.0,,280.0,0.31,,,0.0,16.8,,,"TKPI (panganku.org), per 100 g edible portion; scraped by github.com/intanypurbasari/food-nutrition"
BP043,Kerupuk kemplang panggang,Umbi Berpati,olahan,9.4,356,9.7,1.1,76.9,1.0,3.0,62.0,129.0,2.9,,,,,7.0,,280.0,0.36,,,0.0,13.3,,,"TKPI (panganku.org), per 100 g edible portion; scraped by github.com/intanypurbasari/food-nutrition"
BP044,Kerupuk mie kuning goreng,Umbi Berpati,olahan,7.2,476,0.1,21.1,71.3,4.2,0.3,57.0,36.0,4.6,,109.0,0.1,0.2,0.0,,333.0,0.22,0.0,0.9,0.0,360.0,,,"TKPI (panganku.org), per 100 g edible portion; scraped by github.com/intanypurbasari/food-nutrition"
BP045,Kerupuk udang goreng,Umbi Berpati,olahan,4.4,477,4.7,20.5,68.5,5.0,1.9,24.0,188.0,0.9,449.0,109.0,0.1,0.2,,0.0,,0.2,0.0,0.9,0.0,40.0,,,"TKPI (panganku.org), per 100 g edible portion; scraped by github.com/intanypurbasari/food-nutrition"
BP046,Kue bangket,Umbi Berpati,olahan,16.1,338,1.5,1.2,80.3,,0.9,34.0,35.0,0.3,67.0,0.0,0.2,0.2,0.0,0.0,0.0,0.3,0.0,0.0,,23.3,potassium_mg_zero_may_be_missing,"Kue kering berBahan dasar terdiri dari Tepung sagu, santan, gula merah, gula pasir, wijen, dan telur. Diolah dengan cara dipanggang","TKPI (panganku.org), per 100 g edible portion; scraped by github.com/intanypurbasari/food-nutrition"
BP047,Kue putu singkong,Umbi Berpati,olahan,44.2,217,1.2,0.5,53.2,2.4,0.9,48.0,68.0,1.5,3.0,305.0,,,,0.0,0.0,0.1,0.1,0.8,,56.7,,"Kue basah berbahan dasar telur, singkong, terigu, gula merah, kelapa parut. Diolah dengan cara dikukus","TKPI (panganku.org), per 100 g edible portion; scraped by github.com/intanypurbasari/food-nutrition"
BP048,Lanting getuk,Umbi Berpati,olahan,4.2,422,0.9,10.8,80.4,1.4,3.8,206.0,104.0,3.6,,,,,0.0,,0.0,0.43,,,0.0,115.6,,"Kue kering berbahan dasar singkong yang dikukus lalu dihaluskan dengan bumbu, dijemur dan digoreng. Biasanya berbentuk angka 8","TKPI (panganku.org), per 100 g edible portion; scraped by github.com/intanypurbasari/food-nutrition"
BP049,Mi golosor,Umbi Berpati,olahan,82.9,71,0.2,0.8,15.9,0.1,0.2,117.0,5.0,0.2,,,,,0.0,,112.0,0.05,0.02,0.0,0.0,25.0,,"Mie sagu, dibuat seperti mie goreng dengan sambal kacang","TKPI (panganku.org), per 100 g edible portion; scraped by github.com/intanypurbasari/food-nutrition"
BP050,Mie Bendo,Umbi Berpati,olahan,11.5,353,0.3,0.0,88.0,2.4,0.2,28.0,14.0,2.8,9.0,49.2,0.5,0.1,,2.0,0.0,0.02,0.0,0.1,0.0,46.7,,Mie berbahan dasar singkong dan gaplek,"TKPI (panganku.org), per 100 g edible portion; scraped by github.com/intanypurbasari/food-nutrition"
BP051,Mie Sagu,Umbi Berpati,olahan,52.8,190,0.2,0.4,46.5,1.4,0.1,8.0,7.0,0.3,10.0,2.6,0.1,0.0,,2.0,0.0,0.0,0.4,0.0,0.0,35.0,,Mie berbahan dasar sagu,"TKPI (panganku.org), per 100 g edible portion; scraped by github.com/intanypurbasari/food-nutrition"
BP052,Ongol-ongol sagu,Umbi Berpati,olahan,75.3,111,0.3,2.7,21.2,0.3,0.5,79.0,15.0,1.7,,,,,0.0,,0.0,0.06,,,0.0,50.0,,Kue basah  berbahan dasar sagu direbus dengan gula merah dan ditaburi kelapa parut kukus,"TKPI (panganku.org), per 100 g edible portion; scraped by github.com/intanypurbasari/food-nutrition"
BP053,Oyek,Umbi Berpati,olahan,12.6,351,0.9,0.9,84.9,4.3,0.7,60.0,36.0,2.1,5.0,229.0,0.1,0.5,,0.0,0.0,0.02,0.02,0.5,0.0,40.0,,Seperti beras yang berasal dari gaplek (singkong yang dijemur),"TKPI (panganku.org), per 100 g edible portion; scraped by github.com/intanypurbasari/food-nutrition"
BP054,Papeda,Umbi Berpati,olahan,84.8,61,0.2,0.1,14.9,0.5,0.1,3.0,1.0,0.2,4.0,20.0,0.1,0.1,0.0,0.0,0.0,0.06,0.0,0.0,0.0,5.0,,"Tepung sagu, dibubur","TKPI (panganku.org), per 100 g edible portion; scraped by github.com/intanypurbasari/food-nutrition"
BP055,Rasbi (Beras Ubi),Umbi Berpati,olahan,11.1,394,2.2,8.8,76.6,6.8,1.3,68.0,76.0,1.6,165.0,388.0,0.4,0.4,,0.0,0.0,0.02,0.3,1.2,0.0,34.5,,Bahan dasar ubi jalar,"TKPI (panganku.org), per 100 g edible portion; scraped by github.com/intanypurbasari/food-nutrition"
BP056,Rasi (Beras Singkong),Umbi Berpati,olahan,12.6,350,0.9,0.4,85.7,14.4,0.5,42.0,21.0,1.5,8.0,14.0,0.3,0.5,,0.0,0.0,0.02,0.02,0.4,0.0,23.3,,Bahan dasar singkong/ubi kayu,"TKPI (panganku.org), per 100 g edible portion; scraped by github.com/intanypurbasari/food-nutrition"
BP057,Sagu forno,Umbi Berpati,olahan,31.5,291,0.5,4.0,63.4,,0.6,10.0,20.0,0.8,40.0,50.0,0.1,0.2,0.0,0.0,0.0,,,,0.0,40.0,,"Kue kering. Nama lain sagu forna (nama balok cetakan) atau sagu lempeng (bentuk lempengan). Tepung sagu dihaluskan, dimasukkan ke dalam cetakan, dibakar, bagian tengah dilubangi diberi gula merah","TKPI (panganku.org), per 100 g edible portion; scraped by github.com/intanypurbasari/food-nutrition"
BP058,Sagu Lemak (Kue Sagon),Umbi Berpati,olahan,4.3,452,2.8,14.8,76.8,1.1,0.7,15.0,39.0,1.1,182.0,52.7,0.04,0.8,,1220.0,0.0,0.32,0.04,0.1,0.0,13.9,,"Bahan dasar terdiri dari Sagu, Kelapa, Telur","TKPI (panganku.org), per 100 g edible portion; scraped by github.com/intanypurbasari/food-nutrition"
BP059,Sagu manis,Umbi Berpati,olahan,32.6,287,0.5,3.9,62.4,,0.6,8.0,17.0,0.7,34.0,42.0,0.1,0.2,0.0,0.0,0.0,,,,0.0,34.0,,Sagu dipanggang + kelapa parut + gula (seperti kue bandros),"TKPI (panganku.org), per 100 g edible portion; scraped by github.com/intanypurbasari/food-nutrition"
BP060,Sagu Rendang,Umbi Berpati,olahan,8.2,364,0.1,0.2,90.5,1.9,1.0,13.0,9.0,3.9,42.0,15.1,0.1,0.1,,0.0,0.0,0.02,0.6,0.8,0.0,90.0,,Suatu produk sagu,"TKPI (panganku.org), per 100 g edible portion; scraped by github.com/intanypurbasari/food-nutrition"
BP061,Sagu sinole,Umbi Berpati,olahan,22.0,354,0.8,8.3,68.9,,0.1,10.0,30.0,0.8,30.0,11.0,0.2,0.3,0.0,0.0,0.0,,,,0.0,37.5,,"Nama lain karu-karu. Seperti dadar gulung. Sagu yang dicampur parutan kelapa, pala bubuk, kenari, dan gula aren","TKPI (panganku.org), per 100 g edible portion; scraped by github.com/intanypurbasari/food-nutrition"
BP062,Serimping talas kebumen,Umbi Berpati,olahan,4.8,478,2.5,21.2,69.2,1.7,2.3,112.0,118.0,2.3,,,,,0.0,,0.0,0.25,,,0.0,47.2,,,"TKPI (panganku.org), per 100 g edible portion; scraped by github.com/intanypurbasari/food-nutrition"
BP063,Tapai singkong,Umbi Berpati,olahan,57.4,169,1.4,0.3,40.2,2.0,0.7,21.0,34.0,0.8,,,,,0.0,0.0,0.0,0.0,,,9.0,24.3,,Fermentasi singkong,"TKPI (panganku.org), per 100 g edible portion; scraped by github.com/intanypurbasari/food-nutrition"
BP064,Tepung Arrowroot,Umbi Berpati,olahan,13.6,355,0.7,0.2,85.2,0.4,0.3,8.0,22.0,1.5,2.0,10.7,0.0,0.1,,20.0,3.0,0.09,0.0,0.0,0.0,31.4,,Tepung dari arrowroot (umbi),"TKPI (panganku.org), per 100 g edible portion; scraped by github.com/intanypurbasari/food-nutrition"
BP065,Tepung Ganyong,Umbi Berpati,olahan,13.6,353,0.8,1.7,83.6,0.7,0.3,4.0,31.0,3.3,3.0,63.5,0.1,0.3,,0.0,0.0,0.02,0.0,0.9,1.0,38.8,,Bahan dasar ganyong,"TKPI (panganku.org), per 100 g edible portion; scraped by github.com/intanypurbasari/food-nutrition"
BP066,Tepung Gaplek,Umbi Berpati,olahan,13.0,345,2.4,0.4,83.1,6.7,1.1,18.0,95.0,1.5,6.0,55.0,0.4,1.2,,1.0,0.0,0.3,0.2,0.1,0.0,39.6,,Bahan dasar dari gaplek (singkong dijemur),"TKPI (panganku.org), per 100 g edible portion; scraped by github.com/intanypurbasari/food-nutrition"
BP067,"Tepung kentang, kering",Umbi Berpati,olahan,13.0,347,0.3,0.1,85.6,0.4,1.0,20.0,30.0,0.5,51.0,156.3,0.2,0.5,,0.0,0.0,0.04,0.0,0.4,0.0,100.0,,,"TKPI (panganku.org), per 100 g edible portion; scraped by github.com/intanypurbasari/food-nutrition"
BP068,Tepung Mocaf,Umbi Berpati,olahan,11.9,350,1.2,0.6,85.0,6.0,1.3,60.0,64.0,15.8,8.0,403.0,0.1,0.6,,0.0,0.0,0.02,0.02,0.7,2.0,53.3,,Bahan dasar dari singkong,"TKPI (panganku.org), per 100 g edible portion; scraped by github.com/intanypurbasari/food-nutrition"
BP069,Tepung Sente,Umbi Berpati,olahan,15.3,326,4.0,0.4,76.7,8.5,3.6,41.0,141.0,3.5,14.0,1602.0,0.4,1.4,,0.0,0.0,0.02,0.2,7.7,0.0,35.2,,Bahan dasar dari talas,"TKPI (panganku.org), per 100 g edible portion; scraped by github.com/intanypurbasari/food-nutrition"
BP070,Tepung singkong/ Tapioka,Umbi Berpati,olahan,9.1,363,1.1,0.5,88.2,0.9,1.1,84.0,125.0,1.0,1.0,7.1,0.0,0.1,,0.0,,0.04,0.0,0.4,0.0,113.6,copper_mg_zero_may_be_missing,,"TKPI (panganku.org), per 100 g edible portion; scraped by github.com/intanypurbasari/food-nutrition"
BP071,Tepung Tales Beneng,Umbi Berpati,olahan,12.2,332,5.7,0.6,76.1,12.2,5.5,59.0,302.0,10.7,7.0,1404.0,0.8,6.2,,0.0,0.0,0.02,0.1,0.3,0.0,53.0,,Bahan dasar dari gaplek (singkong dijemur)/ talas beneng,"TKPI (panganku.org), per 100 g edible portion; scraped by github.com/intanypurbasari/food-nutrition"
BP072,Tepung Ubi Ungu,Umbi Berpati,olahan,9.4,354,2.8,0.6,84.4,12.9,2.8,89.0,125.0,3.9,42.0,940.0,0.8,0.6,,0.0,0.0,0.4,0.02,0.0,0.0,44.6,,Bahan dasar ubi jalar ungu,"TKPI (panganku.org), per 100 g edible portion; scraped by github.com/intanypurbasari/food-nutrition"
BP073,Tiwul,Umbi Berpati,olahan,11.2,353,2.4,1.1,83.4,6.5,1.6,55.0,95.0,4.7,5.0,670.0,0.2,0.8,,0.0,0.0,0.02,0.02,0.1,3.0,39.6,,Berbahan dasar dari gaplek (singkong dijemur) ditambah tepung kacang hijau dan gula merah,"TKPI (panganku.org), per 100 g edible portion; scraped by github.com/intanypurbasari/food-nutrition"
BP074,Tiwul Instan,Umbi Berpati,olahan,9.1,395,3.2,8.5,76.5,4.2,2.7,81.0,81.0,5.8,377.0,469.0,2.1,1.2,,0.0,0.0,0.4,0.2,0.2,4.0,25.3,,,"TKPI (panganku.org), per 100 g edible portion; scraped by github.com/intanypurbasari/food-nutrition"
BP075,Ubi Cilembu,Umbi Berpati,olahan,52.7,186,1.9,0.2,44.3,3.4,0.9,37.0,51.0,0.6,1.0,61.9,0.1,0.2,,26.0,0.0,0.02,0.2,0.0,0.0,26.8,,,"TKPI (panganku.org), per 100 g edible portion; scraped by github.com/intanypurbasari/food-nutrition"
BP076,Uli batatas,Umbi Berpati,olahan,66.5,150,1.1,4.0,27.4,,1.0,,23.0,0.1,6.0,112.0,0.1,0.2,0.0,0.0,0.0,0.53,0.0,1.3,0.0,20.9,,,"TKPI (panganku.org), per 100 g edible portion; scraped by github.com/intanypurbasari/food-nutrition"
CR001,"Kacang arab, kering (Chick pea, raw)",Kacang-Kacangan,mentah,11.6,330,23.8,1.4,60.2,17.4,3.0,57.0,388.0,4.7,24.0,874.3,0.85,3.4,,40.0,140.0,0.77,0.21,1.5,2.0,16.3,,,"TKPI (panganku.org), per 100 g edible portion; scraped by github.com/intanypurbasari/food-nutrition"
CR002,"Kacang babi, kering (Broad bean, raw)",Kacang-Kacangan,mentah,11.6,341,30.4,3.2,51.3,4.5,3.5,178.0,521.0,6.8,13.0,1768.0,0.82,3.1,,,87.0,0.23,0.33,2.8,,17.1,,,"TKPI (panganku.org), per 100 g edible portion; scraped by github.com/intanypurbasari/food-nutrition"
CR003,"Kacang belimbing (kecipir), kering (Winged bean, seed, raw)",Kacang-Kacangan,mentah,10.4,400,34.4,16.9,34.1,10.7,4.2,468.0,182.0,6.8,37.0,955.0,2.82,2.0,,,,0.3,0.44,3.0,,5.3,,,"TKPI (panganku.org), per 100 g edible portion; scraped by github.com/intanypurbasari/food-nutrition"
CR004,"Kacang beracun, segar",Kacang-Kacangan,mentah,72.1,118,4.4,1.5,21.6,,0.4,50.0,50.0,1.7,10.0,40.0,0.3,1.0,,,,0.43,,,,11.4,,,"TKPI (panganku.org), per 100 g edible portion; scraped by github.com/intanypurbasari/food-nutrition"
CR005,"Kacang bogor, kering (Bambara groundnut, dried)",Kacang-Kacangan,mentah,10.0,370,16.0,6.0,65.0,26.3,3.0,85.0,264.0,4.2,44.0,868.8,1.48,2.7,0.0,,,0.18,0.26,6.2,0.0,16.5,,,"TKPI (panganku.org), per 100 g edible portion; scraped by github.com/intanypurbasari/food-nutrition"
CR006,"Kacang bogor, segar (Bambara groundnut, fresh)",Kacang-Kacangan,mentah,60.8,165,7.7,3.1,27.4,2.5,1.0,96.0,126.0,5.3,6.0,537.0,0.41,1.2,,29.0,,0.32,0.35,2.7,,16.4,,,"TKPI (panganku.org), per 100 g edible portion; scraped by github.com/intanypurbasari/food-nutrition"
CR007,"Kacang endel, biji, kering",Kacang-Kacangan,mentah,14.0,331,25.0,1.0,58.0,23.6,2.0,80.0,400.0,5.0,12.0,1322.0,0.68,2.7,0.0,,,0.3,0.75,2.3,,16.0,,,"TKPI (panganku.org), per 100 g edible portion; scraped by github.com/intanypurbasari/food-nutrition"
CR008,"Kacang ercis, segar (Pea)",Kacang-Kacangan,mentah,67.6,129,12.4,0.7,18.3,28.6,1.0,40.0,130.0,2.3,4.0,310.0,0.3,2.1,,212.0,,0.29,0.05,2.7,,10.5,,,"TKPI (panganku.org), per 100 g edible portion; scraped by github.com/intanypurbasari/food-nutrition"
CR009,"kacang galing, segar",Kacang-Kacangan,mentah,12.0,336,23.1,1.7,59.5,,3.8,80.0,400.0,5.0,,,,,0.0,,,0.6,,,0.0,17.3,,,"TKPI (panganku.org), per 100 g edible portion; scraped by github.com/intanypurbasari/food-nutrition"
CR010,"Kacang gude, biji, kering (Pigeon pea, fresh)",Kacang-Kacangan,mentah,16.1,316,20.7,1.0,58.0,4.6,4.2,146.0,445.0,4.7,16.0,1306.0,0.99,2.7,,19.0,,0.3,0.19,2.4,,21.5,,,"TKPI (panganku.org), per 100 g edible portion; scraped by github.com/intanypurbasari/food-nutrition"
CR011,"Kacang gude, biji, segar (Pigeon pea, raw)",Kacang-Kacangan,mentah,70.3,114,7.0,0.6,20.8,4.4,2.3,3.0,122.0,1.5,4.0,480.5,0.12,0.9,,,70.0,0.37,0.07,0.8,43.0,17.4,,,"TKPI (panganku.org), per 100 g edible portion; scraped by github.com/intanypurbasari/food-nutrition"
CR012,"Kacang hijau var. bakti, kering (Mung bean, raw)",Kacang-Kacangan,mentah,7.4,350,17.1,1.8,70.7,5.7,3.1,94.0,315.0,4.9,46.0,893.9,1.52,3.1,,171.0,235.0,0.4,0.27,2.6,11.0,18.4,,,"TKPI (panganku.org), per 100 g edible portion; scraped by github.com/intanypurbasari/food-nutrition"
CR013,"Kacang hijau var. siwalik, kering (Mung bean, raw)",Kacang-Kacangan,mentah,8.8,339,20.8,2.1,64.6,7.4,3.7,122.0,136.0,4.9,45.0,880.4,1.5,3.1,,168.0,321.0,0.45,0.27,2.6,,6.5,,,"TKPI (panganku.org), per 100 g edible portion; scraped by github.com/intanypurbasari/food-nutrition"
CR014,"Kacang hijau, kering (Mung bean, raw)",Kacang-Kacangan,mentah,15.5,323,22.9,1.5,56.8,7.5,3.3,223.0,319.0,7.5,42.0,815.7,1.9,2.9,,156.0,223.0,0.46,0.15,1.5,10.0,13.9,,,"TKPI (panganku.org), per 100 g edible portion; scraped by github.com/intanypurbasari/food-nutrition"
CR015,"Kacang hitam, kering (Black turtle bean, raw)",Kacang-Kacangan,mentah,12.5,346,16.6,1.7,66.1,22.8,3.1,70.0,300.0,4.7,3.0,0.0,0.9,3.5,,28.0,,0.16,0.1,2.1,,18.1,potassium_mg_zero_may_be_missing,,"TKPI (panganku.org), per 100 g edible portion; scraped by github.com/intanypurbasari/food-nutrition"
CR016,"Kacang kapri, segar (Pea)",Kacang-Kacangan,mentah,74.3,98,6.7,0.4,17.7,6.2,0.9,22.0,122.0,1.9,6.0,296.6,0.21,1.5,,,680.0,0.34,0.16,2.5,26.0,18.2,,,"TKPI (panganku.org), per 100 g edible portion; scraped by github.com/intanypurbasari/food-nutrition"
CR017,"Kacang kedelai, kering (Soya bean, dried)",Kacang-Kacangan,mentah,12.7,381,40.4,16.7,24.9,3.2,5.5,222.0,682.0,10.0,210.0,713.4,1.58,3.9,,237.0,31.0,0.52,0.12,1.2,,16.9,,,"TKPI (panganku.org), per 100 g edible portion; scraped by github.com/intanypurbasari/food-nutrition"
CR018,"Kacang kedelai, segar (Soya bean, fresh)",Kacang-Kacangan,mentah,20.0,286,30.2,15.6,30.1,2.9,4.1,196.0,506.0,6.9,28.0,870.9,1.24,3.6,,,95.0,0.93,0.26,1.8,,16.8,energy_vs_macros>25%,,"TKPI (panganku.org), per 100 g edible portion; scraped by github.com/intanypurbasari/food-nutrition"
CR019,"Kacang kincai, kering",Kacang-Kacangan,mentah,4.2,444,19.9,16.0,55.0,,4.9,26.0,,,,,,,,,,0.1,0.1,1.9,,,,,"TKPI (panganku.org), per 100 g edible portion; scraped by github.com/intanypurbasari/food-nutrition"
CR020,"Kacang komak, segar (Hyacinth bean, fresh)",Kacang-Kacangan,mentah,20.9,327,16.4,4.3,55.8,0.5,2.6,74.0,282.0,4.0,22.0,1137.0,0.9,2.1,,,,0.99,0.12,0.1,,17.2,,,"TKPI (panganku.org), per 100 g edible portion; scraped by github.com/intanypurbasari/food-nutrition"
CR021,"Kacang kuning, kering (Soya bean)",Kacang-Kacangan,mentah,11.7,355,17.0,2.5,66.0,15.1,2.8,140.0,220.0,5.8,1.0,0.0,0.7,3.2,,58.0,,0.47,0.08,1.9,,12.9,potassium_mg_zero_may_be_missing,,"TKPI (panganku.org), per 100 g edible portion; scraped by github.com/intanypurbasari/food-nutrition"
CR022,"Kacang lebui /iris, kering (Pigeon pea, raw)",Kacang-Kacangan,mentah,11.8,346,16.5,1.5,66.6,37.3,3.6,144.0,368.0,3.4,17.0,1225.0,1.5,3.3,,64.0,,0.62,0.2,0.0,,22.3,,,"TKPI (panganku.org), per 100 g edible portion; scraped by github.com/intanypurbasari/food-nutrition"
CR023,"Kacang mentega, kering (Peanut butter fruit, fresh)",Kacang-Kacangan,mentah,13.7,344,16.7,2.1,64.6,13.0,2.9,110.0,300.0,6.7,1.0,10.0,0.7,2.5,,0.0,,0.21,0.07,1.2,,18.0,potassium_low_for_protein,,"TKPI (panganku.org), per 100 g edible portion; scraped by github.com/intanypurbasari/food-nutrition"
CR024,"Kacang merah /banda, kering (Kidney bean, dried)",Kacang-Kacangan,mentah,13.0,350,13.9,3.0,66.9,26.3,3.2,84.0,242.0,6.8,19.0,1127.0,0.0,42.0,,137.0,,0.15,0.76,0.3,,17.4,copper_mg_zero_may_be_missing,,"TKPI (panganku.org), per 100 g edible portion; scraped by github.com/intanypurbasari/food-nutrition"
CR025,"Kacang merah tua, kering (Dark red kidney bean, dried)",Kacang-Kacangan,mentah,12.3,280,16.7,1.6,63.2,4.6,6.2,209.0,335.0,6.4,19.0,1348.0,0.69,2.8,,,,0.1,0.08,2.0,6.0,20.1,,,"TKPI (panganku.org), per 100 g edible portion; scraped by github.com/intanypurbasari/food-nutrition"
CR026,"Kacang merah, kering (Kidney bean, kering)",Kacang-Kacangan,mentah,17.7,314,22.1,1.1,56.2,4.0,2.9,502.0,429.0,10.3,11.0,1265.0,0.65,2.6,,129.0,,0.4,0.72,2.2,,19.4,,,"TKPI (panganku.org), per 100 g edible portion; scraped by github.com/intanypurbasari/food-nutrition"
CR027,"Kacang merah, segar (Kidney bean, fresh)",Kacang-Kacangan,mentah,57.2,171,11.0,2.2,28.0,2.1,1.7,293.0,134.0,3.7,7.0,360.7,0.34,1.4,,0.0,10.0,0.15,0.15,1.1,,12.2,,,"TKPI (panganku.org), per 100 g edible portion; scraped by github.com/intanypurbasari/food-nutrition"
CR028,"Kacang mete/biji jambu monyet, segar (Cashew nut, mentah)",Kacang-Kacangan,mentah,4.6,616,16.3,48.4,28.7,0.9,2.0,26.0,521.0,3.8,26.0,692.0,4.7,4.1,,5.0,,0.64,0.03,0.0,,32.0,,,"TKPI (panganku.org), per 100 g edible portion; scraped by github.com/intanypurbasari/food-nutrition"
CR029,"Kacang panjang, biji, kering (Yardlong bean, seeded, dried)",Kacang-Kacangan,mentah,12.2,357,17.3,1.5,68.6,10.6,0.4,163.0,437.0,6.9,16.0,1109.0,0.35,2.8,0.0,2182.0,,0.57,0.98,7.1,2.0,25.3,,,"TKPI (panganku.org), per 100 g edible portion; scraped by github.com/intanypurbasari/food-nutrition"
CR030,"Kacang tanah sangan (Groundnut, baked)",Kacang-Kacangan,mentah,1.2,560,29.5,43.0,24.1,2.9,2.2,107.0,366.0,4.1,34.0,509.8,1.69,2.1,,0.0,,0.31,0.3,15.5,,12.4,,,"TKPI (panganku.org), per 100 g edible portion; scraped by github.com/intanypurbasari/food-nutrition"
CR031,"Kacang tanah sangan tanpa selaput (Groundnut, baked without husk)",Kacang-Kacangan,mentah,2.6,559,26.9,44.2,23.6,2.6,2.7,74.0,393.0,1.9,33.0,202.3,520.4,1.7,0.0,0.0,,0.3,29.47,8.0,0.0,14.6,copper_mg_implausibly_high; vitamin_b2_mg_implausibly_high,,"TKPI (panganku.org), per 100 g edible portion; scraped by github.com/intanypurbasari/food-nutrition"
CR032,"Kacang tanah, kering (Groundnut, dried)",Kacang-Kacangan,mentah,9.6,525,27.9,42.7,17.4,2.4,2.4,316.0,456.0,5.7,31.0,466.5,1.55,1.9,,0.0,30.0,0.44,0.27,1.4,,16.3,,,"TKPI (panganku.org), per 100 g edible portion; scraped by github.com/intanypurbasari/food-nutrition"
CR033,"Kacang tolo / tunggak, kering (Cowpea, dried)",Kacang-Kacangan,mentah,13.5,331,24.4,1.9,56.6,1.6,3.6,481.0,399.0,13.9,15.0,7.8,1.03,5.9,,65.0,,0.06,0.2,4.3,,16.4,potassium_low_for_protein,,"TKPI (panganku.org), per 100 g edible portion; scraped by github.com/intanypurbasari/food-nutrition"
CR034,"Kacang tunis, kering",Kacang-Kacangan,mentah,10.5,351,12.2,1.2,72.9,29.5,3.2,120.0,220.0,6.9,1.0,0.0,1.4,2.9,,,,0.57,0.13,2.5,,18.0,potassium_mg_zero_may_be_missing,,"TKPI (panganku.org), per 100 g edible portion; scraped by github.com/intanypurbasari/food-nutrition"
CR035,"Kacang uci, kering",Kacang-Kacangan,mentah,9.9,358,23.4,2.4,60.6,7.4,3.7,269.0,264.0,0.5,13.0,1457.0,0.35,,,20.0,,0.1,0.2,2.5,2.0,11.3,,,"TKPI (panganku.org), per 100 g edible portion; scraped by github.com/intanypurbasari/food-nutrition"
CR036,"Kacang urei, kering (Rice bean )",Kacang-Kacangan,mentah,12.8,354,12.8,1.8,69.3,26.1,3.3,220.0,220.0,5.1,1.0,0.0,0.7,3.1,,,,0.55,0.05,3.5,,17.2,potassium_mg_zero_may_be_missing,,"TKPI (panganku.org), per 100 g edible portion; scraped by github.com/intanypurbasari/food-nutrition"
CR037,"Kenari banda, kering (Walnut, banda, dried)",Kacang-Kacangan,mentah,13.0,616,13.9,56.2,13.7,,3.2,0.0,380.0,1.4,11.0,460.0,1.1,3.2,,90.0,,0.83,0.08,0.5,,27.3,calcium_mg_zero_may_be_missing,,"TKPI (panganku.org), per 100 g edible portion; scraped by github.com/intanypurbasari/food-nutrition"
CR038,"Kenari, kering (Walnut, dried)",Kacang-Kacangan,mentah,3.0,657,15.0,66.0,13.0,,3.0,92.0,691.0,7.7,3.0,505.8,0.97,3.0,0.0,,,0.42,0.09,0.5,0.0,46.1,,,"TKPI (panganku.org), per 100 g edible portion; scraped by github.com/intanypurbasari/food-nutrition"
CR039,"Komak polong, segar (Hyacinth bean)",Kacang-Kacangan,mentah,74.3,99,3.3,0.1,21.2,10.3,1.1,50.0,99.0,13.1,15.0,567.0,0.2,0.6,,5.0,,0.13,0.03,0.2,,30.0,,,"TKPI (panganku.org), per 100 g edible portion; scraped by github.com/intanypurbasari/food-nutrition"
CR040,"Koro andong, kering (Jack bean, dried)",Kacang-Kacangan,mentah,10.8,356,20.5,4.1,61.6,7.0,3.0,150.0,272.0,6.2,18.0,301.8,0.73,2.8,,0.0,,0.29,0.02,1.4,1.0,13.3,,,"TKPI (panganku.org), per 100 g edible portion; scraped by github.com/intanypurbasari/food-nutrition"
CR041,"Koro benguk, biji, kering (Hyacinth bean, seaded,dried)",Kacang-Kacangan,mentah,15.0,332,24.0,3.0,55.0,5.6,3.0,30.0,200.0,2.0,42.0,389.2,1.25,8.7,,0.0,70.0,0.3,0.12,1.7,0.0,8.3,,,"TKPI (panganku.org), per 100 g edible portion; scraped by github.com/intanypurbasari/food-nutrition"
CR042,"Koro kerupuk, biji, segar (Hyacinth bean, seeded, fresh)",Kacang-Kacangan,mentah,67.2,125,8.3,0.7,22.1,2.2,1.7,17.0,12.0,2.7,16.0,150.3,0.48,3.4,,0.0,80.0,0.11,0.04,1.1,31.0,1.4,phosphorus_low_for_protein,,"TKPI (panganku.org), per 100 g edible portion; scraped by github.com/intanypurbasari/food-nutrition"
CR043,"Koro loke, biji, segar",Kacang-Kacangan,mentah,88.6,33,2.7,0.2,7.9,3.5,0.6,60.0,40.0,2.0,2.0,38.6,0.09,0.4,,0.0,40.0,0.1,0.0,0.2,0.0,14.8,energy_vs_macros>25%,,"TKPI (panganku.org), per 100 g edible portion; scraped by github.com/intanypurbasari/food-nutrition"
CR044,"Koro roay, kering (Lima bean, dried)",Kacang-Kacangan,mentah,13.0,344,12.5,2.1,69.4,7.5,3.0,70.0,103.0,4.4,18.0,294.3,0.72,2.7,,0.0,28.0,0.11,0.21,1.4,1.0,8.2,,,"TKPI (panganku.org), per 100 g edible portion; scraped by github.com/intanypurbasari/food-nutrition"
CR045,"Koro wedus, biji, kering (Hyacinth bean)",Kacang-Kacangan,mentah,11.8,338,22.2,1.5,61.0,5.8,3.5,88.0,395.0,3.5,43.0,403.8,1.3,9.1,0.0,0.0,,0.62,0.12,1.8,0.0,17.8,,,"TKPI (panganku.org), per 100 g edible portion; scraped by github.com/intanypurbasari/food-nutrition"
CR046,"Lamtoro biji, muda, segar (White leadtree, inmature, fresh)",Kacang-Kacangan,mentah,77.4,85,5.7,0.3,15.4,10.8,1.2,180.0,53.0,2.7,35.0,485.7,0.02,1.4,,0.0,423.0,0.08,1.15,1.0,15.0,9.3,,,"TKPI (panganku.org), per 100 g edible portion; scraped by github.com/intanypurbasari/food-nutrition"
CR047,"Lamtoro biji, tua, segar (White leadtree, mature, fresh)",Kacang-Kacangan,mentah,61.4,148,10.6,0.5,26.2,17.0,1.3,155.0,59.0,2.2,28.0,628.5,0.03,2.4,,,416.0,0.23,0.49,2.8,20.0,5.6,,,"TKPI (panganku.org), per 100 g edible portion; scraped by github.com/intanypurbasari/food-nutrition"
CR048,Lamtoro var. gung tanpa kulit (White leadtree),Kacang-Kacangan,mentah,10.2,367,46.4,5.4,32.5,2.6,4.4,136.0,441.0,23.3,65.0,1462.0,0.07,5.6,,,18900.0,0.06,1.15,1.0,9.0,9.5,,,"TKPI (panganku.org), per 100 g edible portion; scraped by github.com/intanypurbasari/food-nutrition"
CR049,Lamtoro var. lokal dengan kulit (White leadtree),Kacang-Kacangan,mentah,13.5,336,23.8,1.2,59.7,15.4,1.8,867.0,321.0,1.5,134.0,1858.0,0.07,5.4,,,321.0,0.15,1.34,0.9,16.0,13.5,,,"TKPI (panganku.org), per 100 g edible portion; scraped by github.com/intanypurbasari/food-nutrition"
CR050,"Nangka, biji, segar (Jackfruit, seed, fresh)",Kacang-Kacangan,mentah,57.7,165,4.2,0.1,36.7,1.8,1.3,33.0,200.0,1.0,69.0,179.0,0.12,0.2,0.0,0.0,,0.2,0.03,1.4,10.0,47.6,,,"TKPI (panganku.org), per 100 g edible portion; scraped by github.com/intanypurbasari/food-nutrition"
CR051,"Saga merah terkupas, kering (Red sandalwood, peeled)",Kacang-Kacangan,mentah,8.1,449,30.6,25.5,31.9,3.5,3.9,1062.0,161.0,14.2,66.0,1496.0,0.07,5.7,,,107.0,0.09,1.5,10.9,7.0,5.3,,,"TKPI (panganku.org), per 100 g edible portion; scraped by github.com/intanypurbasari/food-nutrition"
CR052,"Wijen, kering (Sesame seed)",Kacang-Kacangan,mentah,5.8,568,19.3,51.1,18.1,3.6,5.8,1125.0,614.0,9.5,18.0,303.7,4.16,7.9,,15.0,,0.93,0.2,5.7,0.0,31.8,,,"TKPI (panganku.org), per 100 g edible portion; scraped by github.com/intanypurbasari/food-nutrition"
CP001,"Kacang belimbing, rebus",Kacang-Kacangan,olahan,55.6,204,16.9,8.8,17.5,4.8,1.2,230.0,180.0,3.3,43.0,1098.0,3.24,2.3,,,,0.2,0.48,0.7,,10.7,,,"TKPI (panganku.org), per 100 g edible portion; scraped by github.com/intanypurbasari/food-nutrition"
CP002,"Kacang bogor, goreng",Kacang-Kacangan,olahan,3.0,479,12.7,23.2,58.9,1.2,2.2,135.0,184.0,2.9,,,,,,,,0.25,0.45,4.1,,14.5,,,"TKPI (panganku.org), per 100 g edible portion; scraped by github.com/intanypurbasari/food-nutrition"
CP003,"Kacang bogor, rebus",Kacang-Kacangan,olahan,61.2,161,7.7,2.8,27.1,2.0,1.2,56.0,134.0,1.4,,,,,,,,0.1,,,,17.4,,,"TKPI (panganku.org), per 100 g edible portion; scraped by github.com/intanypurbasari/food-nutrition"
CP004,"Kacang gude, rebus",Kacang-Kacangan,olahan,61.5,147,9.0,0.5,27.5,3.4,1.5,50.0,175.0,2.0,14.0,1126.0,0.8,2.7,,12.0,,0.1,0.07,13.2,,19.4,,,"TKPI (panganku.org), per 100 g edible portion; scraped by github.com/intanypurbasari/food-nutrition"
CP005,"kacang hijau, rebus",Kacang-Kacangan,olahan,71.3,109,8.7,0.5,18.3,1.5,1.2,95.0,149.0,1.5,447.0,657.8,1.4,2.8,,18.0,120.0,0.12,0.04,0.4,3.0,17.1,,,"TKPI (panganku.org), per 100 g edible portion; scraped by github.com/intanypurbasari/food-nutrition"
CP006,"Kacang kedelai, goreng",Kacang-Kacangan,olahan,9.6,521,32.2,37.7,22.9,7.6,3.7,296.0,800.0,6.5,3492.0,11890.0,26.3,60.0,,,20.0,0.4,1.9,19.0,,24.8,proximate_sum>105g; potassium_mg_implausibly_high,,"TKPI (panganku.org), per 100 g edible portion; scraped by github.com/intanypurbasari/food-nutrition"
CP007,"Kacang kedelai, rebus",Kacang-Kacangan,olahan,56.8,189,20.2,8.2,12.7,1.6,2.1,91.0,270.0,3.9,181.0,615.0,1.3,3.7,,4.0,15.0,0.2,0.04,0.5,0.0,13.4,,,"TKPI (panganku.org), per 100 g edible portion; scraped by github.com/intanypurbasari/food-nutrition"
CP008,"Kacang merah kering, rebus",Kacang-Kacangan,olahan,59.6,158,10.3,0.9,28.2,2.6,1.0,160.0,149.0,3.7,6.0,311.0,0.27,1.5,,,,0.2,0.09,0.8,,14.5,,,"TKPI (panganku.org), per 100 g edible portion; scraped by github.com/intanypurbasari/food-nutrition"
CP009,"Kacang merah segar, rebus",Kacang-Kacangan,olahan,63.1,144,10.0,1.0,24.7,3.5,1.2,144.0,150.0,2.8,6.0,311.0,0.27,1.5,,0.0,,0.1,0.08,0.7,,15.0,,,"TKPI (panganku.org), per 100 g edible portion; scraped by github.com/intanypurbasari/food-nutrition"
CP010,"Kacang mete/biji jambu monyet, goreng",Kacang-Kacangan,olahan,1.0,629,20.4,56.3,19.8,1.1,2.5,502.0,493.0,8.0,13.0,641.7,4.7,5.4,,5.0,,0.37,0.22,1.8,,24.2,,,"TKPI (panganku.org), per 100 g edible portion; scraped by github.com/intanypurbasari/food-nutrition"
CP011,Kacang tanah rebus dg kulit,Kacang-Kacangan,olahan,40.2,360,13.5,31.2,12.8,,2.3,42.0,177.0,1.4,32.0,483.0,1.6,2.0,0.0,,,0.44,0.13,9.0,5.0,13.1,,,"TKPI (panganku.org), per 100 g edible portion; scraped by github.com/intanypurbasari/food-nutrition"
CP012,"Kacang tanah, goreng",Kacang-Kacangan,olahan,2.5,564,25.5,44.4,25.5,2.8,2.8,106.0,390.0,4.1,,,,,,,,0.4,,,,15.3,,,"TKPI (panganku.org), per 100 g edible portion; scraped by github.com/intanypurbasari/food-nutrition"
CP013,"Kacang tanah, rebus",Kacang-Kacangan,olahan,62.1,220,10.6,18.0,8.0,1.0,1.3,89.0,273.0,1.9,36.0,536.2,1.78,2.2,,,,0.1,,,0.0,25.8,,,"TKPI (panganku.org), per 100 g edible portion; scraped by github.com/intanypurbasari/food-nutrition"
CP014,"Kacang tolo, rebus",Kacang-Kacangan,olahan,64.4,138,10.7,1.1,22.6,0.9,1.2,165.0,172.0,4.0,13.0,6.7,0.8,6.1,,,,0.01,0.17,3.2,,16.1,potassium_low_for_protein,,"TKPI (panganku.org), per 100 g edible portion; scraped by github.com/intanypurbasari/food-nutrition"
CP015,Ampas kacang hijau,Kacang-Kacangan,olahan,70.6,96,3.7,0.6,19.1,2.7,0.6,133.0,150.0,1.3,,,,,,,,0.05,,,,40.5,,,"TKPI (panganku.org), per 100 g edible portion; scraped by github.com/intanypurbasari/food-nutrition"
CP016,"Ampas tahu, mentah",Kacang-Kacangan,olahan,84.1,67,5.0,2.1,8.1,4.1,0.6,460.0,88.0,1.0,8.0,184.5,0.17,0.5,,0.0,,0.06,0.02,0.1,,17.6,,,"TKPI (panganku.org), per 100 g edible portion; scraped by github.com/intanypurbasari/food-nutrition"
CP017,Ampas tahu kukus,Kacang-Kacangan,olahan,82.5,75,4.1,2.1,10.7,5.1,0.6,203.0,60.0,1.3,,,,,,0.0,,0.07,,,,14.6,,,"TKPI (panganku.org), per 100 g edible portion; scraped by github.com/intanypurbasari/food-nutrition"
CP018,"Ampas tahu, kering",Kacang-Kacangan,olahan,9.0,414,26.6,18.3,41.3,0.0,5.8,19.0,29.0,4.0,45.0,1055.0,0.99,2.8,0.0,24.0,,0.2,0.1,0.5,0.0,1.1,phosphorus_low_for_protein,,"TKPI (panganku.org), per 100 g edible portion; scraped by github.com/intanypurbasari/food-nutrition"
CP019,Pepea oncom ampas tahu,Kacang-Kacangan,olahan,80.9,76,5.2,1.8,10.6,2.2,1.5,215.0,66.0,12.5,,,,,,,268.0,0.11,,,,12.7,,,"TKPI (panganku.org), per 100 g edible portion; scraped by github.com/intanypurbasari/food-nutrition"
CP020,Bungkil biji karet,Kacang-Kacangan,olahan,12.0,333,29.3,3.3,50.0,,29.4,102.0,660.0,12.0,,,,,0.0,,,0.1,,,0.0,22.5,proximate_sum>105g,,"TKPI (panganku.org), per 100 g edible portion; scraped by github.com/intanypurbasari/food-nutrition"
CP021,Bungkil kacang tanah,Kacang-Kacangan,olahan,14.0,336,37.4,13.0,30.5,,33.1,730.0,470.0,30.7,,,,,0.0,,,0.04,,,,12.6,proximate_sum>105g,,"TKPI (panganku.org), per 100 g edible portion; scraped by github.com/intanypurbasari/food-nutrition"
CP022,Bungkil kelapa,Kacang-Kacangan,olahan,16.0,368,23.0,15.0,40.0,,38.0,137.0,433.0,41.5,,,,,0.0,,,0.0,0.46,8.9,,18.8,proximate_sum>105g,,"TKPI (panganku.org), per 100 g edible portion; scraped by github.com/intanypurbasari/food-nutrition"
CP023,Dodol banjarmasin,Kacang-Kacangan,olahan,17.3,368,2.6,8.6,70.0,0.5,1.5,51.0,180.0,3.3,48.0,96.0,0.4,2.6,0.0,0.0,0.0,0.04,0.07,2.3,0.0,69.2,,"Nama lainnya adalah Dodol kandangan. Bahan dasar terdiri dari Gula pasir, agar-agar, susu kental manis, santan, kacang tanah","TKPI (panganku.org), per 100 g edible portion; scraped by github.com/intanypurbasari/food-nutrition"
CP024,Emping (kerupuk melinjo),Kacang-Kacangan,olahan,13.0,345,12.0,1.5,71.5,,28.0,100.0,400.0,5.0,,,,,,,,0.2,,,0.0,33.3,proximate_sum>105g,"Bahan dasar terdiri dari biji melinjo dihaluskan, dicetak, dijemur dan digoreng","TKPI (panganku.org), per 100 g edible portion; scraped by github.com/intanypurbasari/food-nutrition"
CP025,Emping komak,Kacang-Kacangan,olahan,14.2,355,17.8,4.6,60.7,,2.7,87.0,304.0,4.3,24.0,1233.0,1.0,2.3,,0.0,,,,0.6,,17.1,,Seperti emping melinjo namun berbahan dasar kacang komak. Khas lombok.,"TKPI (panganku.org), per 100 g edible portion; scraped by github.com/intanypurbasari/food-nutrition"
CP026,Enting-enting gepuk hello kity,Kacang-Kacangan,olahan,2.4,538,13.6,30.3,52.6,0.2,1.0,81.0,248.0,1.6,,,,,0.0,,202.0,1.0,,,0.0,18.2,,"Kacang tanah yang telah dipanaskan dalam cairan gula kental, digepuk di atas landasan batu. Berbentuk empat persegi panjang setebal 15 cm","TKPI (panganku.org), per 100 g edible portion; scraped by github.com/intanypurbasari/food-nutrition"
CP027,Enting-enting gepuk kacang tanah,Kacang-Kacangan,olahan,4.2,524,13.3,29.2,52.0,0.2,1.4,76.0,248.0,1.4,,,,,0.0,,272.0,0.62,,,0.0,18.6,,,"TKPI (panganku.org), per 100 g edible portion; scraped by github.com/intanypurbasari/food-nutrition"
CP028,Enting-enting wijen,Kacang-Kacangan,olahan,3.7,565,18.2,38.4,36.8,1.9,3.0,251.0,502.0,10.9,,,,,0.0,,240.0,0.92,,,0.0,27.6,,,"TKPI (panganku.org), per 100 g edible portion; scraped by github.com/intanypurbasari/food-nutrition"
CP029,Geplak,Kacang-Kacangan,olahan,29.6,350,1.4,14.4,53.6,1.8,1.0,151.0,43.0,2.1,,,,,0.0,,120.0,0.12,0.02,0.8,0.0,30.7,,Parutan kelapa kasar dengan gula pasir,"TKPI (panganku.org), per 100 g edible portion; scraped by github.com/intanypurbasari/food-nutrition"
CP030,Geplak jahe,Kacang-Kacangan,olahan,12.4,462,3.1,24.4,57.7,3.3,2.5,212.0,161.0,6.6,,,,,0.0,,272.0,0.12,0.0,0.1,0.0,51.9,,Parutan kelapa kasar dengan gula pasir dan jahe,"TKPI (panganku.org), per 100 g edible portion; scraped by github.com/intanypurbasari/food-nutrition"
CP031,Kacang atom,Kacang-Kacangan,olahan,3.1,533,27.8,38.1,28.8,2.5,2.2,87.0,423.0,3.0,,,,,,,0.0,0.06,,,0.0,15.2,,Bahan dasar terdiri dari kacang tanah kupas yang dibalur telur dan terigu kemudian digoreng,"TKPI (panganku.org), per 100 g edible portion; scraped by github.com/intanypurbasari/food-nutrition"
CP032,Kacang goyang,Kacang-Kacangan,olahan,8.3,516,14.7,31.1,44.4,,1.5,34.0,230.0,0.7,2.0,365.0,0.6,1.7,,,,,,,,15.6,,Bahan dasar terdiri dari Kacang tanah digoyang di bawah lelehan gula yang telah di beri pewarna untuk membuat kacang goyang menjadi berwarna warni.,"TKPI (panganku.org), per 100 g edible portion; scraped by github.com/intanypurbasari/food-nutrition"
CP033,Kacang negara,Kacang-Kacangan,olahan,3.1,480,18.4,19.1,58.5,11.7,0.9,34.0,404.0,10.3,1010.0,385.0,2.5,7.1,,,,0.63,0.05,2.6,,22.0,,,"TKPI (panganku.org), per 100 g edible portion; scraped by github.com/intanypurbasari/food-nutrition"
CP034,Kacang sukro,Kacang-Kacangan,olahan,4.7,484,8.8,26.1,57.7,1.8,2.7,49.0,194.0,2.5,,,,,,,0.0,0.06,,,0.0,22.0,,"Kacang atom dengan merk dagang ""sukro""","TKPI (panganku.org), per 100 g edible portion; scraped by github.com/intanypurbasari/food-nutrition"
CP035,Kacang tanah sari,Kacang-Kacangan,olahan,2.1,561,25.5,43.8,26.0,2.2,2.6,50.0,324.0,3.1,,,,,,,0.0,0.08,,,0.0,12.7,,,"TKPI (panganku.org), per 100 g edible portion; scraped by github.com/intanypurbasari/food-nutrition"
CP036,Keju kacang tanah (peanut butter),Kacang-Kacangan,olahan,3.0,590,27.0,49.0,20.9,1.6,0.1,60.0,360.0,2.0,355.0,492.4,0.57,2.7,0.0,0.0,,0.3,0.2,16.2,0.0,13.3,,Nama lainnya adalah selai kacang atau pindakaas. Bahan dasar kacang tanah yang dihaluskan dicampur dengan gula,"TKPI (panganku.org), per 100 g edible portion; scraped by github.com/intanypurbasari/food-nutrition"
CP037,Kembang tahu,Kacang-Kacangan,olahan,10.8,380,48.9,13.8,23.3,0.0,3.2,378.0,781.0,2.1,55.0,455.3,0.68,4.2,,0.0,,0.15,0.08,0.7,,16.0,,Produk sampingan proses perebusan kedelai yang diambil dari endapan yang terkumpul di permukaan air perebusan kedelai,"TKPI (panganku.org), per 100 g edible portion; scraped by github.com/intanypurbasari/food-nutrition"
CP038,Kembang tahu rebus,Kacang-Kacangan,olahan,79.8,90,10.7,4.0,4.7,,0.8,85.0,,,,,,,,,,,,,,,,,"TKPI (panganku.org), per 100 g edible portion; scraped by github.com/intanypurbasari/food-nutrition"
CP039,Keripik oncom,Kacang-Kacangan,olahan,3.0,598,8.3,43.8,42.6,3.3,2.2,85.0,153.0,27.0,,,,,,,1608.0,1.13,,,0.0,18.4,,,"TKPI (panganku.org), per 100 g edible portion; scraped by github.com/intanypurbasari/food-nutrition"
CP040,Keripik tempe,Kacang-Kacangan,olahan,3.3,581,12.1,40.6,41.7,2.2,2.3,237.0,116.0,6.9,,,,,,,320.0,0.35,,,0.0,9.6,,,"TKPI (panganku.org), per 100 g edible portion; scraped by github.com/intanypurbasari/food-nutrition"
CP041,Keripik tempe abadi besar,Kacang-Kacangan,olahan,4.5,556,15.8,37.1,39.8,3.5,2.8,112.0,215.0,5.4,,,,,,,0.0,0.63,,,0.0,13.6,,,"TKPI (panganku.org), per 100 g edible portion; scraped by github.com/intanypurbasari/food-nutrition"
CP042,Keripik tempe abadi murni,Kacang-Kacangan,olahan,3.2,542,40.3,42.4,11.6,2.2,2.7,175.0,529.0,5.2,,,,,,,50.0,0.1,,,0.0,13.1,,,"TKPI (panganku.org), per 100 g edible portion; scraped by github.com/intanypurbasari/food-nutrition"
CP043,Keripik tempe abadi sedang,Kacang-Kacangan,olahan,4.4,510,12.3,27.9,52.4,3.6,3.1,122.0,211.0,8.4,,,,,,,0.0,0.52,,,0.0,17.2,,,"TKPI (panganku.org), per 100 g edible portion; scraped by github.com/intanypurbasari/food-nutrition"
CP044,Keripik tempe abadi telur,Kacang-Kacangan,olahan,4.5,529,20.8,31.7,40.2,3.0,2.9,124.0,222.0,5.4,,,,,,,0.0,0.86,,,0.0,10.7,,,"TKPI (panganku.org), per 100 g edible portion; scraped by github.com/intanypurbasari/food-nutrition"
CP045,Kerupik tempe abadi prima,Kacang-Kacangan,olahan,4.8,540,16.7,33.9,42.0,2.2,2.6,92.0,184.0,3.2,,,,,,,1080.0,0.38,,,0.0,11.0,,,"TKPI (panganku.org), per 100 g edible portion; scraped by github.com/intanypurbasari/food-nutrition"
CP046,Kwaci,Kacang-Kacangan,olahan,9.9,515,30.6,42.1,13.8,13.6,3.7,54.0,312.0,6.2,124.0,448.6,0.65,9.7,0.0,,,0.02,0.19,0.3,0.0,10.2,,,"TKPI (panganku.org), per 100 g edible portion; scraped by github.com/intanypurbasari/food-nutrition"
CP047,Melinjo emping tebal goreng manis,Kacang-Kacangan,olahan,5.6,439,10.0,16.4,65.7,,2.3,66.0,225.0,,,,,,,,0.0,0.1,,,0.0,22.5,,,"TKPI (panganku.org), per 100 g edible portion; scraped by github.com/intanypurbasari/food-nutrition"
CP048,"Melinjo emping tebal, goreng asin",Kacang-Kacangan,olahan,8.0,431,11.1,16.2,63.0,,1.6,77.0,,,,,,,,,0.0,0.08,,,0.0,,,,"TKPI (panganku.org), per 100 g edible portion; scraped by github.com/intanypurbasari/food-nutrition"
CP049,Melinjo emping tipis goreng,Kacang-Kacangan,olahan,3.3,485,11.5,24.5,59.1,,1.5,85.0,218.0,,,,,,,,0.0,0.11,,,0.0,19.0,,,"TKPI (panganku.org), per 100 g edible portion; scraped by github.com/intanypurbasari/food-nutrition"
CP050,Moon tahu,Kacang-Kacangan,olahan,79.9,128,8.0,10.0,1.3,0.2,0.8,205.0,92.0,2.5,393.0,,,,131.0,,5300.0,0.46,,,0.0,11.5,,"Tumisan terdiri dari campuran tahu, telur, ayam, kaldu dan bahan-bahan lainnya dikentalkan dengan tepung sagu.","TKPI (panganku.org), per 100 g edible portion; scraped by github.com/intanypurbasari/food-nutrition"
CP051,Oncom,Kacang-Kacangan,olahan,57.0,187,13.0,6.0,22.6,,1.4,96.0,115.0,27.0,,,,,0.0,,,0.09,0.0,1.6,0.0,8.8,,,"TKPI (panganku.org), per 100 g edible portion; scraped by github.com/intanypurbasari/food-nutrition"
CP052,Oncom ampas kacang hijau,Kacang-Kacangan,olahan,13.4,376,14.9,6.0,65.7,12.3,1.7,199.0,110.0,10.9,,,,,,,,0.03,,,,7.4,,,"TKPI (panganku.org), per 100 g edible portion; scraped by github.com/intanypurbasari/food-nutrition"
CP053,Oncom kacang hijau + singkong,Kacang-Kacangan,olahan,16.5,351,11.0,5.3,65.9,9.0,1.3,164.0,113.0,7.8,,,,,,,,0.01,,,,10.3,,,"TKPI (panganku.org), per 100 g edible portion; scraped by github.com/intanypurbasari/food-nutrition"
CP054,Oncom kacang tanah pepes,Kacang-Kacangan,olahan,65.0,132,12.7,3.8,13.7,3.1,4.8,133.0,355.0,34.4,,,,,,,10.0,0.08,0.2,0.7,0.0,28.0,,,"TKPI (panganku.org), per 100 g edible portion; scraped by github.com/intanypurbasari/food-nutrition"
CP055,Rempeyek kacang tanah,Kacang-Kacangan,olahan,3.9,513,17.5,32.5,44.3,1.7,1.8,65.0,202.0,2.6,,,,,,,0.0,0.1,,,0.0,11.5,,Nama lainnya adalah peyek. Gorengan tipis renyah yang terdiri dari campuran  tepung beras dan kacang tanah,"TKPI (panganku.org), per 100 g edible portion; scraped by github.com/intanypurbasari/food-nutrition"
CP056,Rempeyek kacang tolo,Kacang-Kacangan,olahan,6.1,451,11.2,20.2,59.7,1.8,2.8,156.0,221.0,4.6,,,,,,,0.0,0.02,,,0.0,19.7,,Nama lainnya adalah peyek. Gorengan tipis renyah yang terdiri dari campuran  tepung beras dan kacang tolo,"TKPI (panganku.org), per 100 g edible portion; scraped by github.com/intanypurbasari/food-nutrition"
CP057,Rempeyek kacang uci,Kacang-Kacangan,olahan,4.0,497,17.0,27.6,50.8,2.4,3.4,166.0,89.0,6.7,,,,,,,0.0,0.05,,,0.0,5.2,,Nama lainnya adalah peyek. Gorengan tipis renyah  yang terdiri dari campuran  tepung beras dan kacang uci,"TKPI (panganku.org), per 100 g edible portion; scraped by github.com/intanypurbasari/food-nutrition"
CP058,Sayur lebui,Kacang-Kacangan,olahan,83.9,64,2.1,0.6,12.5,5.7,0.9,21.0,2.0,1.0,124.0,146.0,0.2,0.7,,14.0,,,0.0,0.1,,1.0,,"Bahan dasar kedelai hitam yang direbus bersama labu kuning, belimbing wuluh, tomat, cabai dan santan.","TKPI (panganku.org), per 100 g edible portion; scraped by github.com/intanypurbasari/food-nutrition"
CP059,"Saridele, bubuk",Kacang-Kacangan,olahan,3.0,344,30.0,20.0,43.0,6.2,4.0,450.0,500.0,4.0,56.0,2572.0,2.99,4.0,,0.0,2000.0,0.7,0.16,2.0,10.0,16.7,energy_vs_macros>25%,,"TKPI (panganku.org), per 100 g edible portion; scraped by github.com/intanypurbasari/food-nutrition"
CP060,Susu kedelai,Kacang-Kacangan,olahan,87.0,41,3.5,2.5,5.0,0.2,2.0,50.0,45.0,0.7,128.0,287.9,0.12,1.0,,,200.0,0.08,0.05,0.7,2.0,12.9,energy_vs_macros>25%,,"TKPI (panganku.org), per 100 g edible portion; scraped by github.com/intanypurbasari/food-nutrition"
CP061,"Tahu, mentah",Kacang-Kacangan,olahan,82.2,80,10.9,4.7,0.8,0.1,1.4,223.0,183.0,3.4,2.0,50.6,0.19,0.8,,118.0,,0.01,0.08,0.1,,16.8,,,"TKPI (panganku.org), per 100 g edible portion; scraped by github.com/intanypurbasari/food-nutrition"
CP062,Tahu goreng,Kacang-Kacangan,olahan,77.3,115,9.7,8.5,2.5,0.1,2.0,229.0,200.0,4.1,7.0,68.2,0.09,1.3,,0.0,0.0,0.01,0.24,0.0,0.0,20.6,,,"TKPI (panganku.org), per 100 g edible portion; scraped by github.com/intanypurbasari/food-nutrition"
CP063,Tahu telur,Kacang-Kacangan,olahan,41.8,328,12.6,19.9,24.6,0.4,1.1,492.0,238.0,4.9,755.0,,,,73.0,,1860.0,0.42,,,0.0,18.9,,,"TKPI (panganku.org), per 100 g edible portion; scraped by github.com/intanypurbasari/food-nutrition"
CP064,Takwa,Kacang-Kacangan,olahan,72.2,148,13.8,8.5,4.0,0.0,1.6,140.0,214.0,8.5,3.0,79.0,0.3,1.3,,,920.0,0.2,0.1,0.8,,15.5,,,"TKPI (panganku.org), per 100 g edible portion; scraped by github.com/intanypurbasari/food-nutrition"
CP065,Tauco,Kacang-Kacangan,olahan,54.0,184,11.4,5.5,22.2,1.9,6.9,72.0,463.0,6.0,1766.0,233.0,0.39,1.0,,0.0,664.0,0.32,0.2,0.8,0.0,40.6,,"Biji kedelai  yang telah direbus, dihaluskan dan diaduk dengan tepung terigu kemudian difermentasi","TKPI (panganku.org), per 100 g edible portion; scraped by github.com/intanypurbasari/food-nutrition"
CP066,"Tauco cap beruang, cake",Kacang-Kacangan,olahan,11.4,347,7.4,5.2,67.6,3.2,8.4,63.0,106.0,6.2,,,,,,,936.0,0.35,,,0.0,14.3,,,"TKPI (panganku.org), per 100 g edible portion; scraped by github.com/intanypurbasari/food-nutrition"
CP067,"Tauco cap DAS, cake",Kacang-Kacangan,olahan,10.2,358,7.5,4.3,70.4,3.1,7.6,94.0,94.0,4.5,,,,,,,504.0,0.29,,,0.0,12.5,,,"TKPI (panganku.org), per 100 g edible portion; scraped by github.com/intanypurbasari/food-nutrition"
CP068,Tauco cap meong,Kacang-Kacangan,olahan,59.7,159,7.4,4.9,21.3,1.6,6.7,183.0,84.0,10.1,1547.0,204.1,0.34,0.9,,0.0,472.0,0.46,0.18,0.7,0.0,11.4,,,"TKPI (panganku.org), per 100 g edible portion; scraped by github.com/intanypurbasari/food-nutrition"
CP069,Tauji cap singa,Kacang-Kacangan,olahan,30.4,277,9.1,4.7,49.6,1.2,6.2,68.0,106.0,3.0,,,,,,,936.0,0.15,,,0.0,11.6,,,"TKPI (panganku.org), per 100 g edible portion; scraped by github.com/intanypurbasari/food-nutrition"
CP070,Tempe bongkrek,Kacang-Kacangan,olahan,72.5,119,4.4,3.5,18.3,,146.3,27.0,100.0,2.6,,,,,0.0,,,0.08,,,0.0,22.7,proximate_sum>105g; ash_g>100g,Bahan dasar kacang kedelai dan ampas kelapa yang difermentasi,"TKPI (panganku.org), per 100 g edible portion; scraped by github.com/intanypurbasari/food-nutrition"
CP071,Tempe gembus P3G,Kacang-Kacangan,olahan,81.9,73,5.7,1.3,10.3,4.2,0.8,204.0,80.0,1.5,,,,,,,22.0,0.09,0.1,0.9,,14.0,,Bahan dasar ampas tahu difermentasi oleh kapang tempe,"TKPI (panganku.org), per 100 g edible portion; scraped by github.com/intanypurbasari/food-nutrition"
CP072,Tempe gembus yogya,Kacang-Kacangan,olahan,80.7,76,6.8,0.7,10.6,5.3,1.1,76.0,142.0,16.5,,,,,,,,0.79,0.01,0.1,,20.9,,,"TKPI (panganku.org), per 100 g edible portion; scraped by github.com/intanypurbasari/food-nutrition"
CP073,Tempe kacang babi,Kacang-Kacangan,olahan,64.0,139,12.5,0.8,21.9,1.8,1.2,68.0,182.0,2.6,,,,,,,20.0,0.1,,,,14.6,,,"TKPI (panganku.org), per 100 g edible portion; scraped by github.com/intanypurbasari/food-nutrition"
CP074,Tempe kacang belimbing,Kacang-Kacangan,olahan,58.2,212,17.5,10.0,12.9,2.9,1.4,186.0,160.0,2.2,,,,,,,,0.2,,,,9.1,,,"TKPI (panganku.org), per 100 g edible portion; scraped by github.com/intanypurbasari/food-nutrition"
CP075,Tempe kedelai + jagung,Kacang-Kacangan,olahan,70.6,143,12.0,5.5,11.4,1.9,0.6,155.0,156.0,6.8,,,,,,,1320.0,0.33,0.15,1.2,,13.0,,,"TKPI (panganku.org), per 100 g edible portion; scraped by github.com/intanypurbasari/food-nutrition"
CP076,"Tempe kedelai murni, goreng",Kacang-Kacangan,olahan,36.8,350,24.5,26.6,10.4,4.2,1.8,202.0,296.0,4.9,22.0,626.7,0.8,2.5,,,78.0,0.24,0.6,3.3,0.0,12.1,,,"TKPI (panganku.org), per 100 g edible portion; scraped by github.com/intanypurbasari/food-nutrition"
CP077,"Tempe kedelai murni, mentah",Kacang-Kacangan,olahan,55.3,201,20.8,8.8,13.5,1.4,1.6,155.0,326.0,4.0,9.0,234.0,0.57,1.7,,0.0,,0.19,0.59,4.9,,15.7,,,"TKPI (panganku.org), per 100 g edible portion; scraped by github.com/intanypurbasari/food-nutrition"
CP078,Tempe koro benguk,Kacang-Kacangan,olahan,64.0,141,10.2,1.3,23.2,,1.3,42.0,15.0,2.6,,,,,0.0,,,0.09,,,0.0,1.5,phosphorus_low_for_protein,,"TKPI (panganku.org), per 100 g edible portion; scraped by github.com/intanypurbasari/food-nutrition"
CP079,Tempe lamtoro,Kacang-Kacangan,olahan,66.8,128,10.7,0.5,21.3,7.1,0.7,203.0,108.0,0.6,,,,,,,121.0,0.17,,,2.0,10.1,,,"TKPI (panganku.org), per 100 g edible portion; scraped by github.com/intanypurbasari/food-nutrition"
CP080,Tempe lamtoro var. gung dengan kulit,Kacang-Kacangan,olahan,65.1,146,11.7,2.3,19.6,7.6,1.3,128.0,41.0,6.8,,,,,,,1370.0,0.19,,1.4,,3.5,,,"TKPI (panganku.org), per 100 g edible portion; scraped by github.com/intanypurbasari/food-nutrition"
CP081,Tempe lamtoro var. gung tanpa kulit,Kacang-Kacangan,olahan,67.1,131,18.0,0.8,13.0,1.3,1.1,95.0,154.0,12.4,,,,,,,5900.0,0.2,0.02,2.6,,8.6,,,"TKPI (panganku.org), per 100 g edible portion; scraped by github.com/intanypurbasari/food-nutrition"
CP082,Tempe pasar,Kacang-Kacangan,olahan,68.3,150,14.0,7.7,9.1,1.4,0.9,517.0,202.0,1.5,7.0,165.9,0.4,1.2,,0.0,,0.17,0.44,3.6,,14.4,,,"TKPI (panganku.org), per 100 g edible portion; scraped by github.com/intanypurbasari/food-nutrition"
CP083,Tempe pasar goreng,Kacang-Kacangan,olahan,42.9,336,20.0,28.0,7.8,3.4,1.3,156.0,350.0,3.0,20.0,566.2,0.8,2.2,,,10.0,0.1,0.5,3.0,0.0,17.5,,,"TKPI (panganku.org), per 100 g edible portion; scraped by github.com/intanypurbasari/food-nutrition"
CP084,Tepung hunkwe (pati kacang ijo),Kacang-Kacangan,olahan,10.0,364,4.5,1.0,83.5,16.1,1.0,50.0,100.0,1.0,15.0,1232.0,0.93,2.7,0.0,,,0.0,0.23,2.2,0.0,22.2,,,"TKPI (panganku.org), per 100 g edible portion; scraped by github.com/intanypurbasari/food-nutrition"
CP085,Tepung Jalejo,Kacang-Kacangan,olahan,10.0,388,19.0,7.5,61.2,5.8,2.3,101.0,663.0,2.0,3.0,712.0,0.6,1.9,,1000.0,0.0,0.02,0.7,1.6,9.0,34.9,,"Bahan dasar terdiri dari jagung, kedelai, kacang hijau. Khas Jakarta","TKPI (panganku.org), per 100 g edible portion; scraped by github.com/intanypurbasari/food-nutrition"
CP086,Tepung kacang kedelai,Kacang-Kacangan,olahan,9.0,347,35.9,20.6,29.9,5.8,4.0,195.0,544.0,8.4,52.0,2522.0,4303.0,2.6,,0.0,140.0,0.77,0.32,2.1,0.0,15.2,energy_vs_macros>25%; copper_mg_implausibly_high,,"TKPI (panganku.org), per 100 g edible portion; scraped by github.com/intanypurbasari/food-nutrition"
DR001,"Akar tonjong, segar (Lotus root, fresh)",Sayuran,mentah,86.7,45,1.1,0.4,10.8,1.2,1.0,72.0,125.0,1.3,96.0,1147.0,0.02,0.2,0.0,83.0,90.0,0.02,0.03,1.9,2.0,113.6,,,"TKPI (panganku.org), per 100 g edible portion; scraped by github.com/intanypurbasari/food-nutrition"
DR002,"Ale,toge, segar",Sayuran,mentah,90.6,37,4.4,0.5,3.8,1.7,0.7,50.0,248.0,2.0,2.0,105.0,0.16,0.4,0.0,0.0,35.0,0.02,0.09,0.6,46.0,56.4,,,"TKPI (panganku.org), per 100 g edible portion; scraped by github.com/intanypurbasari/food-nutrition"
DR003,"Andaliman, segar",Sayuran,mentah,74.2,99,4.6,1.0,18.0,8.5,2.2,383.0,107.0,2.9,,,,,0.0,,6300.0,3.0,,,15.0,23.3,,,"TKPI (panganku.org), per 100 g edible portion; scraped by github.com/intanypurbasari/food-nutrition"
DR004,"Andewi, segar (Endive, fresh)",Sayuran,mentah,91.8,226,1.6,0.2,5.3,4.1,1.1,33.0,66.0,1.0,29.0,414.6,0.13,1.0,,1717.0,,0.14,0.09,0.5,10.0,41.2,energy_vs_macros>25%,,"TKPI (panganku.org), per 100 g edible portion; scraped by github.com/intanypurbasari/food-nutrition"
DR005,"Bakung, segar (Welsh onion, fresh)",Sayuran,mentah,92.5,27,2.0,0.2,4.2,3.8,1.1,19.0,20.0,0.5,37.0,340.0,0.2,0.3,,1080.0,,0.2,0.1,0.3,42.0,10.0,,,"TKPI (panganku.org), per 100 g edible portion; scraped by github.com/intanypurbasari/food-nutrition"
DR006,"Baligo, segar (Wax gourd)",Sayuran,mentah,96.1,15,0.4,0.2,3.0,0.4,0.3,19.0,19.0,0.4,2.0,131.1,0.02,0.6,,0.0,,0.04,0.02,0.3,13.0,47.5,,,"TKPI (panganku.org), per 100 g edible portion; scraped by github.com/intanypurbasari/food-nutrition"
DR007,"Bawang bombay, segar (Onion, fresh)",Sayuran,mentah,87.5,43,1.4,0.2,10.3,2.0,0.6,32.0,44.0,0.5,12.0,9.6,0.1,0.3,,788.0,50.0,0.03,0.21,0.4,9.0,31.4,,,"TKPI (panganku.org), per 100 g edible portion; scraped by github.com/intanypurbasari/food-nutrition"
DR008,"Bayam, segar (Spinach, fresh)",Sayuran,mentah,94.5,16,0.9,0.4,2.9,0.7,1.3,166.0,76.0,3.5,16.0,456.4,0.13,0.4,,2699.0,2293.0,0.04,0.1,1.0,41.0,84.4,,,"TKPI (panganku.org), per 100 g edible portion; scraped by github.com/intanypurbasari/food-nutrition"
DR009,"Bayam merah, segar (Spinach, red, fresh)",Sayuran,mentah,88.5,41,2.2,0.8,6.3,2.2,2.2,520.0,80.0,7.0,20.0,60.0,0.2,0.8,0.0,7325.0,,0.2,0.1,0.1,62.0,36.4,,,"TKPI (panganku.org), per 100 g edible portion; scraped by github.com/intanypurbasari/food-nutrition"
DR010,"Bit, segar (Beet, fresh)",Sayuran,mentah,87.6,41,1.6,0.1,9.6,2.6,1.1,27.0,43.0,1.0,29.0,404.9,0.2,0.7,,0.0,20.0,0.02,0.05,0.3,10.0,26.9,,,"TKPI (panganku.org), per 100 g edible portion; scraped by github.com/intanypurbasari/food-nutrition"
DR011,"Buah kelor (West Indian bean, fruit)",Sayuran,mentah,89.5,38,1.5,0.2,7.5,3.2,1.3,30.0,54.0,0.0,48.0,216.0,0.0,0.2,,31.0,,0.1,0.1,4.1,25.0,36.0,iron_mg_zero_may_be_missing; copper_mg_zero_may_be_missing,,"TKPI (panganku.org), per 100 g edible portion; scraped by github.com/intanypurbasari/food-nutrition"
DR012,Buah merah (Red fruit),Sayuran,mentah,81.2,87,2.6,2.7,13.1,4.0,0.4,30.0,1.0,1.1,110.0,140.0,0.1,0.3,0.0,0.0,,1.5,0.1,0.2,15.0,0.4,,,"TKPI (panganku.org), per 100 g edible portion; scraped by github.com/intanypurbasari/food-nutrition"
DR013,"Buncis, segar (Green bean, fresh)",Sayuran,mentah,89.6,34,2.4,0.3,7.2,1.9,0.5,101.0,42.0,0.7,8.0,250.0,0.07,0.3,0.0,772.0,550.0,0.05,0.4,2.8,11.0,17.5,,,"TKPI (panganku.org), per 100 g edible portion; scraped by github.com/intanypurbasari/food-nutrition"
DR014,"Bunga pepaya, segar (Papaya, flower, fresh)",Sayuran,mentah,87.3,45,2.6,0.3,8.1,1.6,1.7,290.0,113.0,4.2,2.0,478.3,0.08,0.8,,2792.0,5.0,0.01,0.28,1.0,23.0,43.5,,,"TKPI (panganku.org), per 100 g edible portion; scraped by github.com/intanypurbasari/food-nutrition"
DR015,"Bunga turi, segar (Hummingbird tree)",Sayuran,mentah,90.4,42,2.0,1.1,6.1,3.3,0.4,28.0,23.0,0.8,29.0,97.4,0.1,0.6,,1200.0,0.0,0.5,0.02,0.4,1.0,11.5,,,"TKPI (panganku.org), per 100 g edible portion; scraped by github.com/intanypurbasari/food-nutrition"
DR016,"Caisin, segar (Caisin, fresh)",Sayuran,mentah,93.6,20,1.7,0.4,3.4,1.2,0.9,123.0,40.0,1.9,18.0,358.2,0.05,1.4,,1675.0,4188.0,0.04,0.19,0.6,3.0,23.5,,,"TKPI (panganku.org), per 100 g edible portion; scraped by github.com/intanypurbasari/food-nutrition"
DR017,"Daun bangun-bangun, segar",Sayuran,mentah,92.5,27,1.3,0.6,4.0,1.0,1.6,279.0,40.0,13.6,4.0,144.0,,,,1489.0,13288.0,0.16,0.1,0.0,5.0,30.8,,,"TKPI (panganku.org), per 100 g edible portion; scraped by github.com/intanypurbasari/food-nutrition"
DR018,"Daun bawang merah, segar (Shallot, leaf, fresh)",Sayuran,mentah,89.1,41,2.0,0.3,7.8,2.1,0.8,60.0,40.0,2.3,30.0,90.0,0.1,0.3,0.0,218.0,,0.1,0.1,0.2,11.0,20.0,,,"TKPI (panganku.org), per 100 g edible portion; scraped by github.com/intanypurbasari/food-nutrition"
DR019,"Daun bebuas, segar",Sayuran,mentah,87.9,41,2.7,1.0,7.3,2.1,1.1,29.0,245.0,1.5,,,,,0.0,,3099.0,0.01,,,3.0,90.7,,,"TKPI (panganku.org), per 100 g edible portion; scraped by github.com/intanypurbasari/food-nutrition"
DR020,"Daun belem, segar",Sayuran,mentah,84.6,50,4.4,1.4,7.8,1.9,1.8,698.0,151.0,7.5,,,,,0.0,,13072.0,0.05,,,21.0,34.3,,,"TKPI (panganku.org), per 100 g edible portion; scraped by github.com/intanypurbasari/food-nutrition"
DR021,"Daun bluntas, segar",Sayuran,mentah,86.0,44,1.8,0.5,9.4,,2.3,256.0,49.0,5.6,,,,,,,3980.0,0.02,,,30.0,27.2,,,"TKPI (panganku.org), per 100 g edible portion; scraped by github.com/intanypurbasari/food-nutrition"
DR022,"Daun gandaria, segar (Gandaria, leaf, fresh)",Sayuran,mentah,81.0,63,3.1,0.3,14.0,2.1,1.6,40.0,45.0,4.7,3.0,127.7,,,,503.0,600.0,0.04,0.04,0.2,61.0,14.5,,,"TKPI (panganku.org), per 100 g edible portion; scraped by github.com/intanypurbasari/food-nutrition"
DR023,"Daun gedi besar, segar (Aibika, sunset hibiscus, big, fresh)",Sayuran,mentah,84.0,58,2.9,0.7,10.0,3.3,2.4,440.0,100.0,1.9,30.0,40.0,0.2,2.1,,596.0,,0.4,0.5,2.8,11.0,34.5,,,"TKPI (panganku.org), per 100 g edible portion; scraped by github.com/intanypurbasari/food-nutrition"
DR024,"Daun gedi kecil, segar (Aibika, sunset hibiscus, small, fresh)",Sayuran,mentah,83.7,61,3.2,0.7,10.4,3.4,2.0,420.0,70.0,1.7,20.0,50.0,0.1,1.4,,607.0,,0.4,0.3,2.9,11.0,21.9,,,"TKPI (panganku.org), per 100 g edible portion; scraped by github.com/intanypurbasari/food-nutrition"
DR025,"Daun gelang, segar (Purslane, leaf, fresh)",Sayuran,mentah,90.3,30,1.3,0.7,5.8,1.3,1.9,350.0,210.0,11.9,5.0,333.3,0.31,1.2,0.0,4701.0,1954.0,0.01,0.14,0.7,1.0,161.5,,,"TKPI (panganku.org), per 100 g edible portion; scraped by github.com/intanypurbasari/food-nutrition"
DR026,"Daun gunda bali, segar",Sayuran,mentah,86.4,50,4.6,0.9,7.0,1.4,1.1,167.0,62.0,0.5,,,,,0.0,,6571.0,0.05,,,20.0,13.5,,,"TKPI (panganku.org), per 100 g edible portion; scraped by github.com/intanypurbasari/food-nutrition"
DR027,"Daun gunda serang, segar",Sayuran,mentah,84.6,62,4.2,0.9,9.2,1.3,1.1,171.0,64.0,0.6,,,,,0.0,,7347.0,0.02,,,20.0,15.2,,,"TKPI (panganku.org), per 100 g edible portion; scraped by github.com/intanypurbasari/food-nutrition"
DR028,"Daun jambu mete muda, segar (Cashew Leaf, young, fresh)",Sayuran,mentah,78.0,78,4.6,0.5,16.2,3.0,0.7,33.0,64.0,8.9,14.0,670.5,,,,4484.0,2689.0,0.02,1.12,1.1,65.0,13.9,,,"TKPI (panganku.org), per 100 g edible portion; scraped by github.com/intanypurbasari/food-nutrition"
DR029,"Daun jampang, segar",Sayuran,mentah,88.9,34,3.8,0.5,5.3,1.4,1.5,21.0,245.0,1.0,,,,,0.0,,4357.0,0.03,,,3.0,64.5,,,"TKPI (panganku.org), per 100 g edible portion; scraped by github.com/intanypurbasari/food-nutrition"
DR030,"Daun jawaw seluang, segar",Sayuran,mentah,77.2,93,5.0,1.3,15.3,3.9,1.2,146.0,103.0,5.3,2.0,434.0,0.5,1.5,,,,0.1,0.7,,9.0,20.6,,,"TKPI (panganku.org), per 100 g edible portion; scraped by github.com/intanypurbasari/food-nutrition"
DR031,"Daun jonghe, segar (Sow thistle, fresh)",Sayuran,mentah,91.4,27,2.1,0.7,4.4,2.0,1.4,253.0,192.0,9.5,,,,,0.0,,5057.0,0.01,,,1.0,91.4,,,"TKPI (panganku.org), per 100 g edible portion; scraped by github.com/intanypurbasari/food-nutrition"
DR032,"Daun kacang ma, segar",Sayuran,mentah,89.1,36,2.9,0.6,6.8,1.8,0.6,64.0,220.0,2.2,7.0,485.3,0.2,0.3,,2893.0,4377.0,0.04,0.18,1.2,4.0,75.9,,,"TKPI (panganku.org), per 100 g edible portion; scraped by github.com/intanypurbasari/food-nutrition"
DR033,"Daun kacang panjang, segar (Yard-long bean, leaf, fresh)",Sayuran,mentah,89.7,30,3.1,0.3,5.8,1.7,1.1,200.0,66.0,4.5,7.0,458.6,0.2,0.3,0.0,2734.0,4592.0,0.33,0.2,1.1,30.0,21.3,energy_vs_macros>25%,,"TKPI (panganku.org), per 100 g edible portion; scraped by github.com/intanypurbasari/food-nutrition"
DR034,"Daun kasbi/singkong karet, segar (Ceara rubber tree,fresh)",Sayuran,mentah,80.3,92,4.0,3.6,10.9,5.8,1.2,140.0,70.0,1.6,70.0,90.0,0.3,1.1,,9999.0,,0.1,0.2,0.1,74.0,17.5,,,"TKPI (panganku.org), per 100 g edible portion; scraped by github.com/intanypurbasari/food-nutrition"
DR035,"Daun katuk, segar (Star goose berry, leaf, fresh)",Sayuran,mentah,81.0,59,6.4,1.0,9.9,1.5,1.7,233.0,98.0,3.5,21.0,478.8,0.3,1.3,,9152.0,10020.0,0.0,0.31,2.3,164.0,15.3,energy_vs_macros>25%,,"TKPI (panganku.org), per 100 g edible portion; scraped by github.com/intanypurbasari/food-nutrition"
DR036,"Daun kecipir, segar (Winged bean, leaf, fresh)",Sayuran,mentah,85.0,52,5.0,0.5,8.5,,1.0,134.0,81.0,6.2,6.0,114.0,0.3,0.8,,3981.0,5240.0,0.28,0.4,2.2,29.0,16.2,,,"TKPI (panganku.org), per 100 g edible portion; scraped by github.com/intanypurbasari/food-nutrition"
DR037,"Daun kedondong, segar (Ambarella, leaf, fresh)",Sayuran,mentah,81.0,59,3.5,0.3,13.4,10.7,1.8,540.0,82.0,6.2,12.0,579.0,,,,1624.0,2900.0,0.06,0.2,1.5,29.0,23.4,,,"TKPI (panganku.org), per 100 g edible portion; scraped by github.com/intanypurbasari/food-nutrition"
DR038,"Daun kelor, segar (Drumstick tree, leaf, fresh)",Sayuran,mentah,75.5,92,5.1,1.6,14.3,8.2,3.5,1077.0,76.0,6.0,61.0,298.0,0.1,0.6,,3266.0,,0.3,0.1,4.2,22.0,14.9,,,"TKPI (panganku.org), per 100 g edible portion; scraped by github.com/intanypurbasari/food-nutrition"
DR039,"Daun kemang, segar (Kemang, leaf, fresh)",Sayuran,mentah,85.0,43,5.5,0.3,7.5,8.4,1.7,35.0,106.0,1.0,10.0,457.1,,,,1282.0,1017.0,0.06,0.1,1.2,30.0,19.3,energy_vs_macros>25%,,"TKPI (panganku.org), per 100 g edible portion; scraped by github.com/intanypurbasari/food-nutrition"
DR040,"Daun kenikir, segar (Cosmos, leaf, fresh)",Sayuran,mentah,87.6,45,3.7,0.5,6.6,5.8,1.7,328.0,65.0,2.7,6.0,431.0,0.1,0.6,,30200.0,12.0,0.5,0.3,4.5,0.0,17.6,,,"TKPI (panganku.org), per 100 g edible portion; scraped by github.com/intanypurbasari/food-nutrition"
DR041,"Daun kesum, segar (Garlic, leaf, fresh)",Sayuran,mentah,84.8,48,4.5,0.8,9.1,1.6,0.8,125.0,142.0,2.6,11.0,174.7,0.4,1.2,0.0,4216.0,8715.0,0.01,0.1,1.6,4.0,31.6,energy_vs_macros>25%,,"TKPI (panganku.org), per 100 g edible portion; scraped by github.com/intanypurbasari/food-nutrition"
DR042,"Daun kol sawi, segar (Indian mustard, fresh)",Sayuran,mentah,93.1,22,2.1,0.5,3.6,0.9,0.7,200.0,92.0,3.2,19.0,386.2,0.1,0.2,0.0,1806.0,2177.0,0.03,0.2,0.6,3.0,43.8,,,"TKPI (panganku.org), per 100 g edible portion; scraped by github.com/intanypurbasari/food-nutrition"
DR043,"Daun koro, segar",Sayuran,mentah,91.0,23,3.0,0.3,3.7,,2.0,134.0,81.0,6.2,4.0,68.4,0.2,0.5,,2386.0,5240.0,0.28,0.2,1.3,29.0,27.0,energy_vs_macros>25%,,"TKPI (panganku.org), per 100 g edible portion; scraped by github.com/intanypurbasari/food-nutrition"
DR044,"Daun kubis, segar (Cabbage, fresh)",Sayuran,mentah,86.2,51,2.5,1.1,8.0,3.4,2.2,100.0,50.0,3.4,50.0,100.0,0.9,0.6,,9999.0,,0.4,0.1,0.2,16.0,20.0,,,"TKPI (panganku.org), per 100 g edible portion; scraped by github.com/intanypurbasari/food-nutrition"
DR045,"Daun kumak, segar (hyacinthbean, leaf, fresh)",Sayuran,mentah,95.2,14,1.3,0.3,2.3,0.9,0.9,90.0,59.0,2.7,2.0,36.5,0.1,0.3,,1274.0,2961.0,0.01,0.0,0.5,3.0,45.4,,,"TKPI (panganku.org), per 100 g edible portion; scraped by github.com/intanypurbasari/food-nutrition"
DR046,"Daun labu siam, segar (Chayote, fresh)",Sayuran,mentah,89.7,34,4.0,0.4,4.7,3.5,1.2,58.0,70.0,2.5,16.0,630.7,0.2,0.3,,4773.0,2025.0,0.08,0.4,1.7,16.0,17.5,,,"TKPI (panganku.org), per 100 g edible portion; scraped by github.com/intanypurbasari/food-nutrition"
DR047,"Daun labu waluh/kuning, segar (Pumkin, fresh)",Sayuran,mentah,89.7,34,3.6,0.6,4.5,2.9,1.6,138.0,99.0,3.7,16.0,630.7,0.2,0.3,,1258.0,2750.0,0.14,0.2,1.3,36.0,27.5,,,"TKPI (panganku.org), per 100 g edible portion; scraped by github.com/intanypurbasari/food-nutrition"
DR048,"Daun lamtoro, segar (Leucaena, leaf, fresh)",Sayuran,mentah,74.0,87,8.3,1.8,14.4,3.3,1.5,725.0,174.0,3.9,10.0,197.7,0.5,1.4,0.0,6900.0,13040.0,0.0,0.1,2.3,32.0,21.0,,,"TKPI (panganku.org), per 100 g edible portion; scraped by github.com/intanypurbasari/food-nutrition"
DR049,"Daun leilem, segar",Sayuran,mentah,79.4,76,2.8,0.2,15.8,3.1,1.8,296.0,22.0,3.4,6.0,46.0,0.5,1.1,,753.0,,0.3,0.1,2.5,22.0,7.9,,,"TKPI (panganku.org), per 100 g edible portion; scraped by github.com/intanypurbasari/food-nutrition"
DR050,"Daun leunca, segar (Glossy nightshde, fresh)",Sayuran,mentah,85.0,49,4.7,0.5,8.1,,1.7,210.0,80.0,6.1,,,,,,,1900.0,0.14,,,40.0,17.0,,,"TKPI (panganku.org), per 100 g edible portion; scraped by github.com/intanypurbasari/food-nutrition"
DR051,"Daun lobak, segar (Radish, leaf, fresh)",Sayuran,mentah,90.0,30,2.3,0.4,5.8,3.2,1.4,140.0,33.0,3.7,16.0,747.4,0.2,0.2,,5039.0,1000.0,0.07,1.1,6.5,109.0,14.3,,,"TKPI (panganku.org), per 100 g edible portion; scraped by github.com/intanypurbasari/food-nutrition"
DR052,"Daun lompong talas, segar (Taro, leaf, fresh)",Sayuran,mentah,87.2,44,3.0,0.8,7.4,3.3,1.6,76.0,59.0,1.0,3.0,578.4,0.2,0.4,,2584.0,2000.0,0.08,0.4,1.4,31.0,19.7,,,"TKPI (panganku.org), per 100 g edible portion; scraped by github.com/intanypurbasari/food-nutrition"
DR053,"Daun mangkokan, segar",Sayuran,mentah,82.0,57,3.7,0.3,11.8,,2.2,474.0,49.0,4.0,,,,,,,5450.0,0.06,,,83.0,13.2,,,"TKPI (panganku.org), per 100 g edible portion; scraped by github.com/intanypurbasari/food-nutrition"
DR054,"Daun matel ambon, segar",Sayuran,mentah,77.1,71,6.8,1.6,11.5,4.6,3.0,93.0,95.0,10.2,,,,,0.0,,49.0,0.08,,,26.0,14.0,,,"TKPI (panganku.org), per 100 g edible portion; scraped by github.com/intanypurbasari/food-nutrition"
DR055,"Daun melinjo, segar (Spanish joint fir, leaf, fresh)",Sayuran,mentah,70.8,104,5.0,1.3,21.3,10.3,1.6,219.0,82.0,4.2,12.0,604.8,0.4,0.6,,823.0,10000.0,0.09,,,182.0,16.4,,,"TKPI (panganku.org), per 100 g edible portion; scraped by github.com/intanypurbasari/food-nutrition"
DR056,"Daun mengkudu, segar (Noni, leaf, fresh)",Sayuran,mentah,80.9,65,4.0,1.7,11.4,3.9,2.0,296.0,40.0,6.9,,,,,0.0,2.0,4958.0,0.01,0.1,5.7,35.0,10.0,,,"TKPI (panganku.org), per 100 g edible portion; scraped by github.com/intanypurbasari/food-nutrition"
DR057,"Daun ndusuk, segar",Sayuran,mentah,56.0,166,1.7,0.5,38.8,10.7,3.0,40.0,20.0,1.8,40.0,310.0,0.2,0.7,,14457.0,,0.4,0.1,0.1,30.0,11.8,,,"TKPI (panganku.org), per 100 g edible portion; scraped by github.com/intanypurbasari/food-nutrition"
DR058,"Daun oyong, segar (Angled loofah, leaf, fresh)",Sayuran,mentah,93.0,22,1.0,0.1,5.3,2.0,0.6,21.0,44.0,2.0,40.0,295.5,0.1,0.2,,855.0,1000.0,0.08,0.1,0.8,150.0,44.0,,,"TKPI (panganku.org), per 100 g edible portion; scraped by github.com/intanypurbasari/food-nutrition"
DR059,"Daun pakis, segar (Fern, leaf, fresh)",Sayuran,mentah,86.8,39,4.5,0.4,6.9,2.0,1.4,136.0,159.0,2.3,20.0,201.9,0.2,0.3,0.0,1625.0,3292.0,0.02,0.1,0.5,3.0,35.3,energy_vs_macros>25%,,"TKPI (panganku.org), per 100 g edible portion; scraped by github.com/intanypurbasari/food-nutrition"
DR060,"Daun pakis longgiho, segar (Fern,longiho, leaf, fresh)",Sayuran,mentah,89.5,54,2.2,3.6,3.1,2.1,1.6,40.0,80.0,0.7,70.0,500.0,0.4,0.1,,168.0,,0.4,0.3,0.2,8.0,36.4,,,"TKPI (panganku.org), per 100 g edible portion; scraped by github.com/intanypurbasari/food-nutrition"
DR061,"Daun pakis wambateu, segar (Fern, wambateu, leaf fresh)",Sayuran,mentah,86.9,53,3.4,1.2,7.2,4.8,1.3,30.0,100.0,0.3,20.0,200.0,0.2,0.3,,191.0,,0.7,0.2,0.3,6.0,29.4,,,"TKPI (panganku.org), per 100 g edible portion; scraped by github.com/intanypurbasari/food-nutrition"
DR062,"Daun paku, segar (Fern, paku, leaf fresh)",Sayuran,mentah,88.8,29,3.4,0.1,6.5,4.3,1.2,13.0,88.0,1.3,19.0,434.0,0.5,0.7,,18.0,,0.2,0.1,11.7,10.0,25.9,energy_vs_macros>25%,,"TKPI (panganku.org), per 100 g edible portion; scraped by github.com/intanypurbasari/food-nutrition"
DR063,"Daun pangi,segar (Kepayang (Malay), leaf, fresh)",Sayuran,mentah,76.1,104,3.9,0.6,17.9,8.3,1.5,256.0,22.0,1.8,4.0,266.0,1.7,0.5,,55.0,,0.4,0.1,0.1,23.0,5.6,,,"TKPI (panganku.org), per 100 g edible portion; scraped by github.com/intanypurbasari/food-nutrition"
DR064,"Daun pare, segar (Bitter guard, leaf, fresh)",Sayuran,mentah,87.3,49,2.7,1.0,8.4,3.0,1.6,217.0,70.0,3.3,7.0,498.0,0.4,1.2,,1800.0,,0.4,0.2,0.6,7.0,25.9,,,"TKPI (panganku.org), per 100 g edible portion; scraped by github.com/intanypurbasari/food-nutrition"
DR065,"Daun pepaya, segar (Papaya, leaf, fresh)",Sayuran,mentah,75.4,87,8.0,2.0,11.9,1.5,2.7,353.0,63.0,0.8,4.0,926.6,0.2,1.5,,5409.0,18250.0,0.15,0.5,1.9,140.0,7.9,,,"TKPI (panganku.org), per 100 g edible portion; scraped by github.com/intanypurbasari/food-nutrition"
DR066,"Daun pohpohan, segar (Pilea, leaf, fresh)",Sayuran,mentah,87.4,37,2.5,0.8,6.9,2.6,2.4,744.0,80.0,5.9,,,,,0.0,,7378.0,0.03,,,5.0,32.0,,,"TKPI (panganku.org), per 100 g edible portion; scraped by github.com/intanypurbasari/food-nutrition"
DR067,"Daun selasih, segar (Hoary basil, leaf, fresh)",Sayuran,mentah,83.1,62,4.0,0.5,10.5,5.3,1.9,122.0,16.0,13.9,3.0,259.0,0.4,0.7,0.0,4112.0,,0.5,0.1,0.2,24.0,4.0,,,"TKPI (panganku.org), per 100 g edible portion; scraped by github.com/intanypurbasari/food-nutrition"
DR068,"Daun semanggi, segar",Sayuran,mentah,84.7,45,4.4,0.5,8.5,1.9,1.9,98.0,90.0,7.0,64.0,520.7,0.5,0.3,0.0,64.0,3365.0,0.01,0.5,0.7,6.0,20.5,,,"TKPI (panganku.org), per 100 g edible portion; scraped by github.com/intanypurbasari/food-nutrition"
DR069,"Daun simpur, segar",Sayuran,mentah,86.2,53,3.2,2.5,7.6,1.6,0.9,228.0,194.0,3.5,,,,,0.0,,3346.0,0.02,,,5.0,60.6,,,"TKPI (panganku.org), per 100 g edible portion; scraped by github.com/intanypurbasari/food-nutrition"
DR070,"Daun singkil, segar",Sayuran,mentah,80.9,68,2.0,1.0,15.2,3.3,0.9,178.0,86.0,2.1,,,,,,,6042.0,0.02,,,3.0,43.0,,,"TKPI (panganku.org), per 100 g edible portion; scraped by github.com/intanypurbasari/food-nutrition"
DR071,"Daun singkong, segar (Casava, leaf, fresh)",Sayuran,mentah,84.4,50,6.2,1.1,7.1,2.4,1.2,166.0,99.0,1.3,17.0,23.1,0.1,2.0,0.0,3204.0,7052.0,0.04,0.1,1.8,103.0,16.0,energy_vs_macros>25%; potassium_low_for_protein,,"TKPI (panganku.org), per 100 g edible portion; scraped by github.com/intanypurbasari/food-nutrition"
DR072,"Daun singkong ambon, segar (Casava, ambon, leaf, fresh)",Sayuran,mentah,58.0,144,12.7,1.2,25.2,10.2,2.9,165.0,54.0,3.9,44.0,62.2,0.2,5.4,,8627.0,13000.0,0.21,1.0,4.2,220.0,4.3,,,"TKPI (panganku.org), per 100 g edible portion; scraped by github.com/intanypurbasari/food-nutrition"
DR073,"Daun singkong ampenan, segar (Casava, ampenan, leaf, fresh)",Sayuran,mentah,84.4,50,6.2,1.1,7.1,2.4,1.2,352.0,123.0,2.7,49.0,570.0,0.2,1.3,,7917.0,,0.5,0.1,1.6,103.0,19.8,energy_vs_macros>25%,,"TKPI (panganku.org), per 100 g edible portion; scraped by github.com/intanypurbasari/food-nutrition"
DR074,"Daun singkong kopang, segar (Casava, kopang, leaf, fresh)",Sayuran,mentah,81.1,74,6.3,0.7,10.7,4.6,1.2,142.0,115.0,1.7,32.0,382.0,0.2,1.5,,3882.0,,0.5,0.5,1.9,211.0,18.3,,,"TKPI (panganku.org), per 100 g edible portion; scraped by github.com/intanypurbasari/food-nutrition"
DR075,"Daun sintrong, segar",Sayuran,mentah,88.5,36,2.6,0.9,6.1,1.7,1.9,398.0,95.0,9.3,64.0,444.4,0.1,0.4,0.0,10178.0,8868.0,0.03,0.2,0.9,3.0,36.5,,,"TKPI (panganku.org), per 100 g edible portion; scraped by github.com/intanypurbasari/food-nutrition"
DR076,"Daun talas, segar (Taro, leaf, fresh)",Sayuran,mentah,81.1,59,3.0,0.4,13.5,3.0,2.0,236.0,50.0,2.4,4.0,854.1,0.4,0.5,0.0,3816.0,5740.0,0.07,0.6,2.0,24.0,16.7,,,"TKPI (panganku.org), per 100 g edible portion; scraped by github.com/intanypurbasari/food-nutrition"
DR077,"Daun tespong, segar (Water dropwort, fresh)",Sayuran,mentah,81.0,70,2.9,0.3,13.9,2.3,1.9,155.0,65.0,2.5,72.0,,0.15,0.9,,171.0,2500.0,0.05,0.7,1.4,21.0,22.4,,,"TKPI (panganku.org), per 100 g edible portion; scraped by github.com/intanypurbasari/food-nutrition"
DR078,"Daun ubi kuning, segar (Sweet potato, yeallowish, leaf, fresh)",Sayuran,mentah,83.5,62,3.7,0.3,11.1,6.4,1.4,170.0,40.0,0.6,10.0,0.0,0.2,0.5,,3564.0,,0.3,0.3,1.2,4.0,10.8,potassium_mg_zero_may_be_missing,,"TKPI (panganku.org), per 100 g edible portion; scraped by github.com/intanypurbasari/food-nutrition"
DR079,"Daun ubi merah, segar (Sweet potato, redish, leaf, freah)",Sayuran,mentah,84.4,48,3.0,0.3,10.8,1.4,1.5,80.0,81.0,6.4,33.0,517.3,0.0,0.4,0.0,5453.0,4697.0,0.1,0.2,1.2,27.0,27.0,copper_mg_zero_may_be_missing,,"TKPI (panganku.org), per 100 g edible portion; scraped by github.com/intanypurbasari/food-nutrition"
DR080,"Daun ubi putih, segar (Sweet potato, whitish, leaf, fresh)",Sayuran,mentah,87.5,46,2.8,0.2,8.2,4.8,1.3,120.0,50.0,0.8,10.0,0.0,0.2,0.5,,103.0,,0.3,0.3,0.9,8.0,17.9,potassium_mg_zero_may_be_missing,,"TKPI (panganku.org), per 100 g edible portion; scraped by github.com/intanypurbasari/food-nutrition"
DR081,"Daun ubi tinta, segar (Sweet potato, purpleish, leaf, fresh)",Sayuran,mentah,85.1,55,1.7,0.1,11.9,7.6,1.2,120.0,40.0,0.6,10.0,0.0,0.2,0.5,,516.0,,0.2,0.0,0.0,7.0,23.5,potassium_mg_zero_may_be_missing,,"TKPI (panganku.org), per 100 g edible portion; scraped by github.com/intanypurbasari/food-nutrition"
DR082,"Eceng, segar",Sayuran,mentah,93.0,19,1.0,0.2,3.8,1.8,2.0,80.0,45.0,3.7,45.0,634.1,,,,7.0,1000.0,0.08,0.1,0.7,50.0,45.0,,,"TKPI (panganku.org), per 100 g edible portion; scraped by github.com/intanypurbasari/food-nutrition"
DR083,"Gambas (oyong), segar (Angled loofah, fresh)",Sayuran,mentah,94.5,19,0.8,0.2,4.1,1.3,0.4,19.0,33.0,0.9,23.0,109.1,0.0,0.1,,17.0,380.0,0.03,0.0,0.4,8.0,41.2,,,"TKPI (panganku.org), per 100 g edible portion; scraped by github.com/intanypurbasari/food-nutrition"
DR084,"Genjer, segar (Sawah lettuce, fresh)",Sayuran,mentah,90.0,35,1.7,0.2,7.7,2.5,0.4,62.0,33.0,2.1,64.0,905.8,,,,,3800.0,0.07,0.1,1.1,54.0,19.4,,,"TKPI (panganku.org), per 100 g edible portion; scraped by github.com/intanypurbasari/food-nutrition"
DR085,"Jagung muda / semi, segar (Baby corn, fresh)",Sayuran,mentah,89.5,35,2.2,0.1,7.4,1.9,0.8,7.0,100.0,0.5,353.0,230.2,0.1,0.8,0.0,23.0,200.0,0.08,0.16,0.9,8.0,45.5,,,"TKPI (panganku.org), per 100 g edible portion; scraped by github.com/intanypurbasari/food-nutrition"
DR086,Jamur encik,Sayuran,mentah,24.8,296,9.4,1.1,62.0,,2.7,5.0,277.0,5.3,2.0,0.0,0.2,3.1,,,,1.1,0.1,,,29.5,potassium_mg_zero_may_be_missing,,"TKPI (panganku.org), per 100 g edible portion; scraped by github.com/intanypurbasari/food-nutrition"
DR087,"Jamur kuping, kering (fungus, earwood, dried)",Sayuran,mentah,14.9,294,16.0,0.9,64.6,46.5,3.6,51.0,223.0,6.7,174.0,726.1,0.29,5.5,0.0,11.0,0.0,0.11,0.6,2.7,0.0,13.9,,,"TKPI (panganku.org), per 100 g edible portion; scraped by github.com/intanypurbasari/food-nutrition"
DR088,"Jamur kuping, segar (fungus, earwod, fresh)",Sayuran,mentah,93.7,21,3.8,0.6,0.9,5.1,1.0,3.0,94.0,1.7,17.0,33.4,0.19,0.1,0.0,1.0,0.0,0.1,0.09,0.1,5.0,24.7,,,"TKPI (panganku.org), per 100 g edible portion; scraped by github.com/intanypurbasari/food-nutrition"
DR089,"Jamur merang, segar (Straw mushroom)",Sayuran,mentah,91.5,30,3.5,0.2,4.0,2.4,0.8,14.0,117.0,1.0,6.0,300.0,0.3,0.8,,0.0,0.0,0.02,0.2,0.5,0.0,33.4,,,"TKPI (panganku.org), per 100 g edible portion; scraped by github.com/intanypurbasari/food-nutrition"
DR090,"Jamur tiram, segar (Oyster mushroom)",Sayuran,mentah,92.5,30,1.9,0.1,5.5,3.6,0.6,9.0,83.0,0.7,22.0,226.0,0.0,0.8,,0.0,0.0,0.3,0.2,1.0,0.0,43.7,copper_mg_zero_may_be_missing,,"TKPI (panganku.org), per 100 g edible portion; scraped by github.com/intanypurbasari/food-nutrition"
DR091,Jamur sagu,Sayuran,mentah,91.3,48,1.9,3.2,2.8,1.0,0.8,10.0,90.0,0.6,100.0,440.0,0.6,0.6,,0.0,,0.2,0.2,6.5,,47.4,,,"TKPI (panganku.org), per 100 g edible portion; scraped by github.com/intanypurbasari/food-nutrition"
DR092,"Jantung pisang, segar (Banana, flower, fresh)",Sayuran,mentah,90.2,32,1.2,0.3,7.1,3.2,1.2,30.0,50.0,0.1,3.0,524.0,0.09,0.3,0.0,201.0,170.0,0.05,0.03,0.8,10.0,41.7,,,"TKPI (panganku.org), per 100 g edible portion; scraped by github.com/intanypurbasari/food-nutrition"
DR093,"Jengkol, segar (Dogfruit, fresh)",Sayuran,mentah,52.7,192,5.4,0.3,40.7,1.5,0.9,4.0,150.0,0.7,60.0,241.0,0.3,0.6,,,,0.05,0.2,0.5,31.0,27.8,,,"TKPI (panganku.org), per 100 g edible portion; scraped by github.com/intanypurbasari/food-nutrition"
DR094,"Jotang, segar",Sayuran,mentah,89.0,34,1.9,0.3,7.1,3.5,1.7,162.0,41.0,4.0,59.0,388.5,0.3,1.2,,2.0,3918.0,0.03,,0.4,20.0,21.6,,,"TKPI (panganku.org), per 100 g edible portion; scraped by github.com/intanypurbasari/food-nutrition"
DR095,"Kabau, segar",Sayuran,mentah,67.2,130,6.7,0.3,25.2,2.9,0.6,4.0,204.0,0.5,1.0,397.8,0.2,0.5,,165.0,,0.8,0.1,0.3,16.0,30.4,,,"TKPI (panganku.org), per 100 g edible portion; scraped by github.com/intanypurbasari/food-nutrition"
DR096,"Kacang mekah, polong, segar (Sword bean, fresh)",Sayuran,mentah,93.6,22,1.1,1.0,3.4,1.1,0.9,63.0,296.0,1.0,2.0,69.2,0.3,,0.0,197.0,116.0,0.02,,0.4,0.0,269.1,,,"TKPI (panganku.org), per 100 g edible portion; scraped by github.com/intanypurbasari/food-nutrition"
DR097,"Kacang panjang, segar (Yard-long bean, fresh)",Sayuran,mentah,91.8,31,2.3,0.1,5.3,2.7,0.5,60.0,64.0,0.6,30.0,213.0,0.1,0.5,0.0,125.0,,0.7,0.1,0.3,46.0,27.8,,,"TKPI (panganku.org), per 100 g edible portion; scraped by github.com/intanypurbasari/food-nutrition"
DR098,Kacang ranti polong,Sayuran,mentah,88.5,37,3.1,0.2,7.9,2.5,0.3,103.0,126.0,0.8,,,,,,,2312.0,0.02,,,6.0,40.6,,,"TKPI (panganku.org), per 100 g edible portion; scraped by github.com/intanypurbasari/food-nutrition"
DR099,"Kalakai, segar",Sayuran,mentah,89.9,38,2.4,0.2,6.6,5.8,0.9,18.0,90.0,1.1,7.0,443.0,0.4,0.9,,44.0,,0.3,0.1,,8.0,37.5,,,"TKPI (panganku.org), per 100 g edible portion; scraped by github.com/intanypurbasari/food-nutrition"
DR100,"Kangkung, segar (Kangkong, fresh)",Sayuran,mentah,91.0,28,3.4,0.7,3.9,2.0,1.0,67.0,54.0,2.3,65.0,250.1,0.13,0.4,,2868.0,5542.0,0.07,0.36,2.0,17.0,15.9,energy_vs_macros>25%,,"TKPI (panganku.org), per 100 g edible portion; scraped by github.com/intanypurbasari/food-nutrition"
DR101,"Kangkung tondano (Kangkong, (tondano), fresh)",Sayuran,mentah,88.5,43,1.8,0.2,8.4,4.3,1.1,72.0,9.0,0.7,30.0,361.0,0.3,0.4,,2741.0,,0.8,0.1,1.1,23.0,5.0,,,"TKPI (panganku.org), per 100 g edible portion; scraped by github.com/intanypurbasari/food-nutrition"
DR102,"Kapri muda, segar (Pease, fresh)",Sayuran,mentah,86.8,45,3.3,0.2,9.0,1.8,0.7,51.0,85.0,1.0,2.0,118.4,0.09,0.7,,72.0,440.0,0.2,0.1,0.9,49.0,25.8,,,"TKPI (panganku.org), per 100 g edible portion; scraped by github.com/intanypurbasari/food-nutrition"
DR103,Karawila,Sayuran,mentah,93.7,25,2.3,0.2,3.5,2.1,0.3,25.0,67.0,0.3,8.0,88.4,0.08,0.3,,21.0,,0.1,0.1,0.4,39.0,29.1,,,"TKPI (panganku.org), per 100 g edible portion; scraped by github.com/intanypurbasari/food-nutrition"
DR104,"Kecipir muda, segar (Winged bean, fresh)",Sayuran,mentah,90.4,32,2.9,0.2,5.8,5.5,0.7,63.0,37.0,0.3,3.0,103.8,0.18,0.4,,261.0,595.0,0.24,0.11,0.7,19.0,12.8,,,"TKPI (panganku.org), per 100 g edible portion; scraped by github.com/intanypurbasari/food-nutrition"
DR105,"Kecombrang, segar (Red ginger lily, fresh)",Sayuran,mentah,90.0,34,0.9,1.0,6.7,2.6,1.4,60.0,16.0,1.0,47.0,650.6,,,0.0,0.0,73.0,0.0,0.02,0.8,0.0,17.8,,,"TKPI (panganku.org), per 100 g edible portion; scraped by github.com/intanypurbasari/food-nutrition"
DR106,"Kelawi,kluwih, segar (Breadfruit, fresh)",Sayuran,mentah,70.0,118,1.5,0.3,27.2,5.0,1.0,28.0,32.0,0.9,2.0,500.9,0.09,0.1,,0.0,20.0,0.1,0.03,0.9,19.0,21.3,,,"TKPI (panganku.org), per 100 g edible portion; scraped by github.com/intanypurbasari/food-nutrition"
DR107,"Kembang turi, segar",Sayuran,mentah,87.4,51,1.8,0.6,9.6,5.0,0.6,23.0,29.0,0.9,22.0,275.3,0.15,0.9,,201.0,105.0,0.13,0.12,0.6,41.0,16.1,,,"TKPI (panganku.org), per 100 g edible portion; scraped by github.com/intanypurbasari/food-nutrition"
DR108,"Kerokot, segar",Sayuran,mentah,93.0,26,1.7,0.4,3.8,1.0,1.1,103.0,39.0,3.6,4.0,240.5,0.23,0.9,,0.0,2550.0,0.03,0.09,0.2,25.0,22.9,,,"TKPI (panganku.org), per 100 g edible portion; scraped by github.com/intanypurbasari/food-nutrition"
DR109,"Ketimun, segar (Cucumber, fresh)",Sayuran,mentah,97.9,8,0.2,0.2,1.4,0.3,0.3,29.0,95.0,0.8,2.0,57.1,0.02,0.1,0.0,18.0,314.0,0.01,0.02,0.1,1.0,475.0,,,"TKPI (panganku.org), per 100 g edible portion; scraped by github.com/intanypurbasari/food-nutrition"
DR110,"Ketimun krai, segar (Cucumber (krai), fresh)",Sayuran,mentah,96.8,10,0.5,0.2,2.0,0.6,0.5,20.0,98.0,1.0,10.0,82.1,0.03,0.1,0.0,19.0,21.0,0.02,0.03,0.1,3.0,196.0,,,"TKPI (panganku.org), per 100 g edible portion; scraped by github.com/intanypurbasari/food-nutrition"
DR111,"Ketimun madura, segar (Cucumber (madura), fresh)",Sayuran,mentah,97.1,9,0.5,0.1,1.9,0.7,0.4,15.0,102.0,0.6,2.0,78.9,0.02,0.1,0.0,25.0,0.0,0.02,0.02,0.1,5.0,204.0,,,"TKPI (panganku.org), per 100 g edible portion; scraped by github.com/intanypurbasari/food-nutrition"
DR112,"Komak, segar (Hyacinth bean, fresh)",Sayuran,mentah,74.3,99,3.3,0.1,21.2,10.3,1.1,50.0,99.0,13.1,15.0,567.0,0.2,0.6,,5.0,,0.2,0.19,0.1,,30.0,,,"TKPI (panganku.org), per 100 g edible portion; scraped by github.com/intanypurbasari/food-nutrition"
DR113,"Kool kembang (Cauliflower, fresh/white headed cabbage, fresh)",Sayuran,mentah,91.7,25,2.4,0.2,4.9,1.6,0.8,22.0,72.0,1.1,47.0,187.0,0.04,0.3,,24.0,90.0,0.11,0.09,0.6,69.0,30.0,,,"TKPI (panganku.org), per 100 g edible portion; scraped by github.com/intanypurbasari/food-nutrition"
DR114,"Kool merah,kool putih (Cabbage, fresh)",Sayuran,mentah,92.4,29,1.4,0.2,5.3,1.9,0.9,46.0,31.0,0.5,28.0,236.8,0.29,0.3,,46.0,80.0,0.06,0.07,0.3,50.0,22.1,,,"TKPI (panganku.org), per 100 g edible portion; scraped by github.com/intanypurbasari/food-nutrition"
DR115,"Koro kerupuk, polong (Lablab, hyacinth bean)",Sayuran,mentah,67.2,128,8.3,0.7,22.1,,1.7,17.0,12.0,2.7,,,,,,,80.0,0.11,,,31.0,1.4,phosphorus_low_for_protein,,"TKPI (panganku.org), per 100 g edible portion; scraped by github.com/intanypurbasari/food-nutrition"
DR116,"Koro wedus, polong",Sayuran,mentah,88.0,46,3.0,0.3,7.9,3.3,0.8,56.0,47.0,1.1,2.0,249.3,0.09,0.4,,66.0,870.0,0.09,0.09,0.5,17.0,15.7,,,"TKPI (panganku.org), per 100 g edible portion; scraped by github.com/intanypurbasari/food-nutrition"
DR117,"Kucai, segar (Chinese chives, fresh)",Sayuran,mentah,86.3,45,2.2,0.3,10.3,4.8,0.9,52.0,50.0,1.1,21.0,439.5,0.11,0.5,,2685.0,40.0,0.11,0.2,1.8,17.0,22.7,,,"TKPI (panganku.org), per 100 g edible portion; scraped by github.com/intanypurbasari/food-nutrition"
DR118,"Kucai muda (Lokio), segar (Rakkyo, fresh)",Sayuran,mentah,86.0,42,3.8,0.6,7.8,4.9,1.8,76.0,91.0,2.5,22.0,449.1,0.11,0.5,,2744.0,500.0,0.11,0.2,1.8,59.0,23.9,,,"TKPI (panganku.org), per 100 g edible portion; scraped by github.com/intanypurbasari/food-nutrition"
DR119,"Kulit melinjo (spanish joint fir, peel, fresh )",Sayuran,mentah,71.9,111,4.5,1.1,20.7,5.0,1.8,117.0,179.0,2.6,,,,,0.0,,1267.0,0.07,,,7.0,39.8,,,"TKPI (panganku.org), per 100 g edible portion; scraped by github.com/intanypurbasari/food-nutrition"
DR120,"Kundur, segar (Wax gourd, fresh)",Sayuran,mentah,94.0,22,0.4,0.2,4.7,1.3,0.7,3.0,54.0,0.5,2.0,200.0,0.1,0.3,,7.0,,0.1,0.03,0.4,1.0,135.0,,,"TKPI (panganku.org), per 100 g edible portion; scraped by github.com/intanypurbasari/food-nutrition"
DR121,"Labu air, segar (Bottle gourd, fresh)",Sayuran,mentah,95.0,19,0.6,0.2,3.8,0.6,0.4,12.0,18.0,0.6,2.0,168.2,0.03,0.8,,11.0,70.0,0.04,0.02,0.4,10.0,30.0,,,"TKPI (panganku.org), per 100 g edible portion; scraped by github.com/intanypurbasari/food-nutrition"
DR122,"Labu kuning, segar (Pumpkin, fresh)",Sayuran,mentah,86.6,51,1.7,0.5,10.0,2.7,1.2,40.0,180.0,0.7,280.0,220.0,0.35,1.5,,1569.0,,0.2,0.0,0.1,2.0,105.9,,,"TKPI (panganku.org), per 100 g edible portion; scraped by github.com/intanypurbasari/food-nutrition"
DR123,"Labu siam, segar (Chayote, fresh)",Sayuran,mentah,92.3,30,0.6,0.1,6.7,6.2,0.3,14.0,25.0,0.5,3.0,167.1,0.16,1.0,,48.0,20.0,0.02,0.0,0.6,18.0,41.7,,,"TKPI (panganku.org), per 100 g edible portion; scraped by github.com/intanypurbasari/food-nutrition"
DR124,"Labu waluh, segar (Pumpkin, fresh)",Sayuran,mentah,91.2,32,1.1,0.1,6.6,0.5,1.0,45.0,64.0,1.4,1.0,356.2,0.13,0.3,,712.0,180.0,0.08,0.12,0.6,52.0,58.2,,,"TKPI (panganku.org), per 100 g edible portion; scraped by github.com/intanypurbasari/food-nutrition"
DR125,"Lantar, segar",Sayuran,mentah,91.2,34,2.2,0.3,5.5,2.9,0.8,10.0,58.0,0.4,3.0,155.0,0.2,0.4,,38.0,,0.3,0.07,0.4,4.0,26.4,,,"TKPI (panganku.org), per 100 g edible portion; scraped by github.com/intanypurbasari/food-nutrition"
DR126,"Lobak, segar (Turnip, fresh)",Sayuran,mentah,94.1,21,0.9,0.1,4.2,1.4,0.7,35.0,26.0,0.6,49.0,109.3,0.03,0.2,,0.0,10.0,0.03,0.04,0.3,32.0,28.9,,,"TKPI (panganku.org), per 100 g edible portion; scraped by github.com/intanypurbasari/food-nutrition"
DR127,"Lumai/Leunca, segar (Glossy nightshade, fresh)",Sayuran,mentah,90.5,38,1.1,0.3,7.6,2.0,0.5,7.0,55.0,1.0,2.0,,0.1,0.3,,25.0,,0.2,0.1,0.6,17.0,50.0,,,"TKPI (panganku.org), per 100 g edible portion; scraped by github.com/intanypurbasari/food-nutrition"
DR128,"Melinjo, segar (spanish joint fir, fresh)",Sayuran,mentah,80.0,66,5.0,0.7,13.3,,1.0,163.0,75.0,2.8,,,,,,,1000.0,0.1,,,100.0,15.0,,,"TKPI (panganku.org), per 100 g edible portion; scraped by github.com/intanypurbasari/food-nutrition"
DR129,"Mostarda metan -sawi (Indian mustard, fresh)",Sayuran,mentah,91.4,33,2.3,0.5,4.7,1.8,1.1,60.0,30.0,3.1,20.0,100.0,0.1,0.4,,1575.0,,0.2,0.1,0.1,12.0,13.0,,"Sawi: pinggiran daun beregi-regi, tidak lebar, agak panjang / mirip selada","TKPI (panganku.org), per 100 g edible portion; scraped by github.com/intanypurbasari/food-nutrition"
DR130,"Nangka muda, segar (Jackfruit, young, fresh)",Sayuran,mentah,85.4,57,2.0,0.4,11.3,8.3,0.9,45.0,29.0,0.5,1.0,246.5,0.04,0.1,,21.0,25.0,0.07,0.06,0.7,9.0,14.5,,,"TKPI (panganku.org), per 100 g edible portion; scraped by github.com/intanypurbasari/food-nutrition"
DR131,"Paria putih, segar (Bitter guard, fresh)",Sayuran,mentah,94.4,19,1.0,0.4,3.6,1.3,0.6,31.0,65.0,0.9,5.0,277.7,0.03,0.8,0.0,197.0,80.0,0.18,0.04,0.4,58.0,65.0,,,"TKPI (panganku.org), per 100 g edible portion; scraped by github.com/intanypurbasari/food-nutrition"
DR132,"Pepare ular, segar (Snake gourd, fresh)",Sayuran,mentah,95.1,19,0.6,0.1,3.9,1.0,0.3,20.0,10.0,0.4,130.0,30.0,0.1,0.1,,69.0,,0.1,0.1,0.1,9.0,16.7,,,"TKPI (panganku.org), per 100 g edible portion; scraped by github.com/intanypurbasari/food-nutrition"
DR133,"Pepaya muda, segar (Papaya, unripe, fresh)",Sayuran,mentah,92.3,29,2.1,0.1,4.9,2.1,0.6,50.0,16.0,0.4,22.0,211.2,0.01,0.0,,0.0,50.0,0.02,0.03,0.3,19.0,7.6,zinc_mg_zero_may_be_missing,,"TKPI (panganku.org), per 100 g edible portion; scraped by github.com/intanypurbasari/food-nutrition"
DR134,"Petai, segar (Stinky bean, fresh)",Sayuran,mentah,77.2,92,5.4,1.1,15.2,2.0,1.1,14.0,170.0,1.6,55.0,221.0,0.2,0.8,,114.0,,0.8,0.1,6.1,34.0,31.5,,,"TKPI (panganku.org), per 100 g edible portion; scraped by github.com/intanypurbasari/food-nutrition"
DR135,"Peterseli, segar (Parsley, fresh)",Sayuran,mentah,83.9,53,3.7,1.0,9.0,0.0,2.4,193.0,84.0,4.3,18.0,1125.0,0.2,1.4,,2940.0,8230.0,0.11,0.29,0.7,193.0,22.7,,,"TKPI (panganku.org), per 100 g edible portion; scraped by github.com/intanypurbasari/food-nutrition"
DR136,"Pucuk lumai/daun leunca, segar (Glossy nightshade, fresh)",Sayuran,mentah,91.0,33,4.5,0.4,2.8,,1.3,13.0,75.0,2.9,2.0,0.0,0.2,0.6,,,,0.5,0.1,,41.0,16.7,potassium_mg_zero_may_be_missing,,"TKPI (panganku.org), per 100 g edible portion; scraped by github.com/intanypurbasari/food-nutrition"
DR137,"Putri malu, segar",Sayuran,mentah,80.2,76,3.6,0.3,14.6,7.1,1.3,119.0,84.0,3.3,1.0,631.0,0.6,1.4,,4762.0,,0.6,0.6,,6.0,23.3,,,"TKPI (panganku.org), per 100 g edible portion; scraped by github.com/intanypurbasari/food-nutrition"
DR138,"Rebung, segar (Bamboo shoot, fresh)",Sayuran,mentah,93.3,25,0.8,0.1,5.3,9.7,0.5,3.0,5.0,0.5,3.0,206.0,0.1,0.4,,10.0,,0.2,0.07,0.5,0.0,6.2,,,"TKPI (panganku.org), per 100 g edible portion; scraped by github.com/intanypurbasari/food-nutrition"
DR139,"Rimbang, segar (Devil'ss fig, plate brush)",Sayuran,mentah,80.8,75,1.6,0.6,15.8,10.0,1.2,55.0,97.0,0.6,20.0,234.0,0.4,0.4,,51.0,,0.4,0.1,1.3,38.0,60.6,,,"TKPI (panganku.org), per 100 g edible portion; scraped by github.com/intanypurbasari/food-nutrition"
DR140,Rumput laut (Seaweed),Sayuran,mentah,87.0,41,1.4,0.3,8.1,2.2,3.2,80.0,20.0,1.6,250.0,380.0,0.2,0.4,,1958.0,,0.2,0.0,0.1,7.0,14.3,,,"TKPI (panganku.org), per 100 g edible portion; scraped by github.com/intanypurbasari/food-nutrition"
DR141,"Sawi, segar (Chinese mustard, fresh)",Sayuran,mentah,92.2,28,2.3,0.3,4.0,2.5,1.2,220.0,38.0,2.9,22.0,436.5,0.12,0.2,,2042.0,6460.0,0.09,0.23,0.7,102.0,16.5,,,"TKPI (panganku.org), per 100 g edible portion; scraped by github.com/intanypurbasari/food-nutrition"
DR142,"Sawi putih / pecai, segar (Pak choi, fresh)",Sayuran,mentah,96.6,9,1.0,0.1,1.7,0.8,0.6,56.0,42.0,1.1,5.0,193.1,0.05,0.1,0.0,862.0,832.0,0.05,0.18,0.4,3.0,42.0,,,"TKPI (panganku.org), per 100 g edible portion; scraped by github.com/intanypurbasari/food-nutrition"
DR143,"Sawi taiwan, segar",Sayuran,mentah,91.8,30,1.9,0.5,4.4,2.7,1.4,100.0,58.0,1.6,27.0,217.0,0.1,0.7,,1340.0,,0.2,0.1,0.6,33.0,30.5,,,"TKPI (panganku.org), per 100 g edible portion; scraped by github.com/intanypurbasari/food-nutrition"
DR144,"Sawi tanah, segar",Sayuran,mentah,94.9,19,1.3,0.2,2.9,2.2,1.0,92.0,45.0,1.2,17.0,145.0,0.1,0.4,,815.0,,0.2,0.1,0.1,36.0,34.6,,,"TKPI (panganku.org), per 100 g edible portion; scraped by github.com/intanypurbasari/food-nutrition"
DR145,"Selada, segar (Lettuce)",Sayuran,mentah,94.8,18,1.2,0.2,2.9,1.8,0.9,22.0,25.0,0.5,19.0,186.4,0.03,0.2,,1526.0,540.0,0.04,0.13,0.4,8.0,20.8,,,"TKPI (panganku.org), per 100 g edible portion; scraped by github.com/intanypurbasari/food-nutrition"
DR146,"Selada air, segar (Watercress, fresh)",Sayuran,mentah,93.3,17,3.1,0.2,2.2,0.7,1.2,95.0,152.0,2.4,65.0,260.7,0.11,0.2,0.0,1230.0,3727.0,0.09,0.14,0.7,56.0,49.0,,,"TKPI (panganku.org), per 100 g edible portion; scraped by github.com/intanypurbasari/food-nutrition"
DR147,"Seledri, segar (Celery, fresh)",Sayuran,mentah,93.0,23,1.0,0.1,4.6,2.0,1.3,50.0,40.0,1.0,64.0,258.8,0.08,0.4,,63.0,130.0,0.03,0.07,0.4,11.0,40.0,,,"TKPI (panganku.org), per 100 g edible portion; scraped by github.com/intanypurbasari/food-nutrition"
DR148,"Taoge, segar (Mung bean, sprout, fresh)",Sayuran,mentah,90.4,34,3.7,1.2,4.3,1.1,0.4,166.0,74.0,0.8,19.0,93.3,0.16,0.4,,41.0,20.0,0.09,0.15,1.1,5.0,20.0,energy_vs_macros>25%,,"TKPI (panganku.org), per 100 g edible portion; scraped by github.com/intanypurbasari/food-nutrition"
DR149,"Taoge kacang kedelai, segar (Soya bean, sprout, fresh)",Sayuran,mentah,81.0,76,9.0,2.6,6.4,0.7,1.0,50.0,65.0,1.0,5.0,212.4,0.26,0.7,,0.0,110.0,0.23,0.19,1.2,15.0,7.2,,,"TKPI (panganku.org), per 100 g edible portion; scraped by github.com/intanypurbasari/food-nutrition"
DR150,"Taoge kacang tunggak, segar (southern pea, fresh)",Sayuran,mentah,88.0,40,5.0,0.2,5.8,2.6,1.0,57.0,88.0,1.0,2.0,226.8,0.07,0.5,,299.0,0.0,0.07,0.08,0.8,15.0,17.6,,,"TKPI (panganku.org), per 100 g edible portion; scraped by github.com/intanypurbasari/food-nutrition"
DR151,"Tebu terubuk (lilin), segar",Sayuran,mentah,91.0,30,4.6,0.4,3.0,0.8,1.0,40.0,80.0,2.0,699.0,,0.2,1.1,,12.0,0.0,0.08,0.2,1.2,50.0,17.4,,,"TKPI (panganku.org), per 100 g edible portion; scraped by github.com/intanypurbasari/food-nutrition"
DR152,"Tekokak, segar (Devil's fig,fresh)",Sayuran,mentah,89.0,34,2.0,0.1,7.9,4.9,1.0,50.0,30.0,2.0,3.0,333.3,0.12,0.2,,23.0,750.0,0.08,0.05,0.9,8.0,15.0,,,"TKPI (panganku.org), per 100 g edible portion; scraped by github.com/intanypurbasari/food-nutrition"
DR153,"Tekokak, kering (Devil's fig, dried)",Sayuran,mentah,12.3,302,8.3,1.7,72.6,21.2,8.1,370.0,180.0,22.2,9.0,0.0,1044.0,1.0,,187.0,750.0,0.4,0.17,5.1,0.0,21.7,potassium_mg_zero_may_be_missing; copper_mg_implausibly_high,,"TKPI (panganku.org), per 100 g edible portion; scraped by github.com/intanypurbasari/food-nutrition"
DR154,"Terong, segar (Eggplant, fresh)",Sayuran,mentah,92.7,28,1.1,0.2,5.5,2.1,0.5,15.0,37.0,0.4,9.0,187.0,0.1,0.1,,46.0,30.0,0.04,0.03,0.5,5.0,33.6,,,"TKPI (panganku.org), per 100 g edible portion; scraped by github.com/intanypurbasari/food-nutrition"
DR155,"Terong asam, segar",Sayuran,mentah,90.5,37,2.0,0.4,6.3,3.2,0.8,13.0,59.0,1.5,3.0,155.0,0.3,0.3,,97.0,,0.2,0.1,0.8,4.0,29.5,,,"TKPI (panganku.org), per 100 g edible portion; scraped by github.com/intanypurbasari/food-nutrition"
DR156,"Terung belanda, segar (Tamarillo, fresh)",Sayuran,mentah,87.3,52,2.1,1.1,8.6,1.4,1.0,16.0,40.0,1.1,,,,,0.0,,8048.0,0.42,0.06,0.0,12.0,19.0,,,"TKPI (panganku.org), per 100 g edible portion; scraped by github.com/intanypurbasari/food-nutrition"
DR157,"Terung bengkulu, segar",Sayuran,mentah,86.6,52,1.1,0.4,11.2,3.2,0.8,19.0,39.0,1.1,14.0,,0.16,1.0,0.0,85.0,600.0,0.23,0.04,0.0,6.0,35.5,,,"TKPI (panganku.org), per 100 g edible portion; scraped by github.com/intanypurbasari/food-nutrition"
DR158,"Terong hintalo, segar",Sayuran,mentah,89.2,45,1.9,0.8,7.5,5.1,0.6,19.0,268.0,1.0,167.0,142.0,0.6,0.2,,552.0,,0.2,0.4,,4.0,141.1,,,"TKPI (panganku.org), per 100 g edible portion; scraped by github.com/intanypurbasari/food-nutrition"
DR159,"Terung panjang (Eggplant, fresh)",Sayuran,mentah,91.8,25,2.1,0.1,5.3,0.5,0.7,38.0,24.0,0.7,9.0,53.7,0.09,0.2,0.0,83.0,24.0,0.15,0.06,0.7,8.0,11.4,,,"TKPI (panganku.org), per 100 g edible portion; scraped by github.com/intanypurbasari/food-nutrition"
DR160,"Tomat, air (sari), segar (Tomato, juice, fresh)",Sayuran,mentah,94.0,20,1.0,0.2,3.5,0.4,1.3,7.0,15.0,0.4,10.0,225.2,0.06,0.1,,266.0,600.0,0.05,0.03,0.7,10.0,15.0,,,"TKPI (panganku.org), per 100 g edible portion; scraped by github.com/intanypurbasari/food-nutrition"
DR161,"Tomat merah, segar (Tomato, red, fresh)",Sayuran,mentah,92.9,24,1.3,0.5,4.7,1.5,0.6,8.0,77.0,0.6,10.0,164.9,0.14,0.2,,575.0,2083.0,0.06,0.07,0.4,34.0,59.2,,,"TKPI (panganku.org), per 100 g edible portion; scraped by github.com/intanypurbasari/food-nutrition"
DR162,"Tomat muda, segar (Tomato, green, fresh)",Sayuran,mentah,93.0,24,2.0,0.7,3.3,1.8,2.0,5.0,27.0,0.5,10.0,210.0,0.07,0.2,,384.0,320.0,0.07,0.04,0.7,30.0,13.5,,,"TKPI (panganku.org), per 100 g edible portion; scraped by github.com/intanypurbasari/food-nutrition"
DR163,"Uceng/ bunga melinjo, segar (Spanish joint fir, flower, fresh)",Sayuran,mentah,79.5,82,5.8,1.3,11.7,4.8,1.7,70.0,266.0,2.4,,,,,,,58.0,0.11,0.15,,3.0,45.9,,,"TKPI (panganku.org), per 100 g edible portion; scraped by github.com/intanypurbasari/food-nutrition"
DR164,"Umbut kelapa, segar",Sayuran,mentah,89.3,39,2.0,0.2,7.2,2.5,1.3,57.0,49.0,,4.0,447.0,0.2,1.4,,16.0,,0.1,0.1,,8.0,24.5,,,"TKPI (panganku.org), per 100 g edible portion; scraped by github.com/intanypurbasari/food-nutrition"
DR165,"Umbut rotan (Rattan, young shoot)",Sayuran,mentah,90.5,34,2.4,0.3,5.5,2.2,1.3,89.0,79.0,1.3,8.0,552.0,0.2,1.9,,14.0,,0.2,,,9.0,32.9,,,"TKPI (panganku.org), per 100 g edible portion; scraped by github.com/intanypurbasari/food-nutrition"
DR166,"Wortel, segar (Carrot, fresh)",Sayuran,mentah,89.9,36,1.0,0.6,7.9,1.0,0.6,45.0,74.0,1.0,70.0,245.0,0.06,0.3,,3784.0,7125.0,0.04,0.04,1.0,18.0,74.0,,,"TKPI (panganku.org), per 100 g edible portion; scraped by github.com/intanypurbasari/food-nutrition"
DP001,"Bayam, kukus",Sayuran,olahan,90.7,30,1.3,0.7,5.8,1.2,1.6,239.0,35.0,5.7,15.0,431.0,0.1,0.3,0.0,2699.0,3750.0,0.02,0.1,0.9,32.0,26.9,,,"TKPI (panganku.org), per 100 g edible portion; scraped by github.com/intanypurbasari/food-nutrition"
DP002,"Bayam ,rebus",Sayuran,olahan,93.5,23,1.2,0.6,3.7,1.1,1.0,150.0,35.0,0.5,16.0,308.4,0.2,0.3,0.0,3282.0,2864.0,0.02,0.1,0.9,19.0,29.2,,,"TKPI (panganku.org), per 100 g edible portion; scraped by github.com/intanypurbasari/food-nutrition"
DP003,"Buncis, rebus",Sayuran,olahan,90.6,30,2.2,0.2,6.4,1.5,0.6,107.0,47.0,0.5,7.0,138.9,0.1,0.3,,1.0,402.0,0.01,0.29,2.0,8.0,21.4,,,"TKPI (panganku.org), per 100 g edible portion; scraped by github.com/intanypurbasari/food-nutrition"
DP004,"Daun kacang panjang, kukus",Sayuran,olahan,87.2,40,3.7,0.3,8.0,1.8,0.8,111.0,66.0,3.7,6.0,419.5,0.2,0.3,0.0,2645.0,5781.0,0.15,0.2,0.9,11.0,17.8,,,"TKPI (panganku.org), per 100 g edible portion; scraped by github.com/intanypurbasari/food-nutrition"
DP005,"Daun katuk, rebus",Sayuran,olahan,83.3,53,5.3,0.9,9.1,1.2,1.4,185.0,102.0,3.1,16.0,291.3,0.3,1.3,0.0,11131.0,9000.0,0.0,0.3,2.2,66.0,19.2,,,"TKPI (panganku.org), per 100 g edible portion; scraped by github.com/intanypurbasari/food-nutrition"
DP006,"Daun kelor, rebus",Sayuran,olahan,80.3,61,6.1,0.9,10.0,0.9,2.6,255.0,36.0,2.1,45.0,181.2,0.1,0.6,,3972.0,6071.0,0.1,0.1,4.0,13.0,5.9,,,"TKPI (panganku.org), per 100 g edible portion; scraped by github.com/intanypurbasari/food-nutrition"
DP007,"Daun mengkudu, kukus",Sayuran,olahan,81.6,63,3.8,1.5,11.5,2.4,1.6,300.0,43.0,6.0,,,,,,2.0,4900.0,0.08,0.1,5.2,11.0,11.3,,,"TKPI (panganku.org), per 100 g edible portion; scraped by github.com/intanypurbasari/food-nutrition"
DP008,"Daun singkong, rebus",Sayuran,olahan,90.5,31,3.7,0.6,4.8,1.6,0.4,160.0,50.0,2.6,13.0,14.0,0.1,2.0,,3897.0,4150.0,0.02,0.1,1.7,34.0,13.5,energy_vs_macros>25%,,"TKPI (panganku.org), per 100 g edible portion; scraped by github.com/intanypurbasari/food-nutrition"
DP009,"Daun talas, rebus",Sayuran,olahan,91.6,27,1.3,0.2,5.9,1.6,1.0,119.0,41.0,1.4,3.0,519.4,0.5,0.5,0.0,4641.0,2682.0,0.0,0.6,1.9,7.0,31.5,,,"TKPI (panganku.org), per 100 g edible portion; scraped by github.com/intanypurbasari/food-nutrition"
DP010,"Daun ubi merah, kukus",Sayuran,olahan,82.5,56,3.1,0.3,13.0,1.5,1.1,78.0,52.0,4.3,28.0,472.8,0.1,0.4,,5277.0,5397.0,0.0,0.2,1.1,14.0,16.8,,,"TKPI (panganku.org), per 100 g edible portion; scraped by github.com/intanypurbasari/food-nutrition"
DP011,"Kacang panjang ,kukus",Sayuran,olahan,88.2,39,3.0,0.6,7.6,1.7,0.6,100.0,91.0,1.2,28.0,199.0,0.11,0.5,0.0,131.0,205.0,0.02,0.1,0.3,20.0,30.3,,,"TKPI (panganku.org), per 100 g edible portion; scraped by github.com/intanypurbasari/food-nutrition"
DP012,"Kacang panjang, rebus",Sayuran,olahan,90.9,30,2.3,0.4,5.8,1.4,0.6,71.0,68.0,0.8,24.0,114.5,0.1,0.4,0.0,128.0,162.0,0.0,0.07,0.2,15.0,29.6,,,"TKPI (panganku.org), per 100 g edible portion; scraped by github.com/intanypurbasari/food-nutrition"
DP013,"Kangkung, kukus",Sayuran,olahan,90.4,30,3.2,0.7,4.7,1.8,1.0,70.0,49.0,4.4,45.0,184.9,0.1,0.3,0.0,2370.0,5837.0,0.03,0.28,1.4,11.0,15.3,energy_vs_macros>25%,,"TKPI (panganku.org), per 100 g edible portion; scraped by github.com/intanypurbasari/food-nutrition"
DP014,"Kangkung, rebus",Sayuran,olahan,93.0,22,2.5,0.6,3.1,1.2,0.8,50.0,51.0,3.5,31.0,98.0,0.1,0.3,0.0,2370.0,4325.0,0.01,0.22,1.2,13.0,20.4,energy_vs_macros>25%,,"TKPI (panganku.org), per 100 g edible portion; scraped by github.com/intanypurbasari/food-nutrition"
DP015,"Paria putih, kukus",Sayuran,olahan,95.0,16,0.8,0.2,3.4,1.2,0.6,16.0,33.0,0.5,4.0,236.0,0.0,0.7,,187.0,65.0,0.15,0.04,0.3,35.0,41.2,copper_mg_zero_may_be_missing,,"TKPI (panganku.org), per 100 g edible portion; scraped by github.com/intanypurbasari/food-nutrition"
DP016,"Selada, rebus",Sayuran,olahan,93.5,19,2.7,0.2,2.9,0.7,0.7,83.0,74.0,1.4,24.0,160.7,0.05,0.2,,2499.0,3700.0,0.08,0.2,0.6,27.0,27.4,,,"TKPI (panganku.org), per 100 g edible portion; scraped by github.com/intanypurbasari/food-nutrition"
DP017,"Taoge, goreng",Sayuran,olahan,79.2,88,3.2,2.1,14.0,0.7,1.5,168.0,50.0,5.7,,,,,2.0,,613.0,0.05,,,0.0,15.6,,,"TKPI (panganku.org), per 100 g edible portion; scraped by github.com/intanypurbasari/food-nutrition"
DP018,"Taoge, seduh",Sayuran,olahan,91.9,28,3.0,0.8,4.0,1.0,0.3,52.0,73.0,0.5,18.0,58.3,0.19,0.4,,46.0,18.0,0.1,0.0,0.9,2.0,24.3,energy_vs_macros>25%,,"TKPI (panganku.org), per 100 g edible portion; scraped by github.com/intanypurbasari/food-nutrition"
DP019,"Terung panjang, kukus",Sayuran,olahan,92.7,23,1.8,0.1,4.9,0.4,0.5,40.0,13.0,0.5,9.0,57.0,67.1,0.2,0.0,99.0,20.0,0.0,0.07,0.7,1.0,7.2,copper_mg_implausibly_high,,"TKPI (panganku.org), per 100 g edible portion; scraped by github.com/intanypurbasari/food-nutrition"
DP020,"Wortel, rebus",Sayuran,olahan,92.1,28,0.7,0.5,6.3,0.8,0.4,46.0,28.0,0.6,41.0,117.3,0.1,0.2,0.0,3824.0,5396.0,0.01,0.03,0.7,12.0,40.0,,,"TKPI (panganku.org), per 100 g edible portion; scraped by github.com/intanypurbasari/food-nutrition"
DP021,"Wortel, kukus",Sayuran,olahan,89.5,37,1.0,0.6,8.3,1.1,0.6,44.0,30.0,0.6,43.0,122.5,0.11,0.3,0.0,3994.0,7150.0,0.02,0.03,0.8,14.0,30.0,,,"TKPI (panganku.org), per 100 g edible portion; scraped by github.com/intanypurbasari/food-nutrition"
DP022,"Asinan Bogor, sayuran",Sayuran,olahan,78.0,98,3.9,2.6,14.8,0.5,0.7,314.0,17.0,1.2,483.0,,,,10.0,,146.0,0.28,,,5.0,4.4,,,"TKPI (panganku.org), per 100 g edible portion; scraped by github.com/intanypurbasari/food-nutrition"
DP023,"Anyang, sayur",Sayuran,olahan,76.9,126,3.4,7.9,10.3,5.4,1.5,180.0,1.0,2.9,290.0,181.0,0.3,1.2,,3263.0,,0.2,,,,0.3,,"Seperti urap sayuran, biasanya terdiri dari daun pakis, tauge, daun pepaya, kacang panjang, kangkung dan kelapa parut","TKPI (panganku.org), per 100 g edible portion; scraped by github.com/intanypurbasari/food-nutrition"
DP024,"Ares, sayur",Sayuran,olahan,77.7,113,0.9,7.2,11.2,4.7,3.0,63.0,5.0,1.5,1413.0,1030.0,0.7,3.8,,6.0,,0.1,,0.5,,5.6,,Masakan dari umbut / hati batang pisang dimasak dengan santan dan bumbu (gulai),"TKPI (panganku.org), per 100 g edible portion; scraped by github.com/intanypurbasari/food-nutrition"
DP025,Arwan sirsir,Sayuran,olahan,59.0,277,2.4,25.0,10.7,4.6,2.9,120.0,40.0,2.4,240.0,320.0,0.2,0.9,,1578.0,,0.1,0.2,0.0,11.0,16.7,,"Bahan dasar terdiri dari daun kasbi, daun pepaya, bunga pepaya dimasak dengan santan","TKPI (panganku.org), per 100 g edible portion; scraped by github.com/intanypurbasari/food-nutrition"
DP026,Beberuk,Sayuran,olahan,89.1,65,1.1,5.2,3.5,3.1,1.1,179.0,72.0,8.3,53.0,427.0,0.4,0.2,,44.0,,0.3,,4.4,,65.5,,"Sayuran mentah (kacang panjang dan terong ungu kecil diiris halus), ditambah bumbu / saos : cabe merah, cabe rawit merah, tomat, terasi, dan garam","TKPI (panganku.org), per 100 g edible portion; scraped by github.com/intanypurbasari/food-nutrition"
DP027,Botok lamtoro,Sayuran,olahan,63.9,186,11.7,9.7,13.0,2.1,2.2,771.0,322.0,26.0,,,,,18.0,,179.0,0.27,,,2.0,27.5,,"Bahan dasar terdiri dari lamtoro dan kelapa parut, dikukus dengan dibungkus daun pisang.","TKPI (panganku.org), per 100 g edible portion; scraped by github.com/intanypurbasari/food-nutrition"
DP028,Buntil daun talas,Sayuran,olahan,74.5,141,4.4,10.2,8.0,1.8,3.0,149.0,121.0,14.5,,,,,13.0,,8610.0,0.25,,,1.0,27.5,,"Bahan dasar terdiri dari daun talas, kelapa parut, dan ikan teri. Direbus dengan santan.","TKPI (panganku.org), per 100 g edible portion; scraped by github.com/intanypurbasari/food-nutrition"
DP029,Cammetutu,Sayuran,olahan,79.6,102,3.2,6.0,8.7,4.3,2.5,41.0,93.0,0.5,443.0,518.0,0.3,0.7,,1123.0,,0.3,0.4,0.4,19.0,29.1,,"Sayur daun singkong ditumbuk dan dimasak bersama kacang panjang, terong, dan labu siam.","TKPI (panganku.org), per 100 g edible portion; scraped by github.com/intanypurbasari/food-nutrition"
DP030,"Cap cai, sayur",Sayuran,olahan,82.7,97,5.8,6.3,4.2,0.6,1.0,287.0,89.0,1.8,405.0,,,,45.0,,1640.0,0.21,,,1.0,15.3,,,"TKPI (panganku.org), per 100 g edible portion; scraped by github.com/intanypurbasari/food-nutrition"
DP031,Gado-gado,Sayuran,olahan,68.5,137,6.1,3.2,21.0,1.1,1.5,301.0,135.0,7.5,,,,,3.0,,5929.0,0.1,,,1.0,22.1,,,"TKPI (panganku.org), per 100 g edible portion; scraped by github.com/intanypurbasari/food-nutrition"
DP032,"Gudeg, sayur",Sayuran,olahan,69.2,160,3.3,9.2,16.0,2.3,2.1,62.0,55.0,12.8,,,,,0.0,,166.0,0.15,,,0.0,16.7,,Bahan dasar terdiri dari nangka muda dan santan. Direbus dalam waktu yang lama,"TKPI (panganku.org), per 100 g edible portion; scraped by github.com/intanypurbasari/food-nutrition"
DP033,Gulai pakis,Sayuran,olahan,76.1,143,4.0,11.4,6.0,1.4,2.6,548.0,124.0,1.7,,,,,11.0,,9802.0,0.35,,,1.0,31.0,,,"TKPI (panganku.org), per 100 g edible portion; scraped by github.com/intanypurbasari/food-nutrition"
DP034,Gulai pliek,Sayuran,olahan,71.9,176,7.3,14.9,3.2,,2.7,39.0,54.0,1.4,257.0,285.0,0.3,0.6,,,,,,,,7.4,,"Bahan dasar terdiri dari nangka muda, daun melinjo, buah melinjo, jantung pisang, kacang panjang. Direbus dengan santan.","TKPI (panganku.org), per 100 g edible portion; scraped by github.com/intanypurbasari/food-nutrition"
DP035,Kadada katembe,Sayuran,olahan,80.0,110,4.5,6.9,7.1,3.9,1.5,26.0,77.0,0.0,178.0,131.0,0.2,0.7,,46.0,,0.1,,3.7,23.0,17.1,iron_mg_zero_may_be_missing,,"TKPI (panganku.org), per 100 g edible portion; scraped by github.com/intanypurbasari/food-nutrition"
DP036,"Kaparende, sayur",Sayuran,olahan,91.7,38,2.4,2.0,2.6,1.5,1.3,126.0,68.0,0.0,170.0,43.0,0.0,0.3,,40.0,,0.1,,3.7,22.0,28.3,iron_mg_zero_may_be_missing; copper_mg_zero_may_be_missing,sayur bening daun kelor + pepaya muda + ikan teri,"TKPI (panganku.org), per 100 g edible portion; scraped by github.com/intanypurbasari/food-nutrition"
DP037,"Karedok, sayur",Sayuran,olahan,79.0,92,2.2,3.3,14.1,1.4,1.4,174.0,85.0,2.4,,,,,0.0,,1.0,0.08,,,3.0,38.6,,,"TKPI (panganku.org), per 100 g edible portion; scraped by github.com/intanypurbasari/food-nutrition"
DP038,Keripik bayam,Sayuran,olahan,2.3,586,4.9,40.6,50.2,0.5,1.9,236.0,117.0,3.6,,,,,0.0,,4544.0,0.16,,,0.0,23.9,,,"TKPI (panganku.org), per 100 g edible portion; scraped by github.com/intanypurbasari/food-nutrition"
DP039,Kotiu hinela tawang nggole,Sayuran,olahan,88.4,46,2.2,1.5,6.0,3.8,1.9,64.0,44.0,0.0,316.0,103.0,1.6,0.8,,75.0,,0.3,,9.7,7.0,20.0,iron_mg_zero_may_be_missing,Sayur campur jantung pisang + daun singkong dan tekokak bumbu garam dan terasi,"TKPI (panganku.org), per 100 g edible portion; scraped by github.com/intanypurbasari/food-nutrition"
DP040,Lema/ Rebung asam,Sayuran,olahan,96.3,15,1.0,0.4,1.9,,0.4,17.0,230.0,2.9,3.0,156.0,0.1,0.7,,,,0.3,0.0,,,230.0,,"Bahan dasar : rebung dan ikan, diolah dengan cara direbus dan difermentasi, dengan rasa asam pedas","TKPI (panganku.org), per 100 g edible portion; scraped by github.com/intanypurbasari/food-nutrition"
DP041,Lilin bungkus gedi,Sayuran,olahan,84.8,79,2.3,5.2,5.8,2.5,1.9,170.0,70.0,0.9,170.0,50.0,0.2,0.8,,,,0.2,0.1,0.0,18.0,30.4,,,"TKPI (panganku.org), per 100 g edible portion; scraped by github.com/intanypurbasari/food-nutrition"
DP042,Olah-olah,Sayuran,olahan,83.9,9,2.1,6.0,7.1,4.4,0.9,26.0,3.0,1.2,289.0,266.0,0.3,0.6,,36.0,,0.2,0.1,0.4,,1.4,,"Masakan sayur: Kacang panjang dan toge direbus diberi saos santan kental yang dimasak dengan bumb bawang merah + bawang putih, cabe merah, terasi dan garam.","TKPI (panganku.org), per 100 g edible portion; scraped by github.com/intanypurbasari/food-nutrition"
DP043,Paku hinela wulelenggapaya,Sayuran,olahan,83.4,77,3.5,4.6,5.4,3.6,3.1,63.0,85.0,0.0,469.0,37.0,0.3,0.7,,55.0,,0.8,0.1,0.2,4.0,24.3,iron_mg_zero_may_be_missing,Sayur paku dan  bunga pepaya,"TKPI (panganku.org), per 100 g edible portion; scraped by github.com/intanypurbasari/food-nutrition"
DP044,Pelecing kangkung,Sayuran,olahan,83.8,75,2.5,2.8,10.0,5.4,0.9,36.0,3.0,2.1,408.0,381.0,0.1,0.4,,870.0,,0.7,,0.2,12.0,1.2,,"Kangkung dan toge direbus ditaburi kelapa parut (disangan) dan sambal (garam, cabe, terasi, dan tomat ) disiram air jeruk.","TKPI (panganku.org), per 100 g edible portion; scraped by github.com/intanypurbasari/food-nutrition"
DP045,Purundawa,Sayuran,olahan,91.8,25,1.5,0.5,3.6,1.7,2.6,147.0,39.0,0.0,239.0,201.0,0.1,0.6,,55.0,,0.1,0.1,11.6,2.0,26.0,iron_mg_zero_may_be_missing,Sayur bening bayam + terong kecil bumbu garam + terasi,"TKPI (panganku.org), per 100 g edible portion; scraped by github.com/intanypurbasari/food-nutrition"
DP046,Rujak cingur,Sayuran,olahan,70.1,153,11.3,8.4,8.0,1.4,1.4,256.0,143.0,4.4,,,,,18.0,,2880.0,0.16,,,2.0,12.7,,"Seperti gado-gado, ditambah cingur sapi.","TKPI (panganku.org), per 100 g edible portion; scraped by github.com/intanypurbasari/food-nutrition"
DP047,Sayur asem,Sayuran,olahan,93.2,29,0.7,0.6,5.0,0.6,0.8,40.0,61.0,3.1,,,,,14.0,,2075.0,0.1,,,0.0,87.1,,,"TKPI (panganku.org), per 100 g edible portion; scraped by github.com/intanypurbasari/food-nutrition"
DP048,Sayur bunga pepaya,Sayuran,olahan,83.4,49,1.7,0.3,9.8,2.7,2.1,220.0,220.0,1.3,90.0,350.0,0.1,0.1,,372.0,,,0.1,0.0,0.0,129.4,,,"TKPI (panganku.org), per 100 g edible portion; scraped by github.com/intanypurbasari/food-nutrition"
DP049,Sayur garu,Sayuran,olahan,70.8,178,2.6,13.9,10.6,8.4,2.1,30.0,130.0,0.9,20.0,120.0,0.1,0.3,,,,0.2,0.1,,9.0,50.0,,"Bahan dasar terdiri dari jantung pisang, daun ubi, daun pepaya. Ditumis","TKPI (panganku.org), per 100 g edible portion; scraped by github.com/intanypurbasari/food-nutrition"
DP050,Sayur kohu-kohu,Sayuran,olahan,72.8,133,7.3,6.6,11.2,1.2,2.1,40.0,120.0,0.2,20.0,50.0,0.1,0.3,,944.0,,0.2,0.2,,9.0,16.4,,"Seperti urap. Bahan dasar terdiri dari bayam, ketimun, daun kemangi, kacang panjang, taoge, dan kelapa.","TKPI (panganku.org), per 100 g edible portion; scraped by github.com/intanypurbasari/food-nutrition"
DP051,Sayur lilin-terubuk,Sayuran,olahan,90.4,36,2.7,0.7,4.8,1.4,1.4,10.0,90.0,0.1,30.0,44.0,0.2,1.0,,,,0.3,0.2,,18.0,33.3,,Bahan dasar terdiri dari lilin/terubuk. Direbus dengan santan.,"TKPI (panganku.org), per 100 g edible portion; scraped by github.com/intanypurbasari/food-nutrition"
DP052,Sayur ndusuk,Sayuran,olahan,87.5,49,3.1,2.5,3.6,,3.1,11.0,6.0,0.5,1011.0,88.0,,0.2,,,,0.2,0.1,,15.0,1.9,,,"TKPI (panganku.org), per 100 g edible portion; scraped by github.com/intanypurbasari/food-nutrition"
DP053,Sayur sop,Sayuran,olahan,92.7,27,1.3,2.0,1.0,0.3,2.7,168.0,57.0,1.8,,,,,20.0,,2569.0,0.1,,,0.0,43.8,,,"TKPI (panganku.org), per 100 g edible portion; scraped by github.com/intanypurbasari/food-nutrition"
DP054,Sayur umbut kelapa,Sayuran,olahan,85.5,67,5.2,2.9,5.1,1.4,1.3,48.0,81.0,3.2,313.0,108.0,0.2,1.1,,21.0,,0.2,,,5.0,15.6,,"Bahan dasar terdiri dari umbut kelapa, labu kuning, dan iga sapi. Direbus dengan santan","TKPI (panganku.org), per 100 g edible portion; scraped by github.com/intanypurbasari/food-nutrition"
DP055,Sayur umbut rotan,Sayuran,olahan,87.6,57,5.4,2.6,3.1,1.6,1.3,184.0,135.0,1.2,256.0,81.0,0.2,0.9,,18.0,0.0,0.2,,,6.0,25.0,,Umbut rotan masak tumis,"TKPI (panganku.org), per 100 g edible portion; scraped by github.com/intanypurbasari/food-nutrition"
DP056,Shabu-shabu,Sayuran,olahan,87.1,88,3.2,8.0,0.8,0.9,0.9,217.0,48.0,2.9,514.0,,,,82.0,,2000.0,0.2,,,0.0,15.0,,,"TKPI (panganku.org), per 100 g edible portion; scraped by github.com/intanypurbasari/food-nutrition"
DP057,Semur jengkol,Sayuran,olahan,52.7,212,6.0,10.0,29.1,,2.2,77.0,99.0,1.0,,,,,,,81.0,0.14,,,4.0,16.5,,,"TKPI (panganku.org), per 100 g edible portion; scraped by github.com/intanypurbasari/food-nutrition"
DP058,Tinira ninahu nggaluku,Sayuran,olahan,91.8,33,1.2,1.3,4.1,3.1,1.5,35.0,35.0,0.0,161.0,119.0,0.2,0.7,,6.0,0.0,0.3,0.0,3.5,10.0,29.2,iron_mg_zero_may_be_missing,Bahan dasar terdiri dari daun melinjo,"TKPI (panganku.org), per 100 g edible portion; scraped by github.com/intanypurbasari/food-nutrition"
DP059,Tumis bayam bersantan,Sayuran,olahan,91.2,48,1.4,4.2,2.6,0.5,0.6,129.0,27.0,0.8,,,,,0.0,,2988.0,0.01,,,22.0,19.3,,,"TKPI (panganku.org), per 100 g edible portion; scraped by github.com/intanypurbasari/food-nutrition"
DP060,Waluh balamak,Sayuran,olahan,89.4,45,0.8,0.9,8.1,7.9,1.0,25.0,25.0,0.5,61.0,15.0,,0.2,,1241.0,0.0,0.2,0.0,0.1,2.0,31.2,,,"TKPI (panganku.org), per 100 g edible portion; scraped by github.com/intanypurbasari/food-nutrition"
DP061,Woku ubi,Sayuran,olahan,73.0,143,3.1,7.8,15.0,7.0,1.1,195.0,91.0,2.8,353.0,256.0,0.3,1.0,,1519.0,0.0,0.1,,,15.0,29.4,,,"TKPI (panganku.org), per 100 g edible portion; scraped by github.com/intanypurbasari/food-nutrition"
ER001,"Alpukat, segar (Avocado, fresh)",Buah,mentah,84.3,85,0.9,6.5,7.7,,0.6,10.0,20.0,0.9,2.0,278.0,0.2,0.4,,189.0,180.0,0.05,0.08,1.0,13.0,22.2,,,"TKPI (panganku.org), per 100 g edible portion; scraped by github.com/intanypurbasari/food-nutrition"
ER002,"Anggur hutan, segar",Buah,mentah,92.3,30,0.5,0.2,6.8,1.2,0.2,39.0,12.0,1.1,,,,,0.0,,1.0,0.01,,,3.0,24.0,,,"TKPI (panganku.org), per 100 g edible portion; scraped by github.com/intanypurbasari/food-nutrition"
ER003,"Apel malang, segar (Apel, green, fresh)",Buah,mentah,85.9,57,0.5,0.4,12.8,0.8,0.3,9.0,18.0,0.6,4.0,175.4,110.16,0.0,,26.0,2240.0,0.05,0.03,0.1,5.0,36.0,copper_mg_implausibly_high,,"TKPI (panganku.org), per 100 g edible portion; scraped by github.com/intanypurbasari/food-nutrition"
ER004,"Apel, segar",Buah,mentah,84.1,58,0.3,0.4,14.9,2.6,0.3,6.0,10.0,0.3,2.0,130.0,124.2,0.3,,30.0,90.0,0.04,0.03,0.1,5.0,33.3,copper_mg_implausibly_high,,"TKPI (panganku.org), per 100 g edible portion; scraped by github.com/intanypurbasari/food-nutrition"
ER005,"Arbai, segar (Arbein, fresh)",Buah,mentah,89.9,37,0.8,0.5,8.3,,0.5,28.0,27.0,0.8,2.0,43.0,63.52,18.9,,2.0,60.0,0.03,0.0,0.1,60.0,33.8,copper_mg_implausibly_high,,"TKPI (panganku.org), per 100 g edible portion; scraped by github.com/intanypurbasari/food-nutrition"
ER006,"Belimbing, segar (Starfruit, fresh)",Buah,mentah,90.0,36,0.4,0.4,8.8,3.2,0.4,4.0,12.0,1.1,4.0,130.0,,0.1,,29.0,170.0,0.03,,,35.0,30.0,,,"TKPI (panganku.org), per 100 g edible portion; scraped by github.com/intanypurbasari/food-nutrition"
ER007,"Biwah, segar (Loquat, fresh)",Buah,mentah,87.1,51,0.3,0.1,12.1,0.7,0.5,220.0,14.0,0.8,1.0,258.6,0.04,0.0,0.0,,12256.0,0.1,0.02,0.0,4.0,46.7,zinc_mg_zero_may_be_missing,,"TKPI (panganku.org), per 100 g edible portion; scraped by github.com/intanypurbasari/food-nutrition"
ER008,"Buah atung, segar",Buah,mentah,92.0,23,0.8,0.2,5.2,,1.8,30.0,50.0,4.6,,,,,,,0.0,0.29,,,38.0,62.5,,,"TKPI (panganku.org), per 100 g edible portion; scraped by github.com/intanypurbasari/food-nutrition"
ER009,"Buah kelenting, segar",Buah,mentah,73.9,110,1.4,2.1,21.4,,1.2,8.0,102.0,1.1,2.0,0.0,0.3,0.9,,,,0.2,0.1,,6.0,72.9,potassium_mg_zero_may_be_missing,,"TKPI (panganku.org), per 100 g edible portion; scraped by github.com/intanypurbasari/food-nutrition"
ER010,"Buah kom, segar",Buah,mentah,33.7,264,4.0,1.1,59.6,9.0,1.7,306.0,92.0,0.8,,,,,0.0,,400.0,0.11,,0.0,9.0,23.0,,,"TKPI (panganku.org), per 100 g edible portion; scraped by github.com/intanypurbasari/food-nutrition"
ER011,"Buah mentega (Bisbul), segar (Persimmons, japanese, fresh)",Buah,mentah,89.0,39,0.7,0.2,9.7,2.0,0.4,43.0,17.0,0.8,1.0,90.0,0.06,0.1,,141.0,55.0,0.02,0.01,0.1,33.0,24.3,,,"TKPI (panganku.org), per 100 g edible portion; scraped by github.com/intanypurbasari/food-nutrition"
ER012,"Buah Naga Merah, segar",Buah,mentah,85.7,71,1.7,3.1,9.1,3.2,0.4,13.0,14.0,0.4,10.0,128.0,0.0,0.4,,0.0,0.0,0.5,0.3,0.5,1.0,8.2,,,"TKPI (panganku.org), per 100 g edible portion; scraped by github.com/intanypurbasari/food-nutrition"
ER013,"Buah Naga Putih, segar",Buah,mentah,86.6,56,0.8,1.0,10.9,3.2,0.6,13.0,27.0,0.5,7.0,231.0,0.0,0.4,,0.0,0.0,0.02,0.5,0.9,1.0,33.8,copper_mg_zero_may_be_missing,,"TKPI (panganku.org), per 100 g edible portion; scraped by github.com/intanypurbasari/food-nutrition"
ER014,"Buah negri, segar (Passion-fruit (granadilla), fresh)",Buah,mentah,85.7,55,1.2,0.1,12.2,5.2,0.8,30.0,40.0,0.2,10.0,0.0,0.1,0.3,,460.0,,0.33,0.03,0.1,9.0,33.3,potassium_mg_zero_may_be_missing,,"TKPI (panganku.org), per 100 g edible portion; scraped by github.com/intanypurbasari/food-nutrition"
ER015,"Buah nona, segar (Sugarapple, fresh)",Buah,mentah,71.5,101,1.7,0.6,25.2,2.8,1.0,27.0,20.0,0.8,5.0,312.5,325.7,0.1,,49.0,,0.08,0.16,0.9,22.0,11.8,copper_mg_implausibly_high,,"TKPI (panganku.org), per 100 g edible portion; scraped by github.com/intanypurbasari/food-nutrition"
ER016,"Buah rotan, segar",Buah,mentah,79.4,78,0.6,0.3,18.2,,1.5,1.0,7.0,3.4,7.0,495.0,0.3,0.7,,,,0.12,0.0,,5.0,11.7,,,"TKPI (panganku.org), per 100 g edible portion; scraped by github.com/intanypurbasari/food-nutrition"
ER017,"Buah rukam, segar (Rukam, fresh)",Buah,mentah,71.3,113,0.8,0.3,26.8,7.7,0.8,108.0,52.0,1.2,2.0,219.0,0.3,0.9,,17.0,,0.06,0.01,,20.0,65.0,,,"TKPI (panganku.org), per 100 g edible portion; scraped by github.com/intanypurbasari/food-nutrition"
ER018,"Buah ruruhi, segar",Buah,mentah,93.0,29,2.1,0.7,3.6,2.6,0.3,6.0,7.0,0.0,36.0,45.0,0.0,0.1,,7.0,,0.06,0.01,,10.0,3.3,,,"TKPI (panganku.org), per 100 g edible portion; scraped by github.com/intanypurbasari/food-nutrition"
ER019,"Buah tuppa, segar",Buah,mentah,82.5,67,0.4,0.2,15.9,,1.0,12.0,139.0,0.5,2.0,0.0,0.2,0.5,,,,0.04,0.01,,5.0,347.5,potassium_mg_zero_may_be_missing,,"TKPI (panganku.org), per 100 g edible portion; scraped by github.com/intanypurbasari/food-nutrition"
ER020,"Carica papaya, segar (Papaya)",Buah,mentah,93.4,24,1.9,0.2,3.7,1.0,0.9,51.0,33.0,1.8,,,,,0.0,0.0,1000.0,0.32,0.07,0.0,85.0,17.4,,,"TKPI (panganku.org), per 100 g edible portion; scraped by github.com/intanypurbasari/food-nutrition"
ER021,"Cempedak, segar (Chempedak)",Buah,mentah,67.0,116,3.0,0.4,28.6,3.4,1.0,20.0,30.0,1.5,25.0,243.7,,,,79.0,200.0,0.0,,0.5,15.0,10.0,,,"TKPI (panganku.org), per 100 g edible portion; scraped by github.com/intanypurbasari/food-nutrition"
ER022,"Duku, segar",Buah,mentah,82.0,63,1.0,0.2,16.1,4.3,0.7,18.0,9.0,0.9,2.0,149.0,0.09,0.2,,0.0,0.0,0.05,0.15,1.5,9.0,9.0,,,"TKPI (panganku.org), per 100 g edible portion; scraped by github.com/intanypurbasari/food-nutrition"
ER023,"Durian, segar (Durian, fresh)",Buah,mentah,65.0,134,2.5,3.0,28.0,3.5,8.0,7.0,44.0,1.3,1.0,601.0,0.12,0.3,,146.0,175.0,0.1,0.19,136.5,53.0,17.6,proximate_sum>105g; niacin_mg_implausibly_high,,"TKPI (panganku.org), per 100 g edible portion; scraped by github.com/intanypurbasari/food-nutrition"
ER024,"Duwet, segar (Jambolan, fresh)",Buah,mentah,80.2,80,0.5,0.6,18.2,0.9,0.5,33.0,138.0,1.3,16.0,92.7,191.28,0.3,0.0,329.0,0.0,0.02,0.01,2.5,130.0,276.0,copper_mg_implausibly_high,,"TKPI (panganku.org), per 100 g edible portion; scraped by github.com/intanypurbasari/food-nutrition"
ER025,"Embacang, segar (Kuwini, fresh)",Buah,mentah,72.5,98,1.4,0.2,25.4,1.9,0.5,21.0,15.0,0.5,3.0,250.9,0.13,0.1,,2533.0,1218.0,0.03,0.09,0.7,56.0,10.7,,,"TKPI (panganku.org), per 100 g edible portion; scraped by github.com/intanypurbasari/food-nutrition"
ER026,"Encung asam, segar (Tamarillo, fresh)",Buah,mentah,73.0,122,3.5,4.5,17.5,9.3,1.5,63.0,69.0,3.2,,,,,0.0,,2357.0,0.02,,,0.0,19.7,,,"TKPI (panganku.org), per 100 g edible portion; scraped by github.com/intanypurbasari/food-nutrition"
ER027,"Erbis, segar (Passion-fruit (granadilla), fresh)",Buah,mentah,80.0,70,0.6,0.0,18.9,7.7,0.5,11.0,50.0,1.1,21.0,257.1,0.06,0.1,,549.0,10.0,0.0,0.1,1.1,16.0,83.3,,,"TKPI (panganku.org), per 100 g edible portion; scraped by github.com/intanypurbasari/food-nutrition"
ER028,Gandaria masak (Kundang),Buah,mentah,80.8,68,0.7,0.1,18.0,2.2,0.4,9.0,20.0,1.0,3.0,129.0,,,,329.0,1020.0,0.03,0.07,0.7,111.0,28.6,,,"TKPI (panganku.org), per 100 g edible portion; scraped by github.com/intanypurbasari/food-nutrition"
ER029,"Gatep, segar (Chestnut, fresh)",Buah,mentah,52.7,191,4.5,1.5,39.7,13.4,1.6,186.0,69.0,3.2,17.0,403.3,0.69,1.3,,51.0,,0.05,0.2,1.8,,15.3,,,"TKPI (panganku.org), per 100 g edible portion; scraped by github.com/intanypurbasari/food-nutrition"
ER030,"Jambu air, segar (Roseapple, fresh)",Buah,mentah,87.0,46,0.6,0.2,11.8,2.1,0.8,8.0,9.0,1.1,11.0,321.2,,0.1,,92.0,,0.02,0.38,4.6,5.0,15.0,,,"TKPI (panganku.org), per 100 g edible portion; scraped by github.com/intanypurbasari/food-nutrition"
ER031,"Jambu biji (Guava, fresh)",Buah,mentah,86.0,49,0.9,0.3,12.2,2.4,0.6,14.0,28.0,1.1,10.0,52.8,0.02,0.3,,27.0,25.0,0.02,0.03,0.8,87.0,31.1,,,"TKPI (panganku.org), per 100 g edible portion; scraped by github.com/intanypurbasari/food-nutrition"
ER032,"Jambu bj putih tdk brbj (Guava, white, seedles, fresh)",Buah,mentah,82.8,61,0.9,0.3,15.4,4.5,0.6,31.0,41.0,0.2,20.0,103.0,0.04,0.5,,53.0,18.0,1.02,0.06,1.3,116.0,45.6,,,"TKPI (panganku.org), per 100 g edible portion; scraped by github.com/intanypurbasari/food-nutrition"
ER033,"Jambu bol, segar (Malay Apple, fresh)",Buah,mentah,87.1,49,2.3,0.2,9.6,3.5,0.8,8.0,8.0,0.3,1.0,14.0,0.0,0.0,,92.0,,0.13,0.01,0.5,22.0,3.5,copper_mg_zero_may_be_missing; zinc_mg_zero_may_be_missing,,"TKPI (panganku.org), per 100 g edible portion; scraped by github.com/intanypurbasari/food-nutrition"
ER034,"Jambu monyet, segar (Cashew apple, fresh)",Buah,mentah,82.6,64,0.7,0.6,15.8,1.2,0.3,4.0,13.0,0.5,12.0,107.8,,,,1604.0,25.0,0.02,0.0,2.0,197.0,18.6,,,"TKPI (panganku.org), per 100 g edible portion; scraped by github.com/intanypurbasari/food-nutrition"
ER035,"Jeruk bali, segar (Pummelo, fresh)",Buah,mentah,86.3,48,0.6,0.2,12.4,0.8,0.5,23.0,27.0,0.5,21.0,366.1,171.25,0.1,,33.0,20.0,0.04,0.0,0.4,43.0,45.0,copper_mg_implausibly_high,,"TKPI (panganku.org), per 100 g edible portion; scraped by github.com/intanypurbasari/food-nutrition"
ER036,"Jeruk banjar, segar (Orange (banjar), fresh)",Buah,mentah,84.5,61,0.8,0.2,14.1,5.4,0.4,9.0,13.0,0.2,3.0,79.0,0.1,0.1,,9.0,,0.12,0.03,0.3,31.0,16.2,,,"TKPI (panganku.org), per 100 g edible portion; scraped by github.com/intanypurbasari/food-nutrition"
ER037,Jeruk garut-keprok (Mandarin),Buah,mentah,87.3,44,0.8,0.3,10.9,1.6,0.7,33.0,23.0,0.4,5.0,518.1,169.3,0.2,,0.0,420.0,0.07,0.03,0.2,31.0,28.8,copper_mg_implausibly_high,,"TKPI (panganku.org), per 100 g edible portion; scraped by github.com/intanypurbasari/food-nutrition"
ER038,"Jeruk Kalamansi, segar",Buah,mentah,90.2,39,0.3,0.3,8.9,2.3,0.4,42.0,85.0,0.5,3.0,82.0,0.3,0.1,,1.0,0.0,0.02,0.1,0.0,30.0,283.3,,,"TKPI (panganku.org), per 100 g edible portion; scraped by github.com/intanypurbasari/food-nutrition"
ER039,"Jeruk manis, segar (orange, fresh)",Buah,mentah,87.2,45,0.9,0.2,11.2,1.4,0.5,33.0,23.0,0.4,4.0,472.1,160.0,0.2,,0.0,190.0,0.08,0.03,0.2,49.0,25.6,copper_mg_implausibly_high,,"TKPI (panganku.org), per 100 g edible portion; scraped by github.com/intanypurbasari/food-nutrition"
ER040,"Jeruk nipis, segar (Lime, fresh)",Buah,mentah,88.9,44,0.5,0.2,10.0,0.4,0.4,18.0,22.0,0.2,3.0,108.9,0.06,0.1,,23.0,4.0,0.01,0.03,0.2,20.0,44.0,,,"TKPI (panganku.org), per 100 g edible portion; scraped by github.com/intanypurbasari/food-nutrition"
ER041,"Jeruk ragi, segar",Buah,mentah,87.6,49,0.7,0.2,11.1,0.5,0.4,36.0,67.0,0.7,4.0,457.3,155.0,0.2,,0.0,68.0,0.03,0.03,0.2,30.0,95.7,copper_mg_implausibly_high,,"TKPI (panganku.org), per 100 g edible portion; scraped by github.com/intanypurbasari/food-nutrition"
ER042,"Kawista, segar (Wood apple, fresh)",Buah,mentah,71.8,120,3.5,2.5,20.8,4.6,1.4,190.0,230.0,1.6,9.0,1015.0,308.43,0.4,,99.0,,0.07,0.07,0.4,3.0,65.7,copper_mg_implausibly_high,,"TKPI (panganku.org), per 100 g edible portion; scraped by github.com/intanypurbasari/food-nutrition"
ER043,"Kedondong masak, segar (Ambarella, fresh)",Buah,mentah,88.0,46,1.0,0.1,10.3,2.6,0.6,15.0,22.0,2.8,2.0,216.2,0.03,0.1,,164.0,233.0,0.08,0.23,0.3,30.0,22.0,,,"TKPI (panganku.org), per 100 g edible portion; scraped by github.com/intanypurbasari/food-nutrition"
ER044,"Kedondong, segar (Ambarella, fresh)",Buah,mentah,87.8,47,0.5,0.2,10.4,2.7,0.6,7.0,58.0,0.8,2.0,0.0,,0.2,,167.0,,0.07,0.04,0.4,32.0,116.0,potassium_mg_zero_may_be_missing,,"TKPI (panganku.org), per 100 g edible portion; scraped by github.com/intanypurbasari/food-nutrition"
ER045,"Kelapa hutan, kering",Buah,mentah,6.0,623,2.0,52.1,36.5,15.3,3.4,120.0,280.0,3.8,100.0,460.0,1.7,1.9,,,,,,0.2,,140.0,,,"TKPI (panganku.org), per 100 g edible portion; scraped by github.com/intanypurbasari/food-nutrition"
ER046,"Kelapa muda, daging, segar (Coconut, flesh, Young, fresh )",Buah,mentah,83.3,68,1.0,0.9,14.0,0.0,0.8,7.0,30.0,1.0,18.0,564.6,0.14,0.3,0.0,0.0,,0.06,0.02,0.6,4.0,30.0,,,"TKPI (panganku.org), per 100 g edible portion; scraped by github.com/intanypurbasari/food-nutrition"
ER047,"Kemang, segar (Kemang, fresh)",Buah,mentah,86.5,48,1.0,0.2,11.9,1.7,0.4,10.0,24.0,0.1,2.0,88.6,0.04,0.1,,318.0,6.0,0.08,0.01,0.3,58.0,24.0,,,"TKPI (panganku.org), per 100 g edible portion; scraped by github.com/intanypurbasari/food-nutrition"
ER048,"Kesemek, segar (Persimmons, fresh)",Buah,mentah,78.2,78,0.8,0.4,20.0,0.6,0.6,6.0,26.0,0.3,0.0,34.5,0.13,0.1,,109.0,2710.0,0.05,0.0,0.1,11.0,32.5,sodium_mg_zero_may_be_missing,,"TKPI (panganku.org), per 100 g edible portion; scraped by github.com/intanypurbasari/food-nutrition"
ER049,"Kokosan, segar (Langsat, fresh)",Buah,mentah,85.0,86,1.6,0.2,13.0,1.4,0.2,22.0,38.0,1.3,2.0,118.3,0.08,0.2,,0.0,20.0,0.04,0.04,1.5,3.0,23.8,energy_vs_macros>25%,,"TKPI (panganku.org), per 100 g edible portion; scraped by github.com/intanypurbasari/food-nutrition"
ER050,"Kranji, segar (Sweet inga, fresh)",Buah,mentah,20.1,315,2.1,1.4,73.5,3.6,2.9,160.0,120.0,3.7,,,,,,,,0.02,,,,57.1,,,"TKPI (panganku.org), per 100 g edible portion; scraped by github.com/intanypurbasari/food-nutrition"
ER051,"Langsat, segar (Langsat, fresh)",Buah,mentah,84.1,56,0.9,0.2,14.3,1.4,0.5,17.0,24.0,1.1,1.0,232.0,0.09,0.2,,,0.0,0.07,0.0,0.8,9.0,26.7,,,"TKPI (panganku.org), per 100 g edible portion; scraped by github.com/intanypurbasari/food-nutrition"
ER052,"Lemon, segar (Lemon, fresh)",Buah,mentah,92.2,34,0.5,0.8,6.2,0.1,0.3,23.0,20.0,0.3,31.0,140.0,0.1,0.2,,0.0,,0.09,0.12,0.3,50.0,40.0,,,"TKPI (panganku.org), per 100 g edible portion; scraped by github.com/intanypurbasari/food-nutrition"
ER053,"Lontar, segar (Palmyra palm, fresh)",Buah,mentah,93.0,27,0.4,0.2,6.0,1.6,0.4,91.0,243.0,0.5,,,,,,,,0.03,,,,607.5,,,"TKPI (panganku.org), per 100 g edible portion; scraped by github.com/intanypurbasari/food-nutrition"
ER054,"Mangga, segar (Mango, fresh)",Buah,mentah,86.6,52,0.7,0.0,12.3,1.6,0.2,20.0,16.0,1.0,3.0,140.0,0.33,0.0,,316.0,,0.03,0.01,0.3,12.0,22.9,,,"TKPI (panganku.org), per 100 g edible portion; scraped by github.com/intanypurbasari/food-nutrition"
ER055,"Mangga benggala, segar (Mango, benggala, fresh)",Buah,mentah,84.4,63,2.4,0.4,12.4,5.8,0.4,9.0,13.0,0.2,3.0,79.0,0.1,0.1,,10.0,,0.18,0.01,0.4,43.0,5.4,,,"TKPI (panganku.org), per 100 g edible portion; scraped by github.com/intanypurbasari/food-nutrition"
ER056,"Mangga gedung, segar (Mango, gedung, fresh)",Buah,mentah,87.4,44,0.7,0.2,11.2,1.6,0.5,13.0,10.0,0.2,2.0,83.6,0.04,0.1,,113.0,16400.0,0.08,0.01,0.3,30.0,14.3,,,"TKPI (panganku.org), per 100 g edible portion; scraped by github.com/intanypurbasari/food-nutrition"
ER057,"Mangga golek, segar (Mango, golek, fresh)",Buah,mentah,82.2,63,0.5,0.2,16.7,2.3,0.4,14.0,10.0,0.7,3.0,118.1,0.05,0.1,,160.0,3715.0,0.08,0.02,0.4,65.0,20.0,,,"TKPI (panganku.org), per 100 g edible portion; scraped by github.com/intanypurbasari/food-nutrition"
ER058,"Mangga harumanis, segar (Mango, harumanis, fresh)",Buah,mentah,86.6,46,0.4,0.2,11.9,1.7,0.8,15.0,9.0,0.2,2.0,88.9,0.04,0.1,,120.0,1200.0,0.08,0.01,0.3,6.0,22.5,,,"TKPI (panganku.org), per 100 g edible portion; scraped by github.com/intanypurbasari/food-nutrition"
ER059,"Mangga indramayu, segar (Mango, indramayu, fresh)",Buah,mentah,80.2,72,0.8,0.2,18.7,2.5,0.1,13.0,10.0,1.9,3.0,131.4,0.06,0.1,,178.0,2900.0,0.06,0.02,0.5,16.0,12.5,,,"TKPI (panganku.org), per 100 g edible portion; scraped by github.com/intanypurbasari/food-nutrition"
ER060,"Mangga kopek, segar (Mango, kopek, fresh)",Buah,mentah,84.5,56,0.4,0.2,14.6,2.0,0.3,16.0,10.0,1.7,2.0,102.9,0.04,0.1,,139.0,6520.0,0.03,0.01,0.4,27.0,25.0,,,"TKPI (panganku.org), per 100 g edible portion; scraped by github.com/intanypurbasari/food-nutrition"
ER061,"Mangga kwini, segar (Mango, kwini, fresh)",Buah,mentah,78.6,86,0.7,0.5,19.8,6.5,0.4,11.0,11.0,0.2,1.0,16.0,0.1,0.1,,932.0,,0.15,0.02,0.5,18.0,15.7,,,"TKPI (panganku.org), per 100 g edible portion; scraped by github.com/intanypurbasari/food-nutrition"
ER062,"Mangga manalagi, segar (Mango, manalagi, fresh)",Buah,mentah,66.5,133,1.0,0.1,32.1,11.8,0.3,20.0,23.0,1.0,70.0,161.0,0.0,0.0,0.0,4.0,,0.07,0.0,0.6,61.0,23.0,,,"TKPI (panganku.org), per 100 g edible portion; scraped by github.com/intanypurbasari/food-nutrition"
ER063,"Mangga muda, segar (Mango, unripe, fresh)",Buah,mentah,83.7,59,0.5,0.4,15.1,,0.3,12.0,11.0,0.4,2.0,108.2,0.05,0.1,,146.0,85.0,0.06,0.02,0.4,2.0,22.0,,,"TKPI (panganku.org), per 100 g edible portion; scraped by github.com/intanypurbasari/food-nutrition"
ER064,"Manggis, segar (Mangosteen, fresh)",Buah,mentah,83.0,63,0.6,0.6,15.6,1.5,0.2,8.0,12.0,0.8,10.0,61.9,0.1,0.1,,0.0,0.0,0.03,0.03,0.3,5.0,20.0,,,"TKPI (panganku.org), per 100 g edible portion; scraped by github.com/intanypurbasari/food-nutrition"
ER065,"Markisa, segar (Giant Granadilla, fresh)",Buah,mentah,64.7,144,3.5,1.2,29.8,11.4,0.8,27.0,203.0,1.4,37.0,453.8,0.11,0.1,0.0,969.0,691.0,0.02,0.17,2.0,10.0,58.0,,,"TKPI (panganku.org), per 100 g edible portion; scraped by github.com/intanypurbasari/food-nutrition"
ER066,"Matoa, segar (Matoa, fresh)",Buah,mentah,76.5,90,1.2,0.1,21.1,0.5,1.1,20.0,40.0,0.6,10.0,190.0,0.3,0.6,,2.0,,0.18,0.09,0.5,54.0,33.3,,,"TKPI (panganku.org), per 100 g edible portion; scraped by github.com/intanypurbasari/food-nutrition"
ER067,"Melon, segar",Buah,mentah,90.8,37,0.6,0.4,7.8,1.0,0.5,12.0,14.0,0.4,27.0,167.0,0.3,0.1,,1.0,0.0,0.02,0.1,0.0,0.0,23.3,,,"TKPI (panganku.org), per 100 g edible portion; scraped by github.com/intanypurbasari/food-nutrition"
ER068,"Menteng, segar (Kepundung, fresh)",Buah,mentah,79.0,65,1.7,0.3,16.1,,2.9,13.0,20.0,0.8,,,,,,,0.0,0.0,,,,11.8,,,"TKPI (panganku.org), per 100 g edible portion; scraped by github.com/intanypurbasari/food-nutrition"
ER069,"Nanas palembang, segar (Pineapple,palembang, fresh)",Buah,mentah,85.5,58,0.7,0.2,13.3,1.6,0.3,29.0,15.0,0.6,7.0,117.0,0.03,0.1,,17.0,,0.26,0.03,0.2,11.0,21.4,,,"TKPI (panganku.org), per 100 g edible portion; scraped by github.com/intanypurbasari/food-nutrition"
ER070,"Nanas, segar (Pineapple, fresh)",Buah,mentah,88.9,40,0.6,0.3,9.9,0.6,0.3,22.0,14.0,0.9,18.0,111.0,0.03,0.1,0.0,17.0,90.0,0.02,0.04,0.2,22.0,23.3,,,"TKPI (panganku.org), per 100 g edible portion; scraped by github.com/intanypurbasari/food-nutrition"
ER071,"Nangka masak pohon, segar (Jack fruit, fresh)",Buah,mentah,70.0,106,1.2,0.3,27.6,3.7,2.7,20.0,19.0,0.9,2.0,407.0,246.58,1.4,,149.0,330.0,0.07,0.1,1.0,7.0,15.8,copper_mg_implausibly_high,,"TKPI (panganku.org), per 100 g edible portion; scraped by github.com/intanypurbasari/food-nutrition"
ER072,"Pala, daging, segar (Nutmeg, flesh, fresh)",Buah,mentah,88.1,42,0.3,0.2,10.9,0.5,0.5,32.0,24.0,1.5,,,,,,,29.0,,,,22.0,80.0,,,"TKPI (panganku.org), per 100 g edible portion; scraped by github.com/intanypurbasari/food-nutrition"
ER073,"Pepaya, segar (Papaya, fresh)",Buah,mentah,86.7,46,0.5,0.1,12.2,1.6,0.6,23.0,12.0,1.7,4.0,221.0,0.02,0.3,,1038.0,365.0,0.04,0.06,0.4,78.0,24.0,,,"TKPI (panganku.org), per 100 g edible portion; scraped by github.com/intanypurbasari/food-nutrition"
ER074,"Pisang ambon, segar (Banana, fresh)",Buah,mentah,72.9,108,1.0,0.8,24.3,1.9,1.0,20.0,30.0,0.2,10.0,0.0,0.2,0.2,,37.0,,0.05,0.11,0.1,9.0,30.0,potassium_mg_zero_may_be_missing,,"TKPI (panganku.org), per 100 g edible portion; scraped by github.com/intanypurbasari/food-nutrition"
ER075,"Pisang angleng (pisang ampyang), segar (Banana, ampyang, fresh)",Buah,mentah,80.3,68,1.3,0.2,17.2,0.8,1.0,10.0,26.0,0.6,23.0,215.7,0.04,0.0,,9.0,76.0,0.08,0.05,2.5,6.0,20.0,zinc_mg_zero_may_be_missing,,"TKPI (panganku.org), per 100 g edible portion; scraped by github.com/intanypurbasari/food-nutrition"
ER076,"Pisang ayam, segar (Banana, ayam, fresh)",Buah,mentah,71.2,120,1.1,0.2,26.8,4.1,0.7,20.0,61.0,0.4,6.0,392.0,0.1,0.3,,24.0,,0.1,0.02,1.0,26.0,55.5,,,"TKPI (panganku.org), per 100 g edible portion; scraped by github.com/intanypurbasari/food-nutrition"
ER077,"Pisang gapi, segar (Banana, gapi, fresh)",Buah,mentah,66.3,131,1.6,0.1,31.1,11.7,1.0,58.0,40.0,0.3,6.0,392.0,0.13,0.3,,13.0,,0.18,0.02,0.3,13.0,25.0,,,"TKPI (panganku.org), per 100 g edible portion; scraped by github.com/intanypurbasari/food-nutrition"
ER078,"Pisang goroho, segar (Banana, goroho, fresh)",Buah,mentah,69.4,119,1.5,0.2,27.9,4.6,1.0,2.0,30.0,0.2,36.0,359.0,0.13,0.3,,11.0,,0.15,0.02,1.1,10.0,20.0,,,"TKPI (panganku.org), per 100 g edible portion; scraped by github.com/intanypurbasari/food-nutrition"
ER079,"Pisang hijau, segar (Banana, hijau, fresh)",Buah,mentah,68.9,121,1.0,0.1,28.9,0.4,1.1,9.0,37.0,0.9,31.0,529.4,0.28,0.6,,48.0,1000.0,0.13,0.06,0.0,13.0,37.0,,,"TKPI (panganku.org), per 100 g edible portion; scraped by github.com/intanypurbasari/food-nutrition"
ER080,"Pisang kayu, segar (Banana, kayu, fresh)",Buah,mentah,74.4,100,1.4,0.5,23.6,2.6,0.6,15.0,0.0,0.1,1.0,493.0,0.08,0.3,,3.0,,0.1,0.0,0.6,11.0,,phosphorus_mg_zero_may_be_missing,,"TKPI (panganku.org), per 100 g edible portion; scraped by github.com/intanypurbasari/food-nutrition"
ER081,"Pisang kepok, segar (Banana, kepok, fresh)",Buah,mentah,71.9,109,0.8,0.5,26.3,5.7,1.0,10.0,30.0,0.5,10.0,300.0,0.1,0.2,,0.0,,0.1,0.0,0.1,9.0,37.5,,,"TKPI (panganku.org), per 100 g edible portion; scraped by github.com/intanypurbasari/food-nutrition"
ER082,"Pisang ketip, segar (Banana, ketip, fresh)",Buah,mentah,63.4,145,1.1,0.3,34.5,6.6,0.7,5.0,54.0,0.1,4.0,726.0,0.15,0.5,,3.0,,0.13,0.02,0.8,95.0,49.1,,,"TKPI (panganku.org), per 100 g edible portion; scraped by github.com/intanypurbasari/food-nutrition"
ER083,"Pisang kidang, segar (Banana, kidang, fresh)",Buah,mentah,75.4,96,1.0,0.2,22.5,0.6,0.9,87.0,173.0,0.6,6.0,418.8,0.22,0.5,,38.0,58.0,0.04,0.1,0.9,2.0,173.0,,,"TKPI (panganku.org), per 100 g edible portion; scraped by github.com/intanypurbasari/food-nutrition"
ER084,"Pisang lampung, segar (Banana, lamoung, fresh)",Buah,mentah,72.1,99,1.3,0.2,25.6,4.3,0.8,10.0,19.0,0.9,28.0,475.0,0.25,0.5,,43.0,618.0,0.07,0.12,1.0,4.0,14.6,,,"TKPI (panganku.org), per 100 g edible portion; scraped by github.com/intanypurbasari/food-nutrition"
ER085,"Pisang mas bali ampenan, segar (Banana, mas bali ampenan, fresh)",Buah,mentah,76.8,92,1.4,0.2,21.0,3.7,0.5,7.0,29.0,1.2,32.0,272.0,0.18,0.4,,14.0,,0.09,0.03,0.6,11.0,20.7,,,"TKPI (panganku.org), per 100 g edible portion; scraped by github.com/intanypurbasari/food-nutrition"
ER086,"Pisang mas bali kopang, segar (Banana, mas bali, fresh)",Buah,mentah,64.2,127,1.4,0.2,31.8,3.7,2.4,10.0,0.0,0.1,43.0,616.0,0.12,0.4,,21.0,,0.21,0.05,0.9,17.0,,phosphorus_mg_zero_may_be_missing,,"TKPI (panganku.org), per 100 g edible portion; scraped by github.com/intanypurbasari/food-nutrition"
ER087,"Pisang mas, segar (Banana, mas, fresh)",Buah,mentah,64.2,127,1.4,0.2,33.6,1.4,0.6,7.0,25.0,0.8,42.0,392.0,195.78,0.5,,17.0,79.0,0.09,0.08,4.5,2.0,17.9,copper_mg_implausibly_high,,"TKPI (panganku.org), per 100 g edible portion; scraped by github.com/intanypurbasari/food-nutrition"
ER088,"Pisang raja sereh, segar (Banana raja sereh, fresh)",Buah,mentah,69.3,108,1.3,0.3,28.2,0.7,1.0,16.0,38.0,0.1,31.0,522.6,0.27,0.6,,48.0,480.0,0.02,0.08,1.1,2.0,29.2,,,"TKPI (panganku.org), per 100 g edible portion; scraped by github.com/intanypurbasari/food-nutrition"
ER089,"Pisang raja, segar (Banana raja, fresh)",Buah,mentah,65.8,120,1.2,0.2,31.8,5.3,1.0,10.0,22.0,0.8,35.0,582.2,0.31,0.7,,53.0,950.0,0.06,0.14,1.2,10.0,18.3,,,"TKPI (panganku.org), per 100 g edible portion; scraped by github.com/intanypurbasari/food-nutrition"
ER090,"Pisang rotan, segar (Banana, rotan, fresh)",Buah,mentah,76.1,98,1.3,1.2,20.5,1.0,0.9,17.0,51.0,1.1,24.0,406.9,0.21,0.5,,37.0,697.0,0.01,0.1,0.9,2.0,39.2,,,"TKPI (panganku.org), per 100 g edible portion; scraped by github.com/intanypurbasari/food-nutrition"
ER091,"Pisang talas, segar (Banana, talas, fresh)",Buah,mentah,71.0,113,1.2,0.2,26.7,4.4,0.9,22.0,22.0,0.6,29.0,48.0,0.26,0.1,,159.0,,0.12,0.03,1.0,9.0,18.3,,,"TKPI (panganku.org), per 100 g edible portion; scraped by github.com/intanypurbasari/food-nutrition"
ER092,Pisang tujuh bulan (Banana),Buah,mentah,75.9,94,0.6,0.2,22.5,3.7,0.8,50.0,20.0,0.2,0.0,4.0,0.1,0.4,0.0,72.0,,0.03,0.03,0.3,6.0,33.3,sodium_mg_zero_may_be_missing,,"TKPI (panganku.org), per 100 g edible portion; scraped by github.com/intanypurbasari/food-nutrition"
ER093,"Pisang ua, segar (Banana, ua. Fresh)",Buah,mentah,67.8,128,0.8,0.5,30.2,8.1,0.7,12.0,28.0,0.7,33.0,382.0,0.2,0.3,,5.0,,0.09,0.01,1.2,4.0,35.0,,,"TKPI (panganku.org), per 100 g edible portion; scraped by github.com/intanypurbasari/food-nutrition"
ER094,"Pisang uli, segar (Banana, uli, fresh)",Buah,mentah,61.8,134,1.1,0.5,35.5,1.4,1.1,31.0,53.0,0.9,39.0,650.3,0.34,0.7,,59.0,113.0,0.11,0.16,1.4,3.0,48.2,,,"TKPI (panganku.org), per 100 g edible portion; scraped by github.com/intanypurbasari/food-nutrition"
ER095,"Purut, segar (Lime, wild (Purut))",Buah,mentah,81.1,76,4.1,1.1,15.2,1.7,1.4,30.0,76.0,0.6,10.0,285.2,,,,27.0,93.0,0.01,0.11,0.0,0.0,18.5,,,"TKPI (panganku.org), per 100 g edible portion; scraped by github.com/intanypurbasari/food-nutrition"
ER096,"Rambutan binjai, segar (Rambutan)",Buah,mentah,81.0,76,0.5,0.2,18.0,3.8,0.3,15.0,22.0,1.2,22.0,120.0,0.2,0.2,,0.0,,0.19,0.01,0.4,13.0,44.0,,,"TKPI (panganku.org), per 100 g edible portion; scraped by github.com/intanypurbasari/food-nutrition"
ER097,"Rambutan, segar (Rambutan)",Buah,mentah,80.5,69,0.9,0.1,18.1,0.8,0.4,16.0,16.0,0.5,16.0,104.2,0.17,0.1,,0.0,0.0,0.0,0.07,0.5,58.0,17.8,,,"TKPI (panganku.org), per 100 g edible portion; scraped by github.com/intanypurbasari/food-nutrition"
ER098,"Salak bali, segar (snake fruit, bali,fresh)",Buah,mentah,85.1,57,0.5,0.1,13.6,1.3,0.7,94.0,25.0,2.1,,,0.08,0.2,0.0,3.0,37.0,0.0,,,0.0,50.0,,,"TKPI (panganku.org), per 100 g edible portion; scraped by github.com/intanypurbasari/food-nutrition"
ER099,"Salak medan, segar (snake fruit, medan, fresh)",Buah,mentah,78.1,55,0.4,0.2,12.8,3.2,8.5,6.0,46.0,0.5,39.0,113.0,0.2,0.3,0.0,4.0,,0.04,0.03,,58.0,115.0,,,"TKPI (panganku.org), per 100 g edible portion; scraped by github.com/intanypurbasari/food-nutrition"
ER100,"Salak pondoh, segar (snake fruit, pondoh, fresh)",Buah,mentah,77.9,87,0.8,0.4,20.1,0.0,0.8,38.0,31.0,3.9,,,0.08,0.2,0.0,,40.0,0.0,0.12,0.1,8.0,38.8,,,"TKPI (panganku.org), per 100 g edible portion; scraped by github.com/intanypurbasari/food-nutrition"
ER101,"Salak, segar (snake fruit, fresh)",Buah,mentah,78.0,77,0.4,,20.9,,0.7,28.0,18.0,4.2,,,0.08,0.2,,4.0,0.0,0.04,,,2.0,45.0,,,"TKPI (panganku.org), per 100 g edible portion; scraped by github.com/intanypurbasari/food-nutrition"
ER102,"Sawo duren, segar (Sapodilla, fresh)",Buah,mentah,87.3,64,1.0,3.1,8.0,0.8,0.6,18.0,45.0,0.8,13.0,111.4,0.02,0.1,0.0,0.0,0.0,0.01,0.02,0.1,1.0,45.0,,,"TKPI (panganku.org), per 100 g edible portion; scraped by github.com/intanypurbasari/food-nutrition"
ER103,"Sawo kecik, segar (Sapodilla, fresh)",Buah,mentah,73.8,111,0.9,2.3,21.6,1.0,1.4,20.0,185.0,0.7,28.0,117.8,0.04,0.1,0.0,119.0,12.0,0.0,0.04,1.5,19.0,205.6,,,"TKPI (panganku.org), per 100 g edible portion; scraped by github.com/intanypurbasari/food-nutrition"
ER104,"Sawo Manila, segar (Sapodilla, manila, fresh)",Buah,mentah,75.5,92,0.5,1.1,22.4,9.5,0.5,25.0,12.0,1.0,26.0,110.2,0.04,0.1,0.0,111.0,60.0,0.01,0.04,1.4,21.0,24.0,,,"TKPI (panganku.org), per 100 g edible portion; scraped by github.com/intanypurbasari/food-nutrition"
ER105,"Semangka, segar (Water melon, fresh)",Buah,mentah,92.1,28,0.5,0.2,6.9,0.4,0.3,7.0,12.0,0.2,7.0,93.8,0.04,0.1,,315.0,590.0,0.05,0.05,0.3,6.0,24.0,,,"TKPI (panganku.org), per 100 g edible portion; scraped by github.com/intanypurbasari/food-nutrition"
ER106,"Sirsak, segar (Soursop, fresh)",Buah,mentah,81.7,65,1.0,0.3,16.3,3.2,0.7,14.0,27.0,0.6,2.0,298.9,0.08,1.0,,8.0,10.0,0.07,0.08,0.7,20.0,27.0,,,"TKPI (panganku.org), per 100 g edible portion; scraped by github.com/intanypurbasari/food-nutrition"
ER107,"Sowa, segar",Buah,mentah,87.7,48,1.6,0.6,9.1,45.0,10.0,50.0,40.0,0.3,9.0,0.0,0.1,1.5,0.0,364.0,,0.15,0.23,0.2,4.0,25.0,proximate_sum>105g; potassium_mg_zero_may_be_missing,,"TKPI (panganku.org), per 100 g edible portion; scraped by github.com/intanypurbasari/food-nutrition"
ER108,"Srikaya, segar (Sugar apple,fresh)",Buah,mentah,83.4,63,1.1,0.5,13.9,2.1,1.1,127.0,30.0,2.7,,,,,0.0,,31.0,0.08,,,28.0,27.3,,,"TKPI (panganku.org), per 100 g edible portion; scraped by github.com/intanypurbasari/food-nutrition"
ER109,"Sukun muda, segar (Breadfruit, young, fresh)",Buah,mentah,69.4,119,1.4,0.2,28.1,1.4,1.0,24.0,44.0,1.4,24.0,414.4,0.09,0.1,,28.0,4896.0,0.17,0.17,3.7,52.0,31.4,,,"TKPI (panganku.org), per 100 g edible portion; scraped by github.com/intanypurbasari/food-nutrition"
ER110,"Sukun tua, segar (Breadfruit, fresh)",Buah,mentah,67.8,126,1.6,0.2,24.5,1.5,1.0,37.0,47.0,1.6,25.0,436.0,0.09,0.1,,30.0,2000.0,0.18,0.17,3.9,58.0,29.4,,,"TKPI (panganku.org), per 100 g edible portion; scraped by github.com/intanypurbasari/food-nutrition"
ER111,"Vigus, segar",Buah,mentah,88.0,44,2.4,0.1,8.3,,1.2,30.0,20.0,0.3,2.0,180.0,0.1,0.2,,,,0.26,0.01,,43.0,8.3,,,"TKPI (panganku.org), per 100 g edible portion; scraped by github.com/intanypurbasari/food-nutrition"
ER112,"Wani, segar",Buah,mentah,81.2,74,0.8,0.3,17.1,3.1,0.6,66.0,29.0,1.2,,,,,,,32.0,0.08,,,80.0,36.2,,,"TKPI (panganku.org), per 100 g edible portion; scraped by github.com/intanypurbasari/food-nutrition"
EP001,Barongko,Buah,olahan,66.7,159,3.1,5.8,23.5,,0.7,35.0,65.0,1.2,46.0,78.0,0.3,0.6,,,,,,,,21.0,,Bahan dasar terdiri dari pisang dihaluskan ditambah santan dan gula pasir kemudian dibungkus daun pisang dan dikukus,"TKPI (panganku.org), per 100 g edible portion; scraped by github.com/intanypurbasari/food-nutrition"
EP002,Dodol nanas,Buah,olahan,16.1,338,1.5,1.2,80.3,,0.9,,,,,,,,,,,0.3,,,8.0,,,,"TKPI (panganku.org), per 100 g edible portion; scraped by github.com/intanypurbasari/food-nutrition"
EP003,Getuk pisang,Buah,olahan,63.7,144,1.1,0.4,34.1,0.4,0.7,48.0,32.0,1.0,,,,,,,1240.0,0.55,,,0.0,29.1,,,"TKPI (panganku.org), per 100 g edible portion; scraped by github.com/intanypurbasari/food-nutrition"
EP004,Keripik lampung,Buah,olahan,5.0,485,1.7,22.2,69.7,0.6,1.5,43.0,65.0,0.8,,,,,,,1464.0,0.34,,,0.0,38.2,,,"TKPI (panganku.org), per 100 g edible portion; scraped by github.com/intanypurbasari/food-nutrition"
EP005,Ledre pisang,Buah,olahan,3.6,405,4.8,5.1,84.9,0.4,1.6,59.0,124.0,2.6,,,,,,4.0,7330.0,0.41,,,0.0,25.8,,"Bahan dasar terdiri dari tepung terigu, gula, tepung beras, pidang raja","TKPI (panganku.org), per 100 g edible portion; scraped by github.com/intanypurbasari/food-nutrition"
EP006,Lempog durian,Buah,olahan,25.2,320,3.5,5.7,63.7,4.9,1.9,190.0,93.0,2.5,,,,,,,,0.05,0.04,,,26.6,,Dodol duren,"TKPI (panganku.org), per 100 g edible portion; scraped by github.com/intanypurbasari/food-nutrition"
EP007,Loka anjoro,Buah,olahan,63.3,163,1.1,4.3,30.0,,1.3,,,,,,,,,,,,,,,,,Pisang kepok/raja direbus dengan santan sampai kental,"TKPI (panganku.org), per 100 g edible portion; scraped by github.com/intanypurbasari/food-nutrition"
EP008,Rica-rica taipa,Buah,olahan,86.7,49,1.6,0.3,10.0,,1.4,11.0,48.0,3.0,426.0,42.0,0.5,0.5,,13.0,,0.18,,,15.0,30.0,,"Mangga muda diiris dicampur dengan cabai, udang kering dan terasi (Acar mangga muda)","TKPI (panganku.org), per 100 g edible portion; scraped by github.com/intanypurbasari/food-nutrition"
EP009,Rujak aceh,Buah,olahan,78.7,82,0.4,0.3,19.7,2.4,0.9,,,,,,,,,10.0,,0.22,0.03,,42.0,,,"Seperti Asinan. Bahan dasar terdiri dari buah batok, mangga, ketimun dan bengkuang.","TKPI (panganku.org), per 100 g edible portion; scraped by github.com/intanypurbasari/food-nutrition"
EP010,Sale kesemek,Buah,olahan,25.0,296,1.1,0.6,71.4,,1.8,,,,,,,,,,,,,,3.0,,,,"TKPI (panganku.org), per 100 g edible portion; scraped by github.com/intanypurbasari/food-nutrition"
EP011,Sale pisang siam,Buah,olahan,28.9,281,2.4,0.7,66.1,1.0,2.0,41.0,64.0,1.2,,,,,,,272.0,0.1,,,0.0,26.7,,,"TKPI (panganku.org), per 100 g edible portion; scraped by github.com/intanypurbasari/food-nutrition"
EP012,"Sale pisang, cilacap",Buah,olahan,27.1,295,2.3,2.1,66.9,1.3,1.7,47.0,97.0,2.8,,,,,,,296.0,0.14,,,,42.2,,,"TKPI (panganku.org), per 100 g edible portion; scraped by github.com/intanypurbasari/food-nutrition"
EP013,Sanggara belanda,Buah,olahan,47.1,242,6.4,7.1,38.2,,1.2,,,,,,,,,,,,,,,,,"Snack: Pisang raja dicelupkan kedalam kocokan telur, digoreng, dibelah diisi mentega, keju, dan gula yang telah dikocok bersama.","TKPI (panganku.org), per 100 g edible portion; scraped by github.com/intanypurbasari/food-nutrition"
EP014,Tepung Pisang,Buah,olahan,13.8,338,2.9,0.4,80.6,5.3,2.1,23.0,62.0,4.0,18.0,734.0,0.1,0.5,,13.0,1.0,0.02,0.02,1.0,2.0,21.4,,Pangan tunggal terolah/ produk yang berbahan baku pisang,"TKPI (panganku.org), per 100 g edible portion; scraped by github.com/intanypurbasari/food-nutrition"
EP015,Tepung Sukun,Buah,olahan,10.1,353,2.9,0.5,84.4,3.7,2.1,100.0,85.0,4.6,9.0,2008.0,0.1,0.6,,0.0,0.0,0.4,0.02,0.1,3.0,29.3,,Pangan tunggal terolah/ produk yang berbahan baku sukun,"TKPI (panganku.org), per 100 g edible portion; scraped by github.com/intanypurbasari/food-nutrition"
GP053,Abon haruwan,Buah,mentah,11.6,513,23.7,37.0,21.3,,6.4,25.0,25.0,0.5,61.0,15.0,0.0,0.2,,,,,,,,1.1,copper_mg_zero_may_be_missing; potassium_low_for_protein; phosphorus_low_for_protein,Abon dari ikan gabus,"TKPI (panganku.org), per 100 g edible portion; scraped by github.com/intanypurbasari/food-nutrition"
FR001,"Anak sapi, daging, gemuk, segar (Veal, meat, high fat, fresh)",Daging,mentah,62.0,184,18.8,14.0,0.0,0.0,5.2,10.0,200.0,2.2,118.0,490.1,0.17,3.3,12.0,37.0,,0.13,0.17,7.0,,10.6,,,"TKPI (panganku.org), per 100 g edible portion; scraped by github.com/intanypurbasari/food-nutrition"
FR002,"Anak sapi, daging, kurus, segar (Veal, meat, high fat, fresh)",Daging,mentah,69.0,174,19.6,10.0,0.0,0.0,1.4,11.0,201.0,2.9,96.0,399.8,0.14,2.7,6.0,30.0,,0.08,0.14,5.7,0.0,10.3,,,"TKPI (panganku.org), per 100 g edible portion; scraped by github.com/intanypurbasari/food-nutrition"
FR003,"Anak sapi, daging, sedang, segar (Veal, meat, fresh)",Daging,mentah,68.0,190,19.1,12.0,0.0,0.0,0.9,11.0,193.0,2.9,99.0,412.7,0.14,2.8,12.0,83.0,,0.14,0.15,5.9,0.0,10.1,,,"TKPI (panganku.org), per 100 g edible portion; scraped by github.com/intanypurbasari/food-nutrition"
FR004,"Angsa, daging, segar (Goose, meat, fresh)",Daging,mentah,51.1,349,16.4,31.5,0.0,0.0,1.0,15.0,188.0,1.8,71.0,299.2,0.26,1.7,273.0,0.0,,0.1,0.24,7.1,0.0,11.5,,,"TKPI (panganku.org), per 100 g edible portion; scraped by github.com/intanypurbasari/food-nutrition"
FR005,"Ayam, daging, segar (Chicken, meat, fresh)",Daging,mentah,55.9,298,18.2,25.0,0.0,0.0,0.9,14.0,200.0,1.5,109.0,385.9,0.11,0.6,245.0,0.0,,0.08,0.14,10.4,0.0,11.0,,,"TKPI (panganku.org), per 100 g edible portion; scraped by github.com/intanypurbasari/food-nutrition"
FR006,"Ayam, dideh/darah, segar (Black puding (chicken blood), fresh)",Daging,mentah,82.0,75,13.8,1.9,0.7,0.0,1.6,15.0,9.0,1.3,337.0,234.0,,,15.0,,,0.02,,0.6,0.0,0.7,phosphorus_low_for_protein,,"TKPI (panganku.org), per 100 g edible portion; scraped by github.com/intanypurbasari/food-nutrition"
FR007,"Ayam, hati, segar (Chicken liver, raw)",Daging,mentah,53.4,261,27.4,16.1,1.6,0.0,1.5,118.0,373.0,15.8,1068.0,22.9,0.84,0.0,4957.0,169.0,28000.0,0.64,4.38,4.1,0.0,13.6,zinc_mg_zero_may_be_missing; potassium_low_for_protein,,"TKPI (panganku.org), per 100 g edible portion; scraped by github.com/intanypurbasari/food-nutrition"
FR008,"Babi, daging, gemuk,segar (Pork, medium fat, fresh)",Daging,mentah,42.0,453,11.9,45.0,0.0,0.0,1.1,7.0,117.0,1.8,112.0,819.3,0.22,0.4,0.0,0.0,,0.58,0.59,5.9,0.0,9.8,,,"TKPI (panganku.org), per 100 g edible portion; scraped by github.com/intanypurbasari/food-nutrition"
FR009,"Babi, daging, kurus, segar (Pork, lean, fresh)",Daging,mentah,50.0,371,14.1,35.0,0.0,0.0,0.9,8.0,151.0,2.1,97.0,706.3,0.19,0.4,0.0,0.0,,0.67,0.33,5.4,0.0,10.7,,,"TKPI (panganku.org), per 100 g edible portion; scraped by github.com/intanypurbasari/food-nutrition"
FR010,"Babi, ginjal, segar (Kidney, pork, fresh)",Daging,mentah,77.1,110,16.3,4.6,0.8,0.0,1.2,11.0,246.0,8.0,139.0,390.0,0.71,3.2,39.0,10.0,,0.58,1.59,9.1,13.0,15.1,,,"TKPI (panganku.org), per 100 g edible portion; scraped by github.com/intanypurbasari/food-nutrition"
FR011,"Babi, hati, segar (Liver, pork, fresh)",Daging,mentah,72.3,129,19.7,4.8,1.7,0.0,1.5,10.0,362.0,18.0,110.0,447.0,0.58,0.1,4303.0,6.0,,0.4,1.16,5.7,23.0,18.4,,,"TKPI (panganku.org), per 100 g edible portion; scraped by github.com/intanypurbasari/food-nutrition"
FR012,"Bebek (itik), daging, segar (Duck, meat, fresh)",Daging,mentah,54.3,321,16.0,28.6,0.0,0.0,1.1,15.0,188.0,1.8,54.0,199.0,0.21,1.2,273.0,0.0,,0.1,0.28,4.3,0.0,11.8,,,"TKPI (panganku.org), per 100 g edible portion; scraped by github.com/intanypurbasari/food-nutrition"
FR013,"Bebek alabio, daging, segar (Duck, alabio, meat, fresh)",Daging,mentah,57.0,303,11.3,27.0,3.7,0.0,1.0,20.0,293.0,4.8,50.0,260.0,0.7,2.0,,0.0,,0.36,0.04,4.1,,25.9,,,"TKPI (panganku.org), per 100 g edible portion; scraped by github.com/intanypurbasari/food-nutrition"
FR014,"Belibis, daging, segar (Whistling duck, meat, fresh)",Daging,mentah,71.3,131,20.2,4.3,2.8,0.0,1.4,8.0,192.0,9.6,46.0,104.0,1.2,1.6,,0.0,,0.37,0.08,2.7,,9.5,,,"TKPI (panganku.org), per 100 g edible portion; scraped by github.com/intanypurbasari/food-nutrition"
FR015,"Burung, sarang, segar",Daging,mentah,24.8,281,37.5,0.3,32.1,,5.3,485.0,18.0,3.0,,,,,0.0,,,,,,0.0,0.5,phosphorus_low_for_protein,,"TKPI (panganku.org), per 100 g edible portion; scraped by github.com/intanypurbasari/food-nutrition"
FR016,"Domba, daging, gemuk, segar (Lamb, meat, high fat, fresh)",Daging,mentah,55.8,317,15.7,27.7,0.0,0.0,0.8,9.0,157.0,2.4,64.0,242.1,0.11,3.7,0.0,0.0,,0.14,0.23,6.5,0.0,10.0,,,"TKPI (panganku.org), per 100 g edible portion; scraped by github.com/intanypurbasari/food-nutrition"
FR017,"Domba, daging, kurus, segar (Lamb, meat, low fat, fresh)",Daging,mentah,66.3,202,17.1,14.8,0.0,0.0,1.8,10.0,191.0,2.6,90.0,355.0,0.08,2.8,0.0,0.0,,0.15,0.26,5.7,0.0,11.2,,,"TKPI (panganku.org), per 100 g edible portion; scraped by github.com/intanypurbasari/food-nutrition"
FR018,"Domba, ginjal, segar (Kidney, lamb, fresh)",Daging,mentah,77.8,100,16.6,3.3,1.0,0.0,1.3,13.0,237.0,9.2,155.0,276.0,0.48,2.4,348.0,515.0,,0.51,2.35,7.5,13.0,14.3,,,"TKPI (panganku.org), per 100 g edible portion; scraped by github.com/intanypurbasari/food-nutrition"
FR019,"Kambing, daging, segar (Goat, meat, fresh)",Daging,mentah,70.3,149,16.6,9.2,0.0,0.0,3.9,11.0,124.0,1.0,96.0,268.7,0.31,4.9,0.0,0.0,,0.09,0.23,5.0,0.0,7.5,,,"TKPI (panganku.org), per 100 g edible portion; scraped by github.com/intanypurbasari/food-nutrition"
FR020,"Kelinci, daging, segar (Rabbit, meat, fresh)",Daging,mentah,74.3,142,16.9,7.8,0.0,0.0,1.0,7.0,350.0,1.0,49.0,371.1,,,0.0,0.0,0.0,0.11,0.11,6.8,,20.7,,,"TKPI (panganku.org), per 100 g edible portion; scraped by github.com/intanypurbasari/food-nutrition"
FR021,"Kerbau, daging, segar (Buffalo, meat, fresh)",Daging,mentah,80.0,79,18.7,0.5,0.0,0.0,0.8,14.0,221.0,3.3,91.0,273.0,0.13,1.6,,,,0.06,0.17,5.0,0.0,11.8,,,"TKPI (panganku.org), per 100 g edible portion; scraped by github.com/intanypurbasari/food-nutrition"
FR022,"Kuda, daging, segar (Horse, meat, fresh)",Daging,mentah,76.0,113,18.1,4.1,0.9,0.0,0.9,10.0,150.0,2.7,46.0,315.7,0.13,2.5,0.0,,,0.07,0.07,3.0,0.0,8.3,,,"TKPI (panganku.org), per 100 g edible portion; scraped by github.com/intanypurbasari/food-nutrition"
FR023,"Sapi, babat, segar (Tripe, fresh)",Daging,mentah,76.7,108,17.6,4.2,0.0,0.0,1.5,12.0,144.0,1.0,147.0,101.4,0.11,2.2,0.0,49.0,,0.15,0.17,1.7,0.0,8.2,,,"TKPI (panganku.org), per 100 g edible portion; scraped by github.com/intanypurbasari/food-nutrition"
FR024,"Sapi, daging, gemuk, segar (Beef, high fat, fresh)",Daging,mentah,60.0,273,17.5,22.0,0.0,0.0,0.5,10.0,150.0,2.6,93.0,267.0,0.17,6.4,12.0,0.0,,0.08,0.18,7.3,0.0,8.6,,,"TKPI (panganku.org), per 100 g edible portion; scraped by github.com/intanypurbasari/food-nutrition"
FR025,"Sapi, daging, kurus, segar (Beef, low fat, fresh)",Daging,mentah,69.0,174,19.6,10.0,0.0,0.0,1.4,11.0,181.0,2.9,83.0,489.0,0.07,4.9,6.0,181.0,,0.07,0.51,1.2,0.0,9.2,,,"TKPI (panganku.org), per 100 g edible portion; scraped by github.com/intanypurbasari/food-nutrition"
FR026,"Sapi, daging, lemak sedang, segar (Beef, medium fat, fresh)",Daging,mentah,66.0,201,18.8,14.0,0.0,0.0,1.2,11.0,170.0,2.8,105.0,378.0,4.58,5.2,9.0,198.0,,0.08,0.56,1.3,0.0,9.0,,,"TKPI (panganku.org), per 100 g edible portion; scraped by github.com/intanypurbasari/food-nutrition"
FR027,"Sapi, daleman, segar (Offal, beef, fresh)",Daging,mentah,70.1,183,12.0,14.4,1.4,0.0,2.1,43.0,319.0,1.8,277.0,160.0,0.1,0.8,,104.0,,0.31,0.22,8.4,,26.6,,,"TKPI (panganku.org), per 100 g edible portion; scraped by github.com/intanypurbasari/food-nutrition"
FR028,"Sapi, dideh/darah (Black puding (cow's blood), fresh)",Daging,mentah,75.6,98,21.9,1.1,0.0,0.0,1.4,7.0,24.0,1.3,150.0,170.0,,0.2,15.0,214.0,,0.01,0.03,0.9,0.0,1.1,phosphorus_low_for_protein,,"TKPI (panganku.org), per 100 g edible portion; scraped by github.com/intanypurbasari/food-nutrition"
FR029,"Sapi, ginjal, segar (Kidney, beef, fresh)",Daging,mentah,74.9,137,15.0,8.1,0.9,0.0,1.1,9.0,221.0,7.9,200.0,230.2,,,348.0,583.0,,0.37,1.22,6.1,13.0,14.7,,,"TKPI (panganku.org), per 100 g edible portion; scraped by github.com/intanypurbasari/food-nutrition"
FR030,"Sapi, keleponan, segar (Tripe, beef, fresh)",Daging,mentah,83.8,84,10.5,4.6,0.2,0.0,0.9,20.0,13.0,2.1,73.0,318.0,0.2,1.7,857.0,34.0,,0.1,0.14,0.3,,1.2,phosphorus_low_for_protein,,"TKPI (panganku.org), per 100 g edible portion; scraped by github.com/intanypurbasari/food-nutrition"
FR031,"Sapi, liver, segar (Liver, beef, fresh)",Daging,mentah,69.7,132,19.7,3.2,6.0,0.0,1.4,7.0,358.0,6.6,110.0,213.0,0.51,2.3,13303.0,355.0,,0.26,1.52,11.4,31.0,18.2,,,"TKPI (panganku.org), per 100 g edible portion; scraped by github.com/intanypurbasari/food-nutrition"
FR032,"Sapi, otak, segar (Brain, beef, fresh)",Daging,mentah,78.9,123,10.4,8.6,0.8,0.0,1.3,16.0,330.0,3.6,112.0,243.8,0.26,0.9,0.0,0.0,,0.23,0.19,3.9,18.0,31.7,,,"TKPI (panganku.org), per 100 g edible portion; scraped by github.com/intanypurbasari/food-nutrition"
FR033,"Sapi, usus, segar",Daging,mentah,76.7,126,14.0,7.2,1.5,0.0,0.6,14.0,115.0,4.0,,,,,61.0,0.0,,0.08,0.33,0.2,0.0,8.2,,,"TKPI (panganku.org), per 100 g edible portion; scraped by github.com/intanypurbasari/food-nutrition"
FR034,"Ulat sagu segar (Caterpillar, sago palm, fresh)",Daging,mentah,65.9,241,5.8,21.6,5.8,2.8,0.9,20.0,70.0,0.5,210.0,210.0,1.0,7.7,,0.0,,0.17,1.45,0.1,,12.1,,,"TKPI (panganku.org), per 100 g edible portion; scraped by github.com/intanypurbasari/food-nutrition"
FP001,"Ayam, ampela, goreng",Daging,olahan,4.8,270,32.3,11.2,9.9,0.0,1.8,129.0,314.0,4.9,980.0,,0.12,3.3,56.0,,0.0,0.21,,4.7,0.0,9.7,,,"TKPI (panganku.org), per 100 g edible portion; scraped by github.com/intanypurbasari/food-nutrition"
FP002,"Ayam, usus, goreng",Daging,olahan,4.6,473,45.2,26.3,13.9,0.0,10.1,1407.0,458.0,8.4,,,,,6.0,,224.0,0.57,,0.0,,10.1,,,"TKPI (panganku.org), per 100 g edible portion; scraped by github.com/intanypurbasari/food-nutrition"
FP003,"Bebek, daging, goreng",Daging,olahan,48.8,300,24.0,20.7,4.5,0.0,2.0,170.0,170.0,4.1,34.0,6.0,0.4,3.0,,0.0,,0.1,0.4,10.6,,7.1,potassium_low_for_protein,,"TKPI (panganku.org), per 100 g edible portion; scraped by github.com/intanypurbasari/food-nutrition"
FP004,"Buaya, daging, dendeng, mentah",Daging,olahan,12.3,365,49.6,4.8,30.8,,2.5,60.0,130.0,4.3,500.0,680.0,0.2,11.6,,0.0,,,,0.2,,2.6,,,"TKPI (panganku.org), per 100 g edible portion; scraped by github.com/intanypurbasari/food-nutrition"
FP005,Ham,Daging,olahan,42.0,384,16.9,35.0,0.3,0.0,5.8,10.0,136.0,2.5,112.0,819.3,0.11,0.4,0.0,,,0.7,0.95,9.7,0.0,8.0,,,"TKPI (panganku.org), per 100 g edible portion; scraped by github.com/intanypurbasari/food-nutrition"
FP006,"Itik alabio, daging, dendeng, mentah",Daging,olahan,12.7,496,30.3,33.5,18.4,,5.1,135.0,370.0,12.5,1081.0,478.0,0.7,0.3,,0.0,,,,,,12.2,,,"TKPI (panganku.org), per 100 g edible portion; scraped by github.com/intanypurbasari/food-nutrition"
FP007,Kerupuk urat,Daging,olahan,3.6,588,53.7,40.9,1.2,,0.6,36.0,15.0,1.3,1024.0,37.0,0.1,0.2,2802.0,,,,,,,0.3,potassium_low_for_protein; phosphorus_low_for_protein,,"TKPI (panganku.org), per 100 g edible portion; scraped by github.com/intanypurbasari/food-nutrition"
FP008,"Menjangan, daging, dendeng, mentah",Daging,olahan,14.3,322,55.8,2.0,22.7,,5.3,55.0,310.0,2.1,765.0,1282.0,1.7,3.2,3391.0,26.0,,,,,,5.6,,,"TKPI (panganku.org), per 100 g edible portion; scraped by github.com/intanypurbasari/food-nutrition"
FP009,"Punai, daging, goreng",Daging,olahan,54.5,224,26.2,11.3,4.4,,3.6,362.0,362.0,3.1,2.0,19.0,0.3,1.6,,,,,,,,13.8,potassium_low_for_protein,,"TKPI (panganku.org), per 100 g edible portion; scraped by github.com/intanypurbasari/food-nutrition"
FP010,"Rusa, daging, dendeng, mentah",Daging,olahan,18.3,536,40.5,41.5,0.0,,2.5,90.0,420.0,13.4,130.0,690.0,0.3,10.7,285.0,,,,,0.2,,10.4,,,"TKPI (panganku.org), per 100 g edible portion; scraped by github.com/intanypurbasari/food-nutrition"
FP011,"Sapi, abon",Daging,olahan,7.1,212,18.0,10.6,59.3,7.5,4.7,150.0,209.0,12.3,,,,,0.0,240.0,138.0,0.17,,,0.0,11.6,energy_vs_macros>25%,,"TKPI (panganku.org), per 100 g edible portion; scraped by github.com/intanypurbasari/food-nutrition"
FP012,"Sapi, abon, asli",Daging,olahan,24.8,358,14.6,16.1,38.6,2.5,5.8,165.0,136.0,14.6,,,,,3.0,194.0,144.0,0.13,,,0.0,9.3,,,"TKPI (panganku.org), per 100 g edible portion; scraped by github.com/intanypurbasari/food-nutrition"
FP013,"Sapi, daging, asap",Daging,olahan,60.0,182,32.0,6.0,0.0,0.0,2.0,15.0,300.0,5.0,1620.0,485.4,0.03,5.1,6.0,,,0.12,0.23,5.9,0.0,9.4,,,"TKPI (panganku.org), per 100 g edible portion; scraped by github.com/intanypurbasari/food-nutrition"
FP014,"Sapi, daging, dendeng, mentah",Daging,olahan,25.0,301,55.0,9.0,0.0,,11.0,30.0,370.0,5.1,,,,,0.0,,,0.1,,,0.0,6.7,,,"TKPI (panganku.org), per 100 g edible portion; scraped by github.com/intanypurbasari/food-nutrition"
FP015,"Sapi, daging, kornet",Daging,olahan,53.0,289,16.0,25.0,0.0,0.0,6.0,10.0,170.0,4.0,794.0,94.4,0.07,4.0,0.0,52.0,,0.01,0.16,2.7,0.0,10.6,,,"TKPI (panganku.org), per 100 g edible portion; scraped by github.com/intanypurbasari/food-nutrition"
FP016,"Sapi, daging, sosis (Worst)",Daging,olahan,37.6,448,14.5,42.3,2.3,,3.3,28.0,61.0,1.1,765.0,284.5,0.06,1.7,0.0,,,0.1,0.18,4.9,0.0,4.2,,,"TKPI (panganku.org), per 100 g edible portion; scraped by github.com/intanypurbasari/food-nutrition"
FP017,"Sapi, hati, sosis (liverworst)",Daging,olahan,56.6,274,16.0,22.0,3.0,2.3,2.4,20.0,150.0,4.0,654.0,158.8,0.22,2.2,1201.0,,,0.2,0.96,4.0,0.0,9.4,,,"TKPI (panganku.org), per 100 g edible portion; scraped by github.com/intanypurbasari/food-nutrition"
FP018,"Sapi, paru, dendeng, mentah",Daging,olahan,9.7,360,57.3,6.0,19.2,,7.8,126.0,903.0,21.1,1483.0,864.0,1.2,6.1,2827.0,,,,,,,15.8,,,"TKPI (panganku.org), per 100 g edible portion; scraped by github.com/intanypurbasari/food-nutrition"
FP019,"Sapi, paru, goreng",Daging,olahan,45.5,268,23.9,12.7,14.5,,3.1,102.0,315.0,8.8,923.0,299.0,0.0,1.5,790.0,,,,,,,13.2,copper_mg_zero_may_be_missing,,"TKPI (panganku.org), per 100 g edible portion; scraped by github.com/intanypurbasari/food-nutrition"
FP020,"Ulat sagu, panggang",Daging,olahan,41.3,380,11.9,30.3,14.9,4.8,1.6,30.0,120.0,1.5,260.0,550.0,3.1,14.2,,0.0,,0.5,2.5,0.1,,10.1,,,"TKPI (panganku.org), per 100 g edible portion; scraped by github.com/intanypurbasari/food-nutrition"
FP021,"Ayam goreng church texas, dada",Daging,olahan,42.2,338,35.2,20.6,0.4,0.0,1.5,79.0,221.0,5.6,800.0,369.5,0.16,1.1,16.0,,80.0,0.52,0.16,12.1,0.0,6.3,,,"TKPI (panganku.org), per 100 g edible portion; scraped by github.com/intanypurbasari/food-nutrition"
FP022,"Ayam goreng church,texas paha",Daging,olahan,50.3,287,31.0,15.7,1.7,0.0,1.3,99.0,176.0,4.1,723.0,257.0,0.17,1.5,22.0,,30.0,0.66,0.2,5.3,0.0,5.7,,,"TKPI (panganku.org), per 100 g edible portion; scraped by github.com/intanypurbasari/food-nutrition"
FP023,"Ayam goreng church texas, sayap",Daging,olahan,47.2,295,34.0,16.0,1.5,0.0,1.3,81.0,179.0,3.0,771.0,237.2,0.16,1.2,13.0,,50.0,0.44,0.13,6.2,0.0,5.3,,,"TKPI (panganku.org), per 100 g edible portion; scraped by github.com/intanypurbasari/food-nutrition"
FP024,"Ayam goreng kalasan, paha",Daging,olahan,46.2,275,37.4,12.2,1.3,0.0,2.9,116.0,237.0,5.8,176.0,321.9,0.16,1.5,10.0,0.0,50.0,0.1,,,0.0,6.3,,,"TKPI (panganku.org), per 100 g edible portion; scraped by github.com/intanypurbasari/food-nutrition"
FP025,"Ayam goreng kentucky, dada",Daging,olahan,46.5,298,34.2,16.8,0.1,0.0,2.5,90.0,284.0,5.5,741.0,342.0,0.07,1.0,36.0,,50.0,0.19,0.0,0.0,0.0,8.3,,,"TKPI (panganku.org), per 100 g edible portion; scraped by github.com/intanypurbasari/food-nutrition"
FP026,"Ayam goreng Kentucky, paha",Daging,olahan,48.7,286,32.1,16.1,1.1,0.0,2.0,89.0,248.0,6.9,746.0,265.2,0.09,2.3,31.0,,20.0,0.5,0.21,5.5,0.0,7.7,,,"TKPI (panganku.org), per 100 g edible portion; scraped by github.com/intanypurbasari/food-nutrition"
FP027,"Ayam goreng Kentucky,sayap",Daging,olahan,44.7,297,35.9,15.2,1.6,0.0,2.6,103.0,227.0,4.4,807.0,248.4,0.06,1.4,22.0,,70.0,0.73,0.14,6.5,0.0,6.3,,,"TKPI (panganku.org), per 100 g edible portion; scraped by github.com/intanypurbasari/food-nutrition"
FP028,Ayam goreng mbok berek dada,Daging,olahan,43.4,295,39.2,13.6,1.0,0.0,2.8,114.0,278.0,5.4,,,,,8.0,,50.0,0.19,,,0.0,7.1,,,"TKPI (panganku.org), per 100 g edible portion; scraped by github.com/intanypurbasari/food-nutrition"
FP029,"Ayam goreng pasundan, dada",Daging,olahan,50.1,246,37.9,9.0,0.7,0.0,2.3,90.0,260.0,7.5,,,,,6.0,,70.0,0.16,,0.0,,6.9,,,"TKPI (panganku.org), per 100 g edible portion; scraped by github.com/intanypurbasari/food-nutrition"
FP030,"Ayam goreng pasundan, paha",Daging,olahan,52.8,245,33.1,11.4,0.3,0.0,2.5,90.0,283.0,7.3,,,,,8.0,,40.0,0.37,,0.0,,8.5,,,"TKPI (panganku.org), per 100 g edible portion; scraped by github.com/intanypurbasari/food-nutrition"
FP031,"Ayam goreng pioneer, dada",Daging,olahan,44.5,295,37.4,14.7,0.6,0.0,2.7,108.0,236.0,6.8,,,,,16.0,,80.0,0.1,,0.0,,6.3,,,"TKPI (panganku.org), per 100 g edible portion; scraped by github.com/intanypurbasari/food-nutrition"
FP032,"Ayam goreng sukabumi, dada",Daging,olahan,49.8,244,36.7,9.2,1.0,0.0,3.4,81.0,154.0,6.1,,,,,20.0,,80.0,0.66,,0.0,,4.2,,,"TKPI (panganku.org), per 100 g edible portion; scraped by github.com/intanypurbasari/food-nutrition"
FP033,"Ayam goreng sukabumi, paha",Daging,olahan,46.0,283,35.7,14.3,0.5,0.0,3.6,68.0,106.0,5.4,,,,,11.0,,60.0,0.36,,0.0,,3.0,,,"TKPI (panganku.org), per 100 g edible portion; scraped by github.com/intanypurbasari/food-nutrition"
FP034,"Ayam taliwang, masakan",Daging,olahan,57.5,264,18.2,20.1,2.7,,1.5,94.0,164.0,2.0,507.0,408.0,0.4,12.3,1067.0,,,,,,,9.0,,,"TKPI (panganku.org), per 100 g edible portion; scraped by github.com/intanypurbasari/food-nutrition"
FP035,"Babi hutan masak rica, masakan",Daging,olahan,56.2,491,24.6,16.3,0.2,,2.7,18.0,144.0,1.2,1415.0,327.0,0.2,2.6,2193.0,,,0.61,0.47,,0.0,5.9,energy_vs_macros>25%,,"TKPI (panganku.org), per 100 g edible portion; scraped by github.com/intanypurbasari/food-nutrition"
FP036,Beef burger,Daging,olahan,45.5,258,10.6,9.5,32.5,0.4,2.2,210.0,157.0,2.6,572.0,189.1,,,218.0,,7580.0,0.95,,,0.0,14.8,,,"TKPI (panganku.org), per 100 g edible portion; scraped by github.com/intanypurbasari/food-nutrition"
FP037,"Beef teriyaki, masakan",Daging,olahan,65.1,151,8.6,3.1,22.3,0.3,0.9,142.0,62.0,2.3,377.0,,,,22.0,,400.0,0.53,,,0.0,7.2,,Daging sapi bumbu teriyaki (rasa manis).,"TKPI (panganku.org), per 100 g edible portion; scraped by github.com/intanypurbasari/food-nutrition"
FP038,"Beef yakiniku, masakan",Daging,olahan,67.7,132,9.8,1.1,20.7,0.3,0.8,302.0,67.0,2.0,409.0,,,,78.0,,700.0,0.62,,,0.0,6.8,,Daging sapi panggang (rasa gurih),"TKPI (panganku.org), per 100 g edible portion; scraped by github.com/intanypurbasari/food-nutrition"
FP039,Brongkos,Daging,olahan,76.4,141,15.3,3.3,12.6,1.0,2.4,87.0,97.0,5.1,,,,,4.0,,356.0,0.4,,,0.0,6.3,proximate_sum>105g,Masakan daging sapi berkuah hitam yang berasal dari kluwek dan ditambah santan,"TKPI (panganku.org), per 100 g edible portion; scraped by github.com/intanypurbasari/food-nutrition"
FP040,"Bulgogi, masakan",Daging,olahan,84.2,72,11.4,4.9,1.4,1.7,0.7,214.0,86.0,2.5,509.0,,,,17.0,,,1.08,,,0.0,7.5,energy_vs_macros>25%,Daging sapi (sirloin) ditambah kecap asin dan gula.,"TKPI (panganku.org), per 100 g edible portion; scraped by github.com/intanypurbasari/food-nutrition"
FP041,"Chicken teriyaki, masakan",Daging,olahan,68.2,168,13.0,9.6,7.5,0.8,1.7,137.0,106.0,3.1,959.0,,,,68.0,,2200.0,0.65,,,0.0,8.2,,Daging ayam bumbu teriyaki (rasa lebih manis).,"TKPI (panganku.org), per 100 g edible portion; scraped by github.com/intanypurbasari/food-nutrition"
FP042,"Chikiniku, masakan",Daging,olahan,65.4,143,9.8,1.4,22.8,0.4,0.6,301.0,63.0,2.0,531.0,,,,27.0,,1280.0,0.73,,,0.0,6.4,,,"TKPI (panganku.org), per 100 g edible portion; scraped by github.com/intanypurbasari/food-nutrition"
FP043,"Coto mangkasara, kuda, masakan",Daging,olahan,83.5,96,6.8,5.9,3.8,,0.9,11.0,106.0,2.3,96.0,31.0,0.1,1.0,,,,0.23,0.14,4.2,,15.6,potassium_low_for_protein,,"TKPI (panganku.org), per 100 g edible portion; scraped by github.com/intanypurbasari/food-nutrition"
FP044,"Coto mangkasara, sapi, masakan",Daging,olahan,85.9,84,6.0,6.0,1.4,,0.7,8.0,104.0,4.0,90.0,25.0,0.3,0.6,,,,0.16,0.14,10.3,,17.3,potassium_low_for_protein,,"TKPI (panganku.org), per 100 g edible portion; scraped by github.com/intanypurbasari/food-nutrition"
FP045,"Djibokum, masakan",Daging,olahan,43.4,248,10.0,2.3,40.9,0.1,3.4,116.0,110.0,2.8,401.0,,,,52.0,,1920.0,0.75,,,0.0,11.0,,Ji-Bo-Kum. Gurita/seafood goreng pedas dengan sayuran.,"TKPI (panganku.org), per 100 g edible portion; scraped by github.com/intanypurbasari/food-nutrition"
FP046,"Empal (daging) Goreng, masakan",Daging,olahan,43.9,248,36.2,6.9,10.1,,2.0,131.0,235.0,6.4,848.0,,,,112.0,,620.0,0.55,,,0.0,6.5,,,"TKPI (panganku.org), per 100 g edible portion; scraped by github.com/intanypurbasari/food-nutrition"
FP047,Gulai kambing,Daging,olahan,78.4,126,4.2,9.4,6.2,,1.8,45.0,73.0,1.3,302.0,138.0,0.2,1.1,151.0,,,0.13,0.01,,,17.4,,,"TKPI (panganku.org), per 100 g edible portion; scraped by github.com/intanypurbasari/food-nutrition"
FP048,"Jangang bintatoeng, masakan",Daging,olahan,73.6,107,5.3,2.2,16.5,,2.4,64.0,61.0,2.5,482.0,406.0,0.2,0.8,,,,0.18,0.02,3.4,,11.5,,Masakan ayam dengan kacang hitam,"TKPI (panganku.org), per 100 g edible portion; scraped by github.com/intanypurbasari/food-nutrition"
FP049,"Kalio ayam, masakan",Daging,olahan,64.7,203,16.0,13.5,4.4,,1.4,278.0,177.0,4.2,534.0,,,,105.0,,3780.0,0.35,,,0.0,11.1,,,"TKPI (panganku.org), per 100 g edible portion; scraped by github.com/intanypurbasari/food-nutrition"
FP050,"Kalio jeroan, masakan",Daging,olahan,68.9,163,16.5,9.0,4.1,,1.5,102.0,268.0,7.1,570.0,,,,298.0,,1960.0,0.7,,,0.0,16.2,,,"TKPI (panganku.org), per 100 g edible portion; scraped by github.com/intanypurbasari/food-nutrition"
FP051,"Kalio kikil (tunjang), masakan",Daging,olahan,75.3,122,13.8,5.7,3.9,,1.3,154.0,59.0,3.4,519.0,,,,36.0,,1440.0,0.38,,,0.0,4.3,,,"TKPI (panganku.org), per 100 g edible portion; scraped by github.com/intanypurbasari/food-nutrition"
FP052,"Kalio otak, masakan",Daging,olahan,70.3,157,8.1,8.8,11.4,,1.4,212.0,69.0,3.3,604.0,,,,32.0,,1040.0,0.45,,,0.0,8.5,,,"TKPI (panganku.org), per 100 g edible portion; scraped by github.com/intanypurbasari/food-nutrition"
FP053,"Lawar babi, masakan",Daging,olahan,68.8,174,17.0,10.0,3.0,0.0,1.2,61.0,141.0,3.0,,,,0.0,,0.0,,0.1,,0.0,,8.3,zinc_mg_zero_may_be_missing,Seperti urap. Daging babi dicampur dengan kelapa parut yang sudah berbumbu.,"TKPI (panganku.org), per 100 g edible portion; scraped by github.com/intanypurbasari/food-nutrition"
FP054,"Lawar penyu, masakan",Daging,olahan,66.3,141,23.0,1.5,7.6,0.0,1.6,69.0,141.0,6.0,,,,0.0,,0.0,,0.1,,0.0,,6.1,zinc_mg_zero_may_be_missing,Seperti urap. Daging penyu dicampur dengan kelapa parut yang sudah berbumbu.,"TKPI (panganku.org), per 100 g edible portion; scraped by github.com/intanypurbasari/food-nutrition"
FP055,"Lawara jangang, masakan",Daging,olahan,72.4,159,5.0,10.9,10.1,,1.6,57.0,107.0,1.5,400.0,2368.0,0.1,1.0,14.0,,,0.25,0.16,,,21.4,,,"TKPI (panganku.org), per 100 g edible portion; scraped by github.com/intanypurbasari/food-nutrition"
FP056,"Naan maran sapi, masakan",Daging,olahan,14.8,478,38.3,33.9,5.1,,7.9,30.0,390.0,11.8,220.0,320.0,0.6,3.9,33.0,,,,,0.2,,10.2,,,"TKPI (panganku.org), per 100 g edible portion; scraped by github.com/intanypurbasari/food-nutrition"
FP057,"Nasu likku, masakan",Daging,olahan,59.0,196,14.5,8.3,15.9,,2.3,69.0,157.0,1.0,386.0,470.0,0.3,2.0,,,,0.2,0.24,1.5,,10.8,,"Ayam dengan irisan lengkuas yang halus, irisan serai yang halus (1/2 kg ayam dan 1/2 kg lengkuas dan serai). Dimasak dalam santan","TKPI (panganku.org), per 100 g edible portion; scraped by github.com/intanypurbasari/food-nutrition"
FP058,"Oramu ninahu ndawa olaho, masakan",Daging,olahan,74.9,117,13.7,5.0,4.3,,0.1,964.0,804.0,2.0,,727.0,0.3,1.5,4095.0,,,0.77,0.04,1.7,,58.7,,Sup iga dengan daun kedondong,"TKPI (panganku.org), per 100 g edible portion; scraped by github.com/intanypurbasari/food-nutrition"
FP059,"Paniki masak santan, masakan",Daging,olahan,25.4,460,28.5,35.2,7.2,,3.7,188.0,357.0,5.5,2002.0,532.0,0.4,2.5,954.0,,,0.27,0.19,,,12.5,,Masakan kelelawar dimasak didalam  santan,"TKPI (panganku.org), per 100 g edible portion; scraped by github.com/intanypurbasari/food-nutrition"
FP060,"Pelolah manuk, masakan",Daging,olahan,60.0,219,19.7,13.6,4.4,,2.3,33.0,160.0,1.6,577.0,,,,137.0,,1940.0,0.42,,,0.0,8.1,,"Masakan ayam: Ayam dimasak dengan bumbu (bwang merah + bawang putih, cabe merah  dan terasi yang digiling halus dan santan)","TKPI (panganku.org), per 100 g edible portion; scraped by github.com/intanypurbasari/food-nutrition"
FP061,"Rawon, masakan",Daging,olahan,86.0,60,5.4,2.5,4.0,,2.1,272.0,153.0,3.3,,,,,10.0,,1235.0,0.09,,,0.0,28.3,,Masakan daging sapi berkuah hitam yang berasal dari kluwek,"TKPI (panganku.org), per 100 g edible portion; scraped by github.com/intanypurbasari/food-nutrition"
FP062,"Rendang sapi, masakan",Daging,olahan,57.9,193,22.6,7.9,7.8,0.0,3.8,474.0,211.0,14.9,,,,,21.0,,534.0,0.12,,0.0,,9.3,,,"TKPI (panganku.org), per 100 g edible portion; scraped by github.com/intanypurbasari/food-nutrition"
FP063,"RW, anjing, masakan",Daging,olahan,60.8,198,24.6,10.7,0.9,,3.0,1071.0,876.0,4.0,1604.0,226.0,0.1,2.8,256.0,,,0.35,0.2,,,35.6,,Masakan daging anjing,"TKPI (panganku.org), per 100 g edible portion; scraped by github.com/intanypurbasari/food-nutrition"
FP064,"Sate, penyu, masakan",Daging,olahan,57.4,179,22.5,3.5,13.3,0.0,3.3,187.0,238.0,14.4,,,,0.0,,0.0,,0.1,,0.0,,10.6,zinc_mg_zero_may_be_missing,,"TKPI (panganku.org), per 100 g edible portion; scraped by github.com/intanypurbasari/food-nutrition"
FP065,"Sate pusut, masakan",Daging,olahan,52.1,274,12.9,18.6,13.6,,2.8,63.0,190.0,2.7,609.0,,,,133.0,0.0,,0.06,,0.0,,14.7,,"Daging diling (sapi, babi), kelapa parut diberi bumbu (bawang, cabai, terasi, dan garam) dibentuk bulat panjang (lonjong) ditusuk lalu dibakar.","TKPI (panganku.org), per 100 g edible portion; scraped by github.com/intanypurbasari/food-nutrition"
FP066,"Penyu, serapah, masakan",Daging,olahan,71.3,174,13.1,12.2,2.2,0.0,1.2,72.0,186.0,9.5,,507.0,0.8,2.4,1302.0,,,,,,,14.2,,,"TKPI (panganku.org), per 100 g edible portion; scraped by github.com/intanypurbasari/food-nutrition"
FP067,"Sie reuboh, masakan",Daging,olahan,32.4,474,11.2,42.5,11.7,,2.2,26.0,62.0,1.3,677.0,176.0,2.4,3.2,141.0,9.0,,0.46,0.26,,,5.5,,Daging Sapi/Kerbau direbus dengan bumbu pedas,"TKPI (panganku.org), per 100 g edible portion; scraped by github.com/intanypurbasari/food-nutrition"
FP068,"Sop buntut, masakan",Daging,olahan,86.1,71,7.5,3.6,2.2,,0.6,286.0,38.0,3.2,490.0,,,,119.0,,2900.0,0.14,,,0.0,5.1,,,"TKPI (panganku.org), per 100 g edible portion; scraped by github.com/intanypurbasari/food-nutrition"
FP069,"Sop daging sapi, masakan",Daging,olahan,87.5,49,5.8,0.5,5.3,,0.9,158.0,48.0,2.2,391.0,,,,101.0,,3320.0,0.37,,,0.0,8.3,,,"TKPI (panganku.org), per 100 g edible portion; scraped by github.com/intanypurbasari/food-nutrition"
FP070,"Sop kaki sapi, masakan",Daging,olahan,84.5,68,9.0,1.9,3.7,,0.9,302.0,15.0,2.2,435.0,,,,48.0,,150.0,0.46,,,0.0,1.7,phosphorus_low_for_protein,,"TKPI (panganku.org), per 100 g edible portion; scraped by github.com/intanypurbasari/food-nutrition"
FP071,"Sop kambing, masakan",Daging,olahan,91.6,34,5.5,0.8,1.1,,1.0,145.0,37.0,1.6,348.0,,,,48.0,,80.0,0.57,,,0.0,6.7,,,"TKPI (panganku.org), per 100 g edible portion; scraped by github.com/intanypurbasari/food-nutrition"
FP072,"Sop konro, masakan",Daging,olahan,85.0,71,7.4,2.6,4.5,,0.5,17.0,60.0,4.6,184.0,25.0,0.3,1.3,,,,0.12,0.02,10.9,0.0,8.1,potassium_low_for_protein,Bahan dasar terdiri dari iga sapi  bumbu kluwek.,"TKPI (panganku.org), per 100 g edible portion; scraped by github.com/intanypurbasari/food-nutrition"
FP073,"Sop saudara, masakan",Daging,olahan,82.4,89,7.2,5.0,3.9,,1.5,10.0,174.0,9.0,274.0,50.0,0.2,1.1,,,,0.09,0.12,2.0,0.0,24.2,,Bahan dasar terdiri dari daging sapi tanpa kluwek.,"TKPI (panganku.org), per 100 g edible portion; scraped by github.com/intanypurbasari/food-nutrition"
FP074,"Soto bandung, masakan",Daging,olahan,89.9,42,3.9,1.7,2.8,0.4,1.8,74.0,75.0,1.8,,,,,6.0,20.0,0.0,,,0.0,0.0,19.2,,"Kuah bening. Bahan dasar terdiri dari Daging sapi, lobak, dan kacang kedelai goreng. Biasa ditambahkan kecap manis.","TKPI (panganku.org), per 100 g edible portion; scraped by github.com/intanypurbasari/food-nutrition"
FP075,"Soto banjar, masakan",Daging,olahan,83.7,110,2.9,9.5,3.2,,0.7,28.0,28.0,0.3,36.0,6.0,0.0,0.2,12.0,,770.0,0.05,,,0.0,9.7,copper_mg_zero_may_be_missing,"Kuah bening. Bahan dasar terdiri dari Ayam dan rempah-rempah (kayu manis, biji pali dan cengkeh)","TKPI (panganku.org), per 100 g edible portion; scraped by github.com/intanypurbasari/food-nutrition"
FP076,"Soto betawi, masakan",Daging,olahan,75.9,135,2.5,8.8,11.5,0.5,1.3,222.0,72.0,1.9,,,,,6.0,,336.0,0.04,,0.0,0.0,28.8,,Kuah bening/ santan. Bahan dasar terdiri dari daging sapi dan atau jeroan ditambah emping,"TKPI (panganku.org), per 100 g edible portion; scraped by github.com/intanypurbasari/food-nutrition"
FP077,"Soto jeroan, masakan",Daging,olahan,81.4,92,11.8,4.3,1.4,,1.1,218.0,48.0,1.9,363.0,,,,85.0,,440.0,0.36,,,0.0,4.1,,,"TKPI (panganku.org), per 100 g edible portion; scraped by github.com/intanypurbasari/food-nutrition"
FP078,"Soto kudus, masakan",Daging,olahan,91.6,38,2.6,2.3,1.8,0.2,1.7,237.0,67.0,1.7,,,,,23.0,,128.0,0.06,,0.5,0.0,25.8,,Kuah bening. Bahan dasar terdiri dari ayam dan taoge,"TKPI (panganku.org), per 100 g edible portion; scraped by github.com/intanypurbasari/food-nutrition"
FP079,"Soto madura, masakan",Daging,olahan,89.8,60,3.5,4.5,1.3,0.0,0.9,361.0,126.0,3.8,,,,,26.0,,121.0,0.06,,0.0,0.0,36.0,,Kuah bening. Bahan dasar : ayam atau daging,"TKPI (panganku.org), per 100 g edible portion; scraped by github.com/intanypurbasari/food-nutrition"
FP080,"Soto padang, masakan",Daging,olahan,75.0,127,5.9,6.6,11.0,0.7,2.0,298.0,94.0,1.5,,,,,12.0,,204.0,0.22,,0.0,0.0,15.9,,"Kuah bening. Bahan dasar terdiri dari daging sapi, bumbu pekak dan kapulaga","TKPI (panganku.org), per 100 g edible portion; scraped by github.com/intanypurbasari/food-nutrition"
FP081,"Soto pekalongan, masakan",Daging,olahan,83.8,94,3.0,6.8,5.1,0.3,1.3,322.0,79.0,2.0,,,,,14.0,,119.0,0.29,,0.0,0.0,26.3,,Kuah bening. Bahan dasar terdiri dari daging sapi dan tauco,"TKPI (panganku.org), per 100 g edible portion; scraped by github.com/intanypurbasari/food-nutrition"
FP082,"Soto pemalang, masakan",Daging,olahan,86.0,75,3.6,5.2,3.5,0.0,1.7,170.0,80.0,2.1,,,,,16.0,,30.0,0.13,,0.0,0.0,22.2,,"Kuah bening. Bahan dasar terdiri dari daging sapi, tauco, kelapa parut sangrai, dan kluwek","TKPI (panganku.org), per 100 g edible portion; scraped by github.com/intanypurbasari/food-nutrition"
FP083,"Soto sukaraja, masakan",Daging,olahan,75.9,80,3.2,3.5,9.0,0.3,1.1,347.0,77.0,2.3,,,,,12.0,,89.0,0.04,,0.0,0.0,24.1,,"Kuah bening. Bahan dasar terdiri dari daging sapi, soun, taoge, dan sambal kacang","TKPI (panganku.org), per 100 g edible portion; scraped by github.com/intanypurbasari/food-nutrition"
FP084,"Soto sulung, masakan",Daging,olahan,88.1,86,2.3,8.5,0.0,0.0,1.1,200.0,120.0,2.9,,,,,20.0,,105.0,0.08,,0.0,0.0,52.2,,"Kuah bening. Bahan dasar terdiri dari daging sapi, ayam, jeroan, dan telur","TKPI (panganku.org), per 100 g edible portion; scraped by github.com/intanypurbasari/food-nutrition"
FP085,"Sukiyaki, masakan",Daging,olahan,81.0,75,5.6,0.4,12.2,0.2,0.8,109.0,59.0,0.5,426.0,,,,41.0,,1200.0,0.37,,,0.0,10.5,,Irisan tipis daging sapi dicelupkan ke dalam kocokan telur ayam,"TKPI (panganku.org), per 100 g edible portion; scraped by github.com/intanypurbasari/food-nutrition"
FP086,"Tedong pallu basa, masakan",Daging,olahan,81.7,83,10.4,3.4,2.8,,1.7,10.0,139.0,2.6,397.0,34.0,0.6,1.3,,,,0.09,0.53,9.0,0.0,13.4,potassium_low_for_protein,Hidangan berkuah kental dari campuran daging dan jeroan (organ bagian dalam)kerbau,"TKPI (panganku.org), per 100 g edible portion; scraped by github.com/intanypurbasari/food-nutrition"
FP087,"Tikus rica, masakan",Daging,olahan,54.9,257,18.8,18.5,3.8,,4.0,232.0,293.0,6.5,1724.0,308.0,0.5,2.3,674.0,,,0.28,0.38,,,15.6,,Tikus sawah masak cabai,"TKPI (panganku.org), per 100 g edible portion; scraped by github.com/intanypurbasari/food-nutrition"
FP088,"Tinoransa, masakan",Daging,olahan,31.6,516,17.7,49.5,0.0,,1.2,698.0,648.0,3.5,1307.0,320.0,0.1,1.8,710.0,,,0.29,0.17,,,36.6,,Masakan daging babi,"TKPI (panganku.org), per 100 g edible portion; scraped by github.com/intanypurbasari/food-nutrition"
GR001,"Belut, segar (Asian swamp eel, fresh)",Ikan/Kerang/Udang dll,mentah,81.5,70,14.6,0.8,1.0,0.0,2.1,49.0,155.0,1.5,55.0,169.0,0.2,1.2,,0.0,,0.22,0.12,7.7,,10.6,,,"TKPI (panganku.org), per 100 g edible portion; scraped by github.com/intanypurbasari/food-nutrition"
GR002,"Belut,laut, segar (Eel, fresh)",Ikan/Kerang/Udang dll,mentah,79.5,93,12.8,1.5,6.1,0.0,4.1,60.0,199.0,3.0,33.0,175.9,0.1,1.0,51.0,3.0,71.0,0.06,0.0,2.7,,15.5,,,"TKPI (panganku.org), per 100 g edible portion; scraped by github.com/intanypurbasari/food-nutrition"
GR003,"Cumi-cumi, segar (Squid, fresh)",Ikan/Kerang/Udang dll,mentah,82.2,75,16.1,0.7,0.1,0.0,0.9,32.0,200.0,1.8,37.0,204.1,1.6,1.3,0.0,20.0,0.0,0.08,0.0,2.5,0.0,12.4,,,"TKPI (panganku.org), per 100 g edible portion; scraped by github.com/intanypurbasari/food-nutrition"
GR004,"Ikan bader, segar (Silver barb, fresh)",Ikan/Kerang/Udang dll,mentah,66.0,193,19.0,13.0,0.0,0.0,2.0,48.0,150.0,0.4,118.0,264.9,0.1,0.2,45.0,0.0,,0.01,0.1,4.1,0.0,7.9,,,"TKPI (panganku.org), per 100 g edible portion; scraped by github.com/intanypurbasari/food-nutrition"
GR005,"Ikan balong, segar",Ikan/Kerang/Udang dll,mentah,76.5,107,16.5,3.9,1.5,0.0,1.5,54.0,202.0,2.0,86.0,253.4,0.5,1.0,25.0,0.0,0.0,0.05,0.1,2.5,0.0,12.2,,,"TKPI (panganku.org), per 100 g edible portion; scraped by github.com/intanypurbasari/food-nutrition"
GR006,"Ikan bambangan, segar (Humphead Snapper, fresh)",Ikan/Kerang/Udang dll,mentah,73.7,112,20.0,1.3,3.7,0.0,1.3,98.0,120.0,3.0,148.0,258.7,0.0,0.1,0.0,0.0,0.0,0.07,0.0,0.3,0.0,6.0,copper_mg_zero_may_be_missing,,"TKPI (panganku.org), per 100 g edible portion; scraped by github.com/intanypurbasari/food-nutrition"
GR007,"Ikan bandeng, segar (Milkfish, raw)",Ikan/Kerang/Udang dll,mentah,74.0,123,20.0,4.8,0.0,0.0,1.2,20.0,150.0,2.0,67.0,271.1,0.0,0.9,45.0,21.0,,0.05,0.1,6.0,0.0,7.5,copper_mg_zero_may_be_missing,,"TKPI (panganku.org), per 100 g edible portion; scraped by github.com/intanypurbasari/food-nutrition"
GR008,"Ikan banjar, segar",Ikan/Kerang/Udang dll,mentah,73.5,111,19.4,0.9,4.8,0.0,1.4,68.0,278.0,7.3,99.0,338.7,0.2,0.6,0.0,62.0,0.0,0.03,0.2,7.3,0.0,14.3,,,"TKPI (panganku.org), per 100 g edible portion; scraped by github.com/intanypurbasari/food-nutrition"
GR009,"Ikan baronang, segar (Golden-lined spinefoot, fresh)",Ikan/Kerang/Udang dll,mentah,80.0,78,14.5,0.6,3.7,0.0,1.2,26.0,521.0,3.8,26.0,692.0,4.7,4.1,732.0,0.0,,0.2,0.04,3.0,0.0,35.9,,,"TKPI (panganku.org), per 100 g edible portion; scraped by github.com/intanypurbasari/food-nutrition"
GR010,"Ikan batung, segar (Indonesian-Shortfin Eel)",Ikan/Kerang/Udang dll,mentah,75.7,115,14.5,4.6,4.2,0.0,1.1,,207.0,0.0,42.0,361.0,0.2,0.9,,0.0,,1.2,0.04,1.1,,14.3,iron_mg_zero_may_be_missing,,"TKPI (panganku.org), per 100 g edible portion; scraped by github.com/intanypurbasari/food-nutrition"
GR011,"Ikan baung, segar (Asian river catfish, fresh)",Ikan/Kerang/Udang dll,mentah,74.9,123,15.1,5.5,3.3,0.0,1.2,5.0,146.0,1.3,32.0,349.0,0.1,0.7,,0.0,,0.2,0.03,1.2,,9.7,,,"TKPI (panganku.org), per 100 g edible portion; scraped by github.com/intanypurbasari/food-nutrition"
GR012,"Ikan bawal, segar (Silver Pomfret, fresh)",Ikan/Kerang/Udang dll,mentah,78.0,91,19.0,1.7,0.0,0.0,1.3,20.0,150.0,2.0,129.0,233.3,0.1,0.3,45.0,0.0,,0.05,0.1,1.8,0.0,7.9,,,"TKPI (panganku.org), per 100 g edible portion; scraped by github.com/intanypurbasari/food-nutrition"
GR013,"Ikan Belida, segar (Indonesian featherback, fresh)",Ikan/Kerang/Udang dll,mentah,79.2,80,14.7,1.4,2.2,0.0,2.3,303.0,315.0,1.3,41.0,356.0,0.0,0.8,,0.0,,1.2,0.14,1.4,,21.4,copper_mg_zero_may_be_missing,,"TKPI (panganku.org), per 100 g edible portion; scraped by github.com/intanypurbasari/food-nutrition"
GR014,"Ikan beunteur, segar (Spotted Barb, fresh)",Ikan/Kerang/Udang dll,mentah,70.0,109,17.0,4.0,0.0,0.0,9.0,500.0,500.0,1.0,109.0,323.5,0.6,1.3,45.0,,,0.05,0.1,2.6,0.0,29.4,,,"TKPI (panganku.org), per 100 g edible portion; scraped by github.com/intanypurbasari/food-nutrition"
GR015,"Ikan biawan, segar (Kissing goorami, fresh)",Ikan/Kerang/Udang dll,mentah,79.1,90,14.9,2.5,2.1,0.0,1.4,125.0,265.0,1.0,35.0,207.0,0.4,0.6,,,,0.36,0.03,2.9,,17.8,,,"TKPI (panganku.org), per 100 g edible portion; scraped by github.com/intanypurbasari/food-nutrition"
GR016,"Ikan bili, segar (Minnows, fresh)",Ikan/Kerang/Udang dll,mentah,68.3,88,14.2,0.7,6.2,0.0,10.6,27.0,1760.0,1.5,217.0,202.0,0.0,4.1,,0.0,,0.72,0.09,2.7,,123.9,copper_mg_zero_may_be_missing,,"TKPI (panganku.org), per 100 g edible portion; scraped by github.com/intanypurbasari/food-nutrition"
GR017,"Ikan bubara, segar",Ikan/Kerang/Udang dll,mentah,75.5,100,14.7,2.4,4.9,,1.6,90.0,90.0,0.4,390.0,390.0,0.7,0.8,,,,,,,,6.1,,,"TKPI (panganku.org), per 100 g edible portion; scraped by github.com/intanypurbasari/food-nutrition"
GR018,"Ikan bulan-bulan, segar (Indo-Pacifik Tarpon, fresh)",Ikan/Kerang/Udang dll,mentah,66.7,134,25.5,1.3,5.0,,1.5,29.0,29.0,0.5,197.0,489.0,0.1,0.5,,,,0.3,0.02,0.8,,1.1,phosphorus_low_for_protein,,"TKPI (panganku.org), per 100 g edible portion; scraped by github.com/intanypurbasari/food-nutrition"
GR019,"Ikan cakalang, segar (Scipjack tuna, fresh)",Ikan/Kerang/Udang dll,mentah,73.0,107,19.6,0.7,5.5,0.0,1.2,23.0,242.0,2.9,66.0,239.0,0.2,0.6,386.0,0.0,,0.17,0.05,21.7,0.0,12.3,,,"TKPI (panganku.org), per 100 g edible portion; scraped by github.com/intanypurbasari/food-nutrition"
GR020,"Ikan cakalang, hati, segar (Scipjack tuna, fresh)",Ikan/Kerang/Udang dll,mentah,73.4,120,11.3,3.9,10.0,,1.4,30.0,30.0,0.9,420.0,280.0,1.6,4.3,,,,,,0.2,,2.7,,,"TKPI (panganku.org), per 100 g edible portion; scraped by github.com/intanypurbasari/food-nutrition"
GR021,"Ikan cakalang, jantung, segar (Scipjack tuna, fresh)",Ikan/Kerang/Udang dll,mentah,76.3,116,11.2,1.2,10.2,,1.1,10.0,40.0,3.4,360.0,250.0,0.5,1.9,908.0,,,,,0.1,0.0,3.6,,,"TKPI (panganku.org), per 100 g edible portion; scraped by github.com/intanypurbasari/food-nutrition"
GR022,"Ikan cakalang, perut, segar (Scipjack tuna, fresh)",Ikan/Kerang/Udang dll,mentah,79.1,86,10.2,1.1,8.7,,0.9,20.0,110.0,2.1,230.0,210.0,0.3,9.3,,,,0.24,,0.3,,10.8,,,"TKPI (panganku.org), per 100 g edible portion; scraped by github.com/intanypurbasari/food-nutrition"
GR023,"Ikan daun, segar (Leaffish, fresh)",Ikan/Kerang/Udang dll,mentah,78.6,101,11.5,4.1,4.6,0.0,1.2,80.0,210.0,0.8,120.0,270.0,0.1,0.9,0.0,,,0.08,0.07,0.1,0.0,18.3,,,"TKPI (panganku.org), per 100 g edible portion; scraped by github.com/intanypurbasari/food-nutrition"
GR024,"Ikan ekor kuning, segar (Yellowtail, fish, fresh)",Ikan/Kerang/Udang dll,mentah,74.1,108,22.3,1.2,2.1,0.0,0.3,30.0,220.0,0.5,50.0,230.0,0.1,0.6,40.0,29.0,,0.0,0.1,0.2,,9.9,,,"TKPI (panganku.org), per 100 g edible portion; scraped by github.com/intanypurbasari/food-nutrition"
GR025,"Ikan gabus, segar (Asian snakehead, fresh)",Ikan/Kerang/Udang dll,mentah,79.6,80,16.2,0.5,2.6,0.0,1.1,170.0,139.0,0.1,65.0,254.0,0.3,0.4,335.0,,,0.4,0.2,0.1,,8.6,,,"TKPI (panganku.org), per 100 g edible portion; scraped by github.com/intanypurbasari/food-nutrition"
GR026,"Ikan heu, segar",Ikan/Kerang/Udang dll,mentah,75.6,81,10.0,1.6,6.6,,6.2,1910.0,990.0,2.1,240.0,210.0,0.1,2.7,,,,0.87,,0.2,,99.0,,,"TKPI (panganku.org), per 100 g edible portion; scraped by github.com/intanypurbasari/food-nutrition"
GR027,"Ikan hitam, segar (Black Sharkminnow, fresh)",Ikan/Kerang/Udang dll,mentah,78.2,101,10.3,3.7,6.7,0.0,1.1,50.0,140.0,0.4,70.0,210.0,,0.4,67.0,,,0.0,0.1,0.1,,13.6,,,"TKPI (panganku.org), per 100 g edible portion; scraped by github.com/intanypurbasari/food-nutrition"
GR028,"Ikan hiu, segar (Fish, shark, fresh)",Ikan/Kerang/Udang dll,mentah,85.7,57,10.7,0.3,2.2,0.0,1.1,75.0,206.0,2.0,,,0.02,,,,0.0,0.05,,,0.0,19.3,,,"TKPI (panganku.org), per 100 g edible portion; scraped by github.com/intanypurbasari/food-nutrition"
GR029,"Ikan kacangan, segar",Ikan/Kerang/Udang dll,mentah,80.7,77,15.6,0.9,1.6,0.0,1.2,94.0,170.0,1.7,,,,,18.0,,0.0,0.07,,,0.0,10.9,,,"TKPI (panganku.org), per 100 g edible portion; scraped by github.com/intanypurbasari/food-nutrition"
GR030,"Ikan kakap, segar",Ikan/Kerang/Udang dll,mentah,77.0,92,20.0,0.7,0.0,0.0,2.3,20.0,200.0,1.0,,,,,9.0,,,0.05,,,0.0,10.0,,,"TKPI (panganku.org), per 100 g edible portion; scraped by github.com/intanypurbasari/food-nutrition"
GR031,"Ikan kakatua, segar",Ikan/Kerang/Udang dll,mentah,79.7,82,11.4,1.2,6.4,,1.3,20.0,160.0,0.4,90.0,300.0,0.1,0.3,18.0,,,,,0.2,,14.0,,,"TKPI (panganku.org), per 100 g edible portion; scraped by github.com/intanypurbasari/food-nutrition"
GR032,"Ikan kalaban, segar (Minnows, fresh)",Ikan/Kerang/Udang dll,mentah,80.3,77,16.4,0.7,1.3,0.0,1.3,182.0,248.0,0.9,40.0,334.0,0.7,0.8,,,,0.16,0.15,1.9,,15.1,,,"TKPI (panganku.org), per 100 g edible portion; scraped by github.com/intanypurbasari/food-nutrition"
GR033,"Ikan kamera (kakap merah), segar",Ikan/Kerang/Udang dll,mentah,78.5,86,19.7,0.8,0.0,0.0,1.3,50.0,170.0,0.3,90.0,290.0,0.3,0.1,26.0,,,,0.08,0.1,,8.6,,,"TKPI (panganku.org), per 100 g edible portion; scraped by github.com/intanypurbasari/food-nutrition"
GR034,"Ikan kapar, segar (Malay Combtail, fresh)",Ikan/Kerang/Udang dll,mentah,74.2,132,17.0,6.7,0.8,0.0,1.3,151.0,272.0,1.2,78.0,229.0,0.9,0.7,,,,0.07,0.03,,,16.0,,,"TKPI (panganku.org), per 100 g edible portion; scraped by github.com/intanypurbasari/food-nutrition"
GR035,"Ikan kawalinya, segar (Indian mackerel, fresh)",Ikan/Kerang/Udang dll,mentah,76.1,110,12.6,4.2,5.4,,1.7,80.0,300.0,1.5,340.0,300.0,0.2,1.4,146.0,,,,,0.2,,23.8,,,"TKPI (panganku.org), per 100 g edible portion; scraped by github.com/intanypurbasari/food-nutrition"
GR036,"Ikan keru-keru, segar (Puffers, fresh)",Ikan/Kerang/Udang dll,mentah,77.2,93,16.5,2.1,0.8,0.0,3.4,65.0,217.0,2.4,137.0,255.3,0.34,0.7,0.0,,0.0,0.01,0.09,1.6,0.0,13.2,,,"TKPI (panganku.org), per 100 g edible portion; scraped by github.com/intanypurbasari/food-nutrition"
GR037,"Ikan kima, segar (Clam, shell, fresh)",Ikan/Kerang/Udang dll,mentah,82.1,70,10.8,0.7,5.2,,1.2,53.0,72.0,2.0,342.0,101.0,0.5,0.5,401.0,,,0.22,0.05,5.8,,6.7,,,"TKPI (panganku.org), per 100 g edible portion; scraped by github.com/intanypurbasari/food-nutrition"
GR038,"Ikan lais, segar (Sheatfish, fresh)",Ikan/Kerang/Udang dll,mentah,65.0,161,11.9,11.5,2.4,0.0,9.2,70.0,237.0,0.0,,,,,0.0,,0.0,0.05,,,0.0,19.9,iron_mg_zero_may_be_missing,,"TKPI (panganku.org), per 100 g edible portion; scraped by github.com/intanypurbasari/food-nutrition"
GR039,"Ikan layang, segar (Indian scad, fresh)",Ikan/Kerang/Udang dll,mentah,74.0,109,22.0,1.7,0.0,0.0,2.3,50.0,150.0,2.0,,,,,45.0,0.0,,0.05,,,0.0,6.8,,,"TKPI (panganku.org), per 100 g edible portion; scraped by github.com/intanypurbasari/food-nutrition"
GR040,"Ikan layur, segar (Hairtail, fresh)",Ikan/Kerang/Udang dll,mentah,80.1,82,18.0,1.0,0.4,0.0,0.5,48.0,229.0,2.2,,,,,4.0,,0.0,0.04,,,0.0,12.7,,,"TKPI (panganku.org), per 100 g edible portion; scraped by github.com/intanypurbasari/food-nutrition"
GR041,"Ikan lehoma, segar (Indian mackerel, fresh)",Ikan/Kerang/Udang dll,mentah,77.6,90,20.4,0.9,0.0,,1.1,88.0,270.0,0.7,56.0,281.0,0.3,0.9,1047.0,,,0.32,0.03,0.2,,13.2,,,"TKPI (panganku.org), per 100 g edible portion; scraped by github.com/intanypurbasari/food-nutrition"
GR042,"Ikan lemuru, segar (Bali sardinella, fresh)",Ikan/Kerang/Udang dll,mentah,76.0,112,20.0,3.0,0.0,0.0,1.0,20.0,100.0,1.0,,,,,30.0,0.0,,0.05,,,0.0,5.0,,,"TKPI (panganku.org), per 100 g edible portion; scraped by github.com/intanypurbasari/food-nutrition"
GR043,"Ikan lidah, segar (Flatfishes, fresh)",Ikan/Kerang/Udang dll,mentah,78.3,104,15.6,3.2,2.0,0.0,0.9,30.0,143.0,2.0,,,,,33.0,,0.0,0.03,,,0.0,9.2,,,"TKPI (panganku.org), per 100 g edible portion; scraped by github.com/intanypurbasari/food-nutrition"
GR044,"Ikan malalugis, segar",Ikan/Kerang/Udang dll,mentah,75.6,99,20.6,1.4,0.9,,1.5,164.0,330.0,0.5,76.0,282.0,0.2,0.9,661.0,,,0.3,0.02,0.5,,16.0,,,"TKPI (panganku.org), per 100 g edible portion; scraped by github.com/intanypurbasari/food-nutrition"
GR045,"Ikan mamar merah, segar",Ikan/Kerang/Udang dll,mentah,75.0,115,15.3,4.0,4.4,0.0,1.3,60.0,190.0,1.6,120.0,240.0,0.2,1.0,,,,0.2,0.1,0.1,,12.4,,,"TKPI (panganku.org), per 100 g edible portion; scraped by github.com/intanypurbasari/food-nutrition"
GR046,"Ikan mas, segar (Common carp, fresh)",Ikan/Kerang/Udang dll,mentah,80.0,86,16.0,2.0,0.0,0.0,2.0,20.0,150.0,2.0,65.0,276.7,0.1,1.1,45.0,8.0,,0.05,0.1,2.6,0.0,9.4,,,"TKPI (panganku.org), per 100 g edible portion; scraped by github.com/intanypurbasari/food-nutrition"
GR047,"Ikan mayong, segar",Ikan/Kerang/Udang dll,mentah,78.2,97,17.9,2.0,0.4,0.0,1.5,40.0,100.0,2.5,,,,,21.0,,0.0,0.1,,,0.0,5.6,,,"TKPI (panganku.org), per 100 g edible portion; scraped by github.com/intanypurbasari/food-nutrition"
GR048,"Ikan mujahir, segar (Mozambique tilapia, fresh)",Ikan/Kerang/Udang dll,mentah,79.7,89,18.7,1.0,0.0,0.0,1.1,96.0,209.0,1.5,51.0,265.8,0.0,0.2,6.0,3.0,5.0,0.03,0.1,2.0,0.0,11.2,copper_mg_zero_may_be_missing,,"TKPI (panganku.org), per 100 g edible portion; scraped by github.com/intanypurbasari/food-nutrition"
GR049,"Ikan nasu metti, segar",Ikan/Kerang/Udang dll,mentah,65.3,154,16.8,5.0,10.5,,2.4,80.0,244.0,1.6,421.0,488.0,0.2,1.2,,,,0.47,0.15,9.6,,14.5,,,"TKPI (panganku.org), per 100 g edible portion; scraped by github.com/intanypurbasari/food-nutrition"
GR050,"Ikan oci, kembung, segar (Indian mackerels, fresh)",Ikan/Kerang/Udang dll,mentah,71.4,125,21.3,3.4,2.2,,1.7,136.0,69.0,0.8,214.0,245.0,0.2,1.1,,,,0.26,0.03,0.2,,3.2,,,"TKPI (panganku.org), per 100 g edible portion; scraped by github.com/intanypurbasari/food-nutrition"
GR051,"Ikan paling, segar",Ikan/Kerang/Udang dll,mentah,58.0,303,14.0,27.0,0.0,0.0,1.0,20.0,200.0,1.0,43.0,,,,485.0,0.0,,0.1,,,2.0,14.3,,,"TKPI (panganku.org), per 100 g edible portion; scraped by github.com/intanypurbasari/food-nutrition"
GR052,"Ikan papuyu/ betok, segar (Climbing perch, fresh)",Ikan/Kerang/Udang dll,mentah,75.0,120,14.3,4.9,4.6,0.0,1.2,329.0,436.0,1.5,240.0,169.0,0.8,1.1,,0.0,,0.0,0.05,3.1,,30.5,,,"TKPI (panganku.org), per 100 g edible portion; scraped by github.com/intanypurbasari/food-nutrition"
GR053,"Ikan patin, segar (Striped catfish, fresh)",Ikan/Kerang/Udang dll,mentah,74.4,132,17.0,6.6,1.1,0.0,0.9,31.0,173.0,1.6,77.0,346.0,0.7,0.8,,7.0,,0.2,0.03,1.7,,10.2,,,"TKPI (panganku.org), per 100 g edible portion; scraped by github.com/intanypurbasari/food-nutrition"
GR054,"Ikan pomo, segar",Ikan/Kerang/Udang dll,mentah,68.3,147,22.5,5.2,2.6,,1.4,80.0,230.0,1.3,,380.0,0.2,0.7,89.0,,,,,,,10.2,,,"TKPI (panganku.org), per 100 g edible portion; scraped by github.com/intanypurbasari/food-nutrition"
GR055,"Ikan puntin, segar (Bagrdi catfish, fresh)",Ikan/Kerang/Udang dll,mentah,81.1,76,14.4,1.1,2.2,,1.2,28.0,166.0,0.0,,325.0,0.1,0.6,,,,0.31,0.11,,,11.5,iron_mg_zero_may_be_missing,,"TKPI (panganku.org), per 100 g edible portion; scraped by github.com/intanypurbasari/food-nutrition"
GR056,"Ikan saluang, segar (Rasboras fish, fresh)",Ikan/Kerang/Udang dll,mentah,74.8,113,13.9,4.9,3.4,0.0,3.0,642.0,646.0,1.9,51.0,182.0,0.8,3.6,,,,0.21,0.02,1.8,,46.5,,,"TKPI (panganku.org), per 100 g edible portion; scraped by github.com/intanypurbasari/food-nutrition"
GR057,"Ikan sarden, segar (Herrings, fresh)",Ikan/Kerang/Udang dll,mentah,72.7,109,19.9,1.8,3.4,0.0,2.2,95.0,597.0,1.3,266.0,227.0,0.3,2.0,195.0,0.0,,0.26,0.03,4.4,,30.0,,,"TKPI (panganku.org), per 100 g edible portion; scraped by github.com/intanypurbasari/food-nutrition"
GR058,"Ikan selar, segar (Scadfish, fresh)",Ikan/Kerang/Udang dll,mentah,75.4,100,18.8,2.2,0.0,0.0,3.6,40.0,179.0,0.5,43.0,392.6,0.1,0.3,45.0,0.0,,0.37,0.2,3.4,0.0,9.5,,,"TKPI (panganku.org), per 100 g edible portion; scraped by github.com/intanypurbasari/food-nutrition"
GR059,"Ikan sepat, segar (Snakeskin gourami, fresh)",Ikan/Kerang/Udang dll,mentah,78.8,84,15.2,0.6,4.7,0.0,0.8,68.0,171.0,2.1,211.0,198.0,0.7,0.6,,0.0,,0.16,0.03,1.9,,11.2,,,"TKPI (panganku.org), per 100 g edible portion; scraped by github.com/intanypurbasari/food-nutrition"
GR060,"Ikan sidat, segar (Shortfin Eel, fresh)",Ikan/Kerang/Udang dll,mentah,71.3,81,11.4,1.9,3.8,0.0,11.6,118.0,174.0,3.0,46.0,245.9,0.0,1.5,15.0,0.0,0.0,0.0,0.4,3.2,0.0,15.3,copper_mg_zero_may_be_missing,,"TKPI (panganku.org), per 100 g edible portion; scraped by github.com/intanypurbasari/food-nutrition"
GR061,"Ikan sunu, segar (Leopard coralgrouper, fresh)",Ikan/Kerang/Udang dll,mentah,75.5,111,13.3,3.4,6.7,,1.1,86.0,174.0,1.2,91.0,197.0,0.0,0.6,309.0,,,1.03,0.1,0.2,,13.1,copper_mg_zero_may_be_missing,,"TKPI (panganku.org), per 100 g edible portion; scraped by github.com/intanypurbasari/food-nutrition"
GR062,"Ikan tahuman, segar",Ikan/Kerang/Udang dll,mentah,77.4,88,15.9,0.9,4.1,0.0,1.8,221.0,223.0,0.0,24.0,364.0,0.4,0.7,,,,0.2,0.25,1.6,,14.0,iron_mg_zero_may_be_missing,,"TKPI (panganku.org), per 100 g edible portion; scraped by github.com/intanypurbasari/food-nutrition"
GR063,"Ikan tarmon, segar",Ikan/Kerang/Udang dll,mentah,76.7,96,19.5,1.1,2.0,0.0,0.8,9.0,129.0,0.3,43.0,154.0,0.1,0.5,,,,0.15,0.02,1.7,,6.6,,,"TKPI (panganku.org), per 100 g edible portion; scraped by github.com/intanypurbasari/food-nutrition"
GR064,"Ikan telan, segar (spiny eel, fresh)",Ikan/Kerang/Udang dll,mentah,75.3,95,15.8,0.7,6.5,0.0,1.7,503.0,354.0,0.2,58.0,294.0,1.6,1.2,,,,0.18,0.02,1.9,,22.4,,,"TKPI (panganku.org), per 100 g edible portion; scraped by github.com/intanypurbasari/food-nutrition"
GR065,"Ikan tembang, segar (Bonga shad, fresh)",Ikan/Kerang/Udang dll,mentah,65.0,204,16.0,15.0,0.0,0.0,4.0,20.0,200.0,2.0,341.0,291.0,0.4,2.6,30.0,0.0,,0.05,0.0,5.6,0.0,12.5,,,"TKPI (panganku.org), per 100 g edible portion; scraped by github.com/intanypurbasari/food-nutrition"
GR066,"Ikan tempahas, segar",Ikan/Kerang/Udang dll,mentah,78.9,101,15.1,4.1,1.0,0.0,0.9,32.0,163.0,0.0,50.0,320.0,0.7,0.6,,,,0.02,0.05,1.5,,10.8,iron_mg_zero_may_be_missing,,"TKPI (panganku.org), per 100 g edible portion; scraped by github.com/intanypurbasari/food-nutrition"
GR067,"Ikan terbang, segar (Flyingfishes, fresh)",Ikan/Kerang/Udang dll,mentah,76.1,98,19.6,1.7,1.0,0.0,1.6,90.0,190.0,0.6,90.0,320.0,0.1,0.5,39.0,0.0,,0.0,0.1,0.1,,9.7,,,"TKPI (panganku.org), per 100 g edible portion; scraped by github.com/intanypurbasari/food-nutrition"
GR068,"Ikan teri, segar (Anchovies, fresh)",Ikan/Kerang/Udang dll,mentah,80.0,74,10.3,1.4,4.1,0.0,4.2,972.0,253.0,3.9,554.0,126.1,305.2,0.2,13.0,0.0,28.0,0.24,0.1,1.9,0.0,24.6,copper_mg_implausibly_high,,"TKPI (panganku.org), per 100 g edible portion; scraped by github.com/intanypurbasari/food-nutrition"
GR069,"Ikan titang, segar (Spotted scat,fresh)",Ikan/Kerang/Udang dll,mentah,78.8,82,17.4,0.4,2.3,0.0,1.1,145.0,130.0,1.8,110.0,275.0,0.1,0.8,581.0,,,0.64,0.03,1.5,,7.5,,,"TKPI (panganku.org), per 100 g edible portion; scraped by github.com/intanypurbasari/food-nutrition"
GR070,"Ikan tongkol, segar (Tuna, fresh)",Ikan/Kerang/Udang dll,mentah,74.7,100,13.7,1.5,8.0,0.0,2.1,92.0,606.0,1.7,202.0,227.0,0.2,1.6,181.0,0.0,,0.35,0.03,6.6,,44.2,,,"TKPI (panganku.org), per 100 g edible portion; scraped by github.com/intanypurbasari/food-nutrition"
GR071,"Ikan turi, segar",Ikan/Kerang/Udang dll,mentah,76.9,96,19.2,2.0,0.2,,2.1,340.0,340.0,0.8,370.0,300.0,0.1,2.0,26.0,,,,,,,17.7,,,"TKPI (panganku.org), per 100 g edible portion; scraped by github.com/intanypurbasari/food-nutrition"
GR072,"Keong, segar (Snail, fresh)",Ikan/Kerang/Udang dll,mentah,81.0,64,12.0,1.0,2.0,0.0,4.0,217.0,78.0,1.7,231.0,,0.37,0.1,0.0,244.0,,,,,,6.5,,,"TKPI (panganku.org), per 100 g edible portion; scraped by github.com/intanypurbasari/food-nutrition"
GR073,"Kepiting, segar (Crab, fresh)",Ikan/Kerang/Udang dll,mentah,68.1,151,13.8,3.8,14.1,0.0,0.2,210.0,250.0,1.1,,,,,61.0,,,0.05,,,0.0,18.1,,,"TKPI (panganku.org), per 100 g edible portion; scraped by github.com/intanypurbasari/food-nutrition"
GR074,"Kerang, segar",Ikan/Kerang/Udang dll,mentah,78.2,101,14.4,2.6,3.9,0.0,0.9,321.0,270.0,15.6,,,,,0.0,,0.0,0.01,,,0.0,18.8,,,"TKPI (panganku.org), per 100 g edible portion; scraped by github.com/intanypurbasari/food-nutrition"
GR075,"Kodok, segar (Frog, fresh)",Ikan/Kerang/Udang dll,mentah,81.9,73,16.4,0.3,0.0,0.0,1.4,18.0,147.0,1.1,,,,,0.0,,,0.14,,,0.0,9.0,,,"TKPI (panganku.org), per 100 g edible portion; scraped by github.com/intanypurbasari/food-nutrition"
GR076,"Kura-kura, segar (Turtles, fresh)",Ikan/Kerang/Udang dll,mentah,80.0,83,19.1,0.2,0.0,0.0,0.7,27.0,87.0,0.7,,,,,0.0,,,0.2,,,0.0,4.6,,,"TKPI (panganku.org), per 100 g edible portion; scraped by github.com/intanypurbasari/food-nutrition"
GR077,"Kuro, segar (Threadfin, fresh)",Ikan/Kerang/Udang dll,mentah,79.9,87,16.0,2.2,1.0,0.0,0.9,75.0,136.0,1.0,,,,,6.0,,0.0,0.04,,,0.0,8.5,,,"TKPI (panganku.org), per 100 g edible portion; scraped by github.com/intanypurbasari/food-nutrition"
GR078,"Lokan, segar",Ikan/Kerang/Udang dll,mentah,80.9,217,11.0,1.7,5.1,,1.3,20.0,390.0,10.9,3.0,7.0,0.2,2.7,,,,0.45,0.07,,,35.5,energy_vs_macros>25%; potassium_low_for_protein,,"TKPI (panganku.org), per 100 g edible portion; scraped by github.com/intanypurbasari/food-nutrition"
GR079,"Rajungan, segar",Ikan/Kerang/Udang dll,mentah,80.2,76,12.1,2.0,2.4,0.0,2.7,721.0,214.0,2.2,69.0,192.0,1.7,2.9,599.0,40.0,,0.2,0.25,0.2,,17.7,,,"TKPI (panganku.org), per 100 g edible portion; scraped by github.com/intanypurbasari/food-nutrition"
GR080,"Rebon, udang kecil, segar",Ikan/Kerang/Udang dll,mentah,79.0,81,16.2,1.2,0.7,0.0,2.9,757.0,292.0,2.2,169.0,202.9,0.7,1.2,18.0,0.0,,0.04,0.1,2.4,0.0,18.0,,,"TKPI (panganku.org), per 100 g edible portion; scraped by github.com/intanypurbasari/food-nutrition"
GR081,Rusip,Ikan/Kerang/Udang dll,mentah,58.5,110,11.5,2.0,11.7,0.0,16.3,479.0,348.0,7.1,,,,,0.0,,0.0,0.04,,,0.0,30.3,,,"TKPI (panganku.org), per 100 g edible portion; scraped by github.com/intanypurbasari/food-nutrition"
GR082,"Udang galah, segar (Giant river prawn, fresh)",Ikan/Kerang/Udang dll,mentah,79.0,81,16.5,0.3,3.0,0.0,1.2,87.0,167.0,0.7,95.0,132.0,0.7,1.2,,3.0,,0.24,0.03,2.9,,10.1,,,"TKPI (panganku.org), per 100 g edible portion; scraped by github.com/intanypurbasari/food-nutrition"
GR083,"Udang, besar, segar (Tiger prawn, fresh)",Ikan/Kerang/Udang dll,mentah,85.5,56,11.4,0.6,1.2,0.0,1.3,30.0,20.0,0.3,190.0,210.0,0.4,0.8,,0.0,,0.14,0.0,0.1,,1.8,phosphorus_low_for_protein,,"TKPI (panganku.org), per 100 g edible portion; scraped by github.com/intanypurbasari/food-nutrition"
GR084,"Udang, segar (Shrimp, fresh)",Ikan/Kerang/Udang dll,mentah,75.0,91,21.0,0.2,0.1,0.0,3.7,136.0,170.0,8.0,178.0,222.4,0.3,1.3,18.0,4.0,,0.01,0.4,3.7,0.0,8.1,,,"TKPI (panganku.org), per 100 g edible portion; scraped by github.com/intanypurbasari/food-nutrition"
GP001,"Bekicot, dendeng, mentah",Ikan/Kerang/Udang dll,olahan,6.7,441,48.7,20.3,15.8,0.0,8.4,692.0,523.0,16.6,,,,,6.0,,1408.0,0.56,,,69.0,10.7,,,"TKPI (panganku.org), per 100 g edible portion; scraped by github.com/intanypurbasari/food-nutrition"
GP002,"Belut, goreng (Asian swamp eel, fresh)",Ikan/Kerang/Udang dll,olahan,11.2,417,25.9,19.4,32.0,0.0,11.5,840.0,872.0,4.9,71.0,217.7,0.3,1.8,0.0,,0.0,0.0,0.2,10.5,0.0,33.7,,,"TKPI (panganku.org), per 100 g edible portion; scraped by github.com/intanypurbasari/food-nutrition"
GP003,"Cumi-cumi, goreng (Squid, fried)",Ikan/Kerang/Udang dll,olahan,54.2,265,40.6,10.1,0.0,0.0,3.1,62.0,270.0,2.7,86.0,81.9,,,0.0,56.0,0.0,0.09,0.0,6.3,0.0,6.7,proximate_sum>105g,,"TKPI (panganku.org), per 100 g edible portion; scraped by github.com/intanypurbasari/food-nutrition"
GP004,"Ikan asin, kering",Ikan/Kerang/Udang dll,olahan,40.0,193,42.0,1.5,0.0,0.0,16.5,200.0,300.0,0.0,,,,,,,,0.01,,,0.0,7.1,iron_mg_zero_may_be_missing,,"TKPI (panganku.org), per 100 g edible portion; scraped by github.com/intanypurbasari/food-nutrition"
GP005,"Ikan bandeng presto, masakan",Ikan/Kerang/Udang dll,olahan,45.3,296,17.1,20.3,11.3,0.0,6.0,1422.0,659.0,1.9,,,,,6.0,0.0,400.0,0.14,,,69.0,38.5,,,"TKPI (panganku.org), per 100 g edible portion; scraped by github.com/intanypurbasari/food-nutrition"
GP006,"Ikan baung bakar (Asian river catfish, fresh)",Ikan/Kerang/Udang dll,olahan,69.8,144,17.8,5.8,5.2,,1.4,18.0,169.0,0.0,168.0,236.0,0.1,0.7,,,,0.0,0.0,1.3,,9.5,iron_mg_zero_may_be_missing,,"TKPI (panganku.org), per 100 g edible portion; scraped by github.com/intanypurbasari/food-nutrition"
GP007,"Ikan Belida bakar (Indonesian featherback, fresh)",Ikan/Kerang/Udang dll,olahan,68.2,128,18.0,3.0,7.2,0.0,3.6,58.0,134.0,0.0,293.0,198.0,0.1,0.4,,0.0,,1.8,0.17,1.5,,7.4,iron_mg_zero_may_be_missing,,"TKPI (panganku.org), per 100 g edible portion; scraped by github.com/intanypurbasari/food-nutrition"
GP008,"Ikan cakalang asap, mentah (Skipjack tuna, fish,smoked, raw)",Ikan/Kerang/Udang dll,olahan,56.9,204,34.2,5.6,1.9,,1.4,14.0,399.0,1.3,176.0,588.0,0.3,0.7,1546.0,,,0.53,0.07,,,11.7,,,"TKPI (panganku.org), per 100 g edible portion; scraped by github.com/intanypurbasari/food-nutrition"
GP009,"Ikan cakalang asin, mentah (Skipjack tuna,fish, salted, raw)",Ikan/Kerang/Udang dll,olahan,41.7,198,36.5,2.2,5.5,0.0,14.1,236.0,346.0,3.7,4304.0,302.1,,,0.0,,0.0,0.06,,,0.0,9.5,,,"TKPI (panganku.org), per 100 g edible portion; scraped by github.com/intanypurbasari/food-nutrition"
GP010,"Ikan calo/ peda, mentah",Ikan/Kerang/Udang dll,olahan,71.3,81,11.4,1.9,3.8,0.0,11.6,743.0,174.0,22.6,,,,,15.0,,0.0,0.0,,,0.0,15.3,,,"TKPI (panganku.org), per 100 g edible portion; scraped by github.com/intanypurbasari/food-nutrition"
GP011,"Ikan Gabus asap, mentah (Asian snakehead, fish, smoked)",Ikan/Kerang/Udang dll,olahan,26.4,261,38.1,2.3,21.9,0.0,11.3,2510.0,1840.0,2.9,320.0,410.0,0.4,0.8,114.0,,,0.1,0.1,14.5,,48.3,,,"TKPI (panganku.org), per 100 g edible portion; scraped by github.com/intanypurbasari/food-nutrition"
GP012,"Ikan Gabus, kering (Asian snakehead, fish, dried)",Ikan/Kerang/Udang dll,olahan,24.0,268,58.0,4.0,0.0,0.0,14.0,15.0,100.0,0.1,,,,,30.0,,,0.1,,,0.0,1.7,,,"TKPI (panganku.org), per 100 g edible portion; scraped by github.com/intanypurbasari/food-nutrition"
GP013,"Ikan gete, goreng",Ikan/Kerang/Udang dll,olahan,44.7,267,23.1,19.4,0.2,,12.6,2340.0,1240.0,0.8,590.0,440.0,0.1,1.9,,,,,,0.2,,53.7,,,"TKPI (panganku.org), per 100 g edible portion; scraped by github.com/intanypurbasari/food-nutrition"
GP014,"Ikan hiu, kering (Shark, fish, dried)",Ikan/Kerang/Udang dll,olahan,23.1,298,46.3,3.6,20.2,,6.8,335.0,846.0,2.5,957.0,1457.0,0.5,2.0,661.0,,,0.84,0.11,22.5,,18.3,,,"TKPI (panganku.org), per 100 g edible portion; scraped by github.com/intanypurbasari/food-nutrition"
GP015,"Ikan katombo, asin (Pargy, fish, salted)",Ikan/Kerang/Udang dll,olahan,44.7,162,31.7,2.8,0.3,0.0,15.5,279.0,609.0,4.6,4393.0,342.2,2.8,,0.0,,0.0,0.09,,,0.0,19.2,,,"TKPI (panganku.org), per 100 g edible portion; scraped by github.com/intanypurbasari/food-nutrition"
GP016,"Ikan kayu, kering",Ikan/Kerang/Udang dll,olahan,23.1,302,70.7,1.9,0.4,0.0,3.9,313.0,22.0,4.1,345.0,1045.0,,1.8,,,,1.4,0.04,20.0,,0.3,phosphorus_low_for_protein,,"TKPI (panganku.org), per 100 g edible portion; scraped by github.com/intanypurbasari/food-nutrition"
GP017,Ikan Lais bakar,Ikan/Kerang/Udang dll,olahan,69.4,147,17.5,6.5,5.4,,1.2,54.0,194.0,0.1,142.0,209.0,,0.5,,,,,,,,11.1,,,"TKPI (panganku.org), per 100 g edible portion; scraped by github.com/intanypurbasari/food-nutrition"
GP018,"Ikan lomak asin, mentah",Ikan/Kerang/Udang dll,olahan,21.6,258,40.3,2.3,18.9,0.0,16.9,140.0,279.0,2.3,6227.0,485.1,2.3,,,,,0.1,0.3,6.0,,6.9,,,"TKPI (panganku.org), per 100 g edible portion; scraped by github.com/intanypurbasari/food-nutrition"
GP019,Ikan Mas pepes,Ikan/Kerang/Udang dll,olahan,57.5,209,15.2,11.3,11.8,0.5,4.3,686.0,530.0,6.1,74.0,276.7,0.1,1.9,3.0,,315.0,0.13,0.1,2.4,0.0,34.9,,,"TKPI (panganku.org), per 100 g edible portion; scraped by github.com/intanypurbasari/food-nutrition"
GP020,Ikan mujahir goreng,Ikan/Kerang/Udang dll,olahan,44.7,416,46.9,23.9,0.0,0.0,2.2,346.0,654.0,0.9,54.0,278.9,0.0,0.2,12.0,3.0,8.0,0.12,0.1,2.2,0.0,13.9,proximate_sum>105g; copper_mg_zero_may_be_missing,,"TKPI (panganku.org), per 100 g edible portion; scraped by github.com/intanypurbasari/food-nutrition"
GP021,Ikan Mujahir pepes,Ikan/Kerang/Udang dll,olahan,73.7,121,21.7,2.8,0.8,0.0,1.0,83.0,248.0,1.6,58.0,265.8,0.0,0.3,8.0,,6.0,0.0,0.1,1.9,0.0,11.4,copper_mg_zero_may_be_missing,,"TKPI (panganku.org), per 100 g edible portion; scraped by github.com/intanypurbasari/food-nutrition"
GP022,"Ikan mujahir, dendeng, mentah",Ikan/Kerang/Udang dll,olahan,15.2,582,68.3,15.2,37.2,0.0,14.1,3258.0,1699.0,4.3,,,,,15.0,,20.0,0.27,,,0.0,24.9,proximate_sum>105g,,"TKPI (panganku.org), per 100 g edible portion; scraped by github.com/intanypurbasari/food-nutrition"
GP023,"Ikan Papuyu, bakar",Ikan/Kerang/Udang dll,olahan,66.6,152,17.6,6.1,6.7,0.0,3.0,244.0,227.0,3.4,320.0,224.0,0.2,1.0,,,,,,,,12.9,,,"TKPI (panganku.org), per 100 g edible portion; scraped by github.com/intanypurbasari/food-nutrition"
GP024,"Ikan Patin, bakar",Ikan/Kerang/Udang dll,olahan,70.3,144,17.5,6.3,4.3,,1.6,191.0,232.0,1.4,379.0,230.0,0.1,0.7,,,,,,,,13.3,,,"TKPI (panganku.org), per 100 g edible portion; scraped by github.com/intanypurbasari/food-nutrition"
GP025,"Ikan peda banjar, mentah",Ikan/Kerang/Udang dll,olahan,46.0,156,28.0,4.0,2.0,0.0,20.0,174.0,316.0,3.1,59.0,368.8,0.0,0.5,33.0,4.0,,0.1,0.1,4.7,,11.3,copper_mg_zero_may_be_missing,,"TKPI (panganku.org), per 100 g edible portion; scraped by github.com/intanypurbasari/food-nutrition"
GP026,"Ikan pepetek, mentah (Ponyfish, fresh)",Ikan/Kerang/Udang dll,olahan,33.0,176,32.0,4.4,2.0,0.0,28.6,120.0,200.0,1.0,79.0,1.0,,,15.0,,,0.05,0.1,2.4,0.0,6.2,potassium_low_for_protein,,"TKPI (panganku.org), per 100 g edible portion; scraped by github.com/intanypurbasari/food-nutrition"
GP027,"Ikan Pindang banjar, mentah",Ikan/Kerang/Udang dll,olahan,59.0,157,28.0,4.2,1.8,0.0,7.0,50.0,100.0,1.0,,,,,45.0,,,0.1,,,0.0,3.6,,,"TKPI (panganku.org), per 100 g edible portion; scraped by github.com/intanypurbasari/food-nutrition"
GP028,"Ikan Pindang benggol, mentah",Ikan/Kerang/Udang dll,olahan,57.0,170,31.0,4.2,0.0,0.0,7.8,50.0,100.0,1.0,,,,,45.0,,,0.1,,,0.0,3.2,,,"TKPI (panganku.org), per 100 g edible portion; scraped by github.com/intanypurbasari/food-nutrition"
GP029,"Ikan Pindang layang, mentah",Ikan/Kerang/Udang dll,olahan,60.0,153,30.0,2.8,0.0,0.0,7.2,60.0,200.0,3.0,,,,,61.0,,,0.07,,,0.0,6.7,,,"TKPI (panganku.org), per 100 g edible portion; scraped by github.com/intanypurbasari/food-nutrition"
GP030,"Ikan Pindang selar, mentah",Ikan/Kerang/Udang dll,olahan,60.0,142,27.0,3.0,0.0,0.0,10.0,60.0,200.0,3.0,,,,,61.0,,,0.07,,,0.0,7.4,,,"TKPI (panganku.org), per 100 g edible portion; scraped by github.com/intanypurbasari/food-nutrition"
GP031,"Ikan sale, mentah",Ikan/Kerang/Udang dll,olahan,8.5,534,40.2,39.3,4.9,2.0,7.1,199.0,1244.0,2.7,673.0,673.0,0.3,2.6,,410.0,0.0,0.02,0.5,0.0,0.0,30.9,,,"TKPI (panganku.org), per 100 g edible portion; scraped by github.com/intanypurbasari/food-nutrition"
GP032,"Ikan sale lais, mentah (Sheatfish)",Ikan/Kerang/Udang dll,olahan,12.4,415,61.3,17.6,2.9,0.0,5.8,258.0,919.0,7.0,381.0,488.0,17.6,1.0,0.0,,0.0,0.03,0.1,17.3,0.0,15.0,,,"TKPI (panganku.org), per 100 g edible portion; scraped by github.com/intanypurbasari/food-nutrition"
GP033,"Ikan saluang, kering, mentah (Rasborafish)",Ikan/Kerang/Udang dll,olahan,33.6,284,34.1,9.9,14.6,0.0,7.8,1426.0,1103.0,9.5,1767.0,263.0,1.3,18.7,,,,0.49,0.03,,,32.3,,,"TKPI (panganku.org), per 100 g edible portion; scraped by github.com/intanypurbasari/food-nutrition"
GP034,"Ikan sanggang, masakan",Ikan/Kerang/Udang dll,olahan,42.6,240,21.7,7.7,20.7,,7.3,159.0,362.0,9.8,2041.0,159.0,1.5,8.8,,,,0.51,0.02,,,16.7,,,"TKPI (panganku.org), per 100 g edible portion; scraped by github.com/intanypurbasari/food-nutrition"
GP035,"Ikan selar kuning, cue, mentah (Black-banded trevally)",Ikan/Kerang/Udang dll,olahan,59.0,138,27.0,3.3,0.0,0.0,0.7,50.0,100.0,2.0,,,,,45.0,,,0.1,,,0.0,3.7,,,"TKPI (panganku.org), per 100 g edible portion; scraped by github.com/intanypurbasari/food-nutrition"
GP036,"Ikan selar, kering, mentah (Trevally yellow-banded)",Ikan/Kerang/Udang dll,olahan,43.0,194,38.0,3.5,0.0,0.0,15.5,20.0,200.0,1.0,,,,,0.0,0.0,,0.01,,,0.0,5.3,,,"TKPI (panganku.org), per 100 g edible portion; scraped by github.com/intanypurbasari/food-nutrition"
GP037,"Ikan sepat, kering, mentah (Siamese gourami)",Ikan/Kerang/Udang dll,olahan,30.0,289,38.0,14.0,0.0,0.0,18.0,40.0,100.0,0.7,,,,,0.0,0.0,,0.0,,,0.0,2.6,,,"TKPI (panganku.org), per 100 g edible portion; scraped by github.com/intanypurbasari/food-nutrition"
GP038,"Ikan sunu, asin, mentah (Coral trout)",Ikan/Kerang/Udang dll,olahan,34.7,199,34.1,3.8,7.1,,20.3,94.0,92.0,2.2,377.0,57.0,0.1,3.2,2481.0,,,1.5,0.13,7.2,,2.7,,,"TKPI (panganku.org), per 100 g edible portion; scraped by github.com/intanypurbasari/food-nutrition"
GP039,"Ikan, tepung, mentah",Ikan/Kerang/Udang dll,olahan,4.3,316,60.1,6.5,22.4,0.0,6.7,3196.0,1976.0,16.6,,,,,320.0,0.0,0.0,0.0,,,0.0,32.9,,,"TKPI (panganku.org), per 100 g edible portion; scraped by github.com/intanypurbasari/food-nutrition"
GP040,"Ikan Teri nasi, kering, mentah",Ikan/Kerang/Udang dll,olahan,34.5,144,32.5,0.6,0.0,0.0,32.4,1000.0,1000.0,3.0,312.0,,,,61.0,,,0.1,,,0.0,30.8,,,"TKPI (panganku.org), per 100 g edible portion; scraped by github.com/intanypurbasari/food-nutrition"
GP041,"Ikan Teri, bubuk, mentah",Ikan/Kerang/Udang dll,olahan,15.0,277,60.0,2.3,1.8,0.0,20.9,1209.0,1225.0,3.0,,,,,90.0,,,0.1,,,0.0,20.4,,,"TKPI (panganku.org), per 100 g edible portion; scraped by github.com/intanypurbasari/food-nutrition"
GP042,"Ikan teri, kering, mentah (Anchovy)",Ikan/Kerang/Udang dll,olahan,37.8,170,33.4,3.0,0.0,0.0,25.8,1200.0,1500.0,3.6,,,,,64.0,,,0.15,,,0.0,44.9,,,"TKPI (panganku.org), per 100 g edible portion; scraped by github.com/intanypurbasari/food-nutrition"
GP043,"Ikan Teri, kering, tawar, mentah",Ikan/Kerang/Udang dll,olahan,16.7,331,68.7,4.2,0.0,0.0,10.4,2381.0,1500.0,23.4,,,,,61.0,,,0.1,,,0.0,21.8,,,"TKPI (panganku.org), per 100 g edible portion; scraped by github.com/intanypurbasari/food-nutrition"
GP044,"Ikan Teri, tepung, mentah",Ikan/Kerang/Udang dll,olahan,5.2,347,48.8,6.4,19.6,0.0,20.0,4608.0,1200.0,18.6,,,,,61.0,0.0,130.0,1.12,,,0.0,24.6,,,"TKPI (panganku.org), per 100 g edible portion; scraped by github.com/intanypurbasari/food-nutrition"
GP045,"Kerang, asap, mentah",Ikan/Kerang/Udang dll,olahan,9.3,393,38.9,13.3,29.4,,9.1,420.0,410.0,8.5,160.0,50.0,0.6,3.7,,,,0.3,1.7,0.2,,10.5,,,"TKPI (panganku.org), per 100 g edible portion; scraped by github.com/intanypurbasari/food-nutrition"
GP046,"Kerang, dendeng, mentah",Ikan/Kerang/Udang dll,olahan,18.3,357,41.1,10.0,25.6,0.0,5.0,217.0,904.0,5.2,,,,,0.0,,329.0,0.27,,,0.0,22.0,,,"TKPI (panganku.org), per 100 g edible portion; scraped by github.com/intanypurbasari/food-nutrition"
GP047,"Rebon, kering, mentah",Ikan/Kerang/Udang dll,olahan,21.6,299,59.4,3.6,3.2,0.0,12.2,2306.0,625.0,21.4,,,,,0.0,0.0,,0.06,,,0.0,10.5,,,"TKPI (panganku.org), per 100 g edible portion; scraped by github.com/intanypurbasari/food-nutrition"
GP048,"Rebung laut, mentah",Ikan/Kerang/Udang dll,olahan,18.2,320,7.2,4.2,63.3,,7.1,240.0,570.0,6.6,20.0,1040.0,1.5,6.2,917.0,,,0.0,0.0,4.9,,79.2,,,"TKPI (panganku.org), per 100 g edible portion; scraped by github.com/intanypurbasari/food-nutrition"
GP049,Sardines dalam kaleng,Ikan/Kerang/Udang dll,olahan,47.1,338,21.1,27.0,1.0,0.0,3.8,354.0,434.0,3.5,,,,,76.0,0.0,,0.1,,,0.0,20.6,,,"TKPI (panganku.org), per 100 g edible portion; scraped by github.com/intanypurbasari/food-nutrition"
GP050,"Teripang, dendeng, mentah",Ikan/Kerang/Udang dll,olahan,12.5,462,39.1,32.4,3.5,0.0,12.5,499.0,616.0,96.4,315.0,402.5,,,2.0,0.0,144.0,1.37,0.0,5.3,0.0,15.8,,,"TKPI (panganku.org), per 100 g edible portion; scraped by github.com/intanypurbasari/food-nutrition"
GP051,"Udang kering, mentah",Ikan/Kerang/Udang dll,olahan,14.9,278,62.6,4.1,2.2,,16.2,760.0,510.0,5.2,540.0,360.0,2.4,3.2,39.0,,,,,0.1,,8.1,,,"TKPI (panganku.org), per 100 g edible portion; scraped by github.com/intanypurbasari/food-nutrition"
GP052,"Udang papay, mentah",Ikan/Kerang/Udang dll,olahan,24.5,273,47.8,3.8,12.5,,11.5,1109.0,789.0,2.4,651.0,802.0,2.6,10.8,,,,,,,,16.5,,,"TKPI (panganku.org), per 100 g edible portion; scraped by github.com/intanypurbasari/food-nutrition"
GP054,Abon ikan,Ikan/Kerang/Udang dll,olahan,6.4,435,27.2,20.2,36.1,,10.1,,,,,,,,,,,,0.8,24.3,,,,,"TKPI (panganku.org), per 100 g edible portion; scraped by github.com/intanypurbasari/food-nutrition"
GP055,"Betok wadi, masakan (Climbing gouramy)",Ikan/Kerang/Udang dll,olahan,69.2,145,16.3,7.0,4.1,,3.4,405.0,523.0,1.8,69.0,203.0,1.0,1.3,,,,0.22,,,,32.1,,"Ikan betok yang dibersihkan lalu difermentasi dengan garam dalam wadah beling, setalah itu dimasak sesuai selera, digoreng atau disayur.","TKPI (panganku.org), per 100 g edible portion; scraped by github.com/intanypurbasari/food-nutrition"
GP056,"Bou ninahu ndamate, masakan",Ikan/Kerang/Udang dll,olahan,79.5,79,6.3,1.0,1.1,,2.1,,,,67.0,,,,691.0,,,0.1,0.0,0.1,,,energy_vs_macros>25%,Ikan gabus segar dimasak dengan tomat (Sup gabus),"TKPI (panganku.org), per 100 g edible portion; scraped by github.com/intanypurbasari/food-nutrition"
GP057,"Bouiki ninahu nggaluku, masakan",Ikan/Kerang/Udang dll,olahan,73.9,94,7.8,2.2,10.8,,5.3,,,,58.0,179.4,,1.5,,,,0.5,0.03,2.4,,,,Keong sawah / tutut dimasak dengan santan,"TKPI (panganku.org), per 100 g edible portion; scraped by github.com/intanypurbasari/food-nutrition"
GP058,Cakalang asar (asap),Ikan/Kerang/Udang dll,olahan,64.3,155,20.1,3.8,10.2,,1.6,20.0,240.0,2.1,90.0,390.0,0.3,0.1,86.0,,,,0.7,0.2,,11.9,,,"TKPI (panganku.org), per 100 g edible portion; scraped by github.com/intanypurbasari/food-nutrition"
GP059,"Dendeng belut, goreng, masakan",Ikan/Kerang/Udang dll,olahan,8.2,382,55.7,14.1,8.0,0.0,14.0,1069.0,654.0,15.4,,,,,28.0,,1480.0,0.48,,,0.0,11.7,,,"TKPI (panganku.org), per 100 g edible portion; scraped by github.com/intanypurbasari/food-nutrition"
GP060,"Dendeng mujahir, goreng, masakan",Ikan/Kerang/Udang dll,olahan,6.5,598,74.3,26.9,9.2,0.0,13.1,1957.0,1447.0,7.4,,,,,18.0,,25.0,0.19,,,0.0,19.5,proximate_sum>105g,,"TKPI (panganku.org), per 100 g edible portion; scraped by github.com/intanypurbasari/food-nutrition"
GP061,Fillet o-fish,Ikan/Kerang/Udang dll,olahan,51.0,270,12.3,15.9,19.3,0.2,1.5,239.0,272.0,1.8,439.0,,,,34.0,,580.0,0.59,,,0.0,22.1,,,"TKPI (panganku.org), per 100 g edible portion; scraped by github.com/intanypurbasari/food-nutrition"
GP062,"Gete kuah asam, masakan",Ikan/Kerang/Udang dll,olahan,80.1,75,8.2,2.0,6.0,,3.8,1620.0,880.0,0.8,260.0,150.0,0.1,1.5,,,,,,0.1,,107.3,,,"TKPI (panganku.org), per 100 g edible portion; scraped by github.com/intanypurbasari/food-nutrition"
GP063,"Gulai asam keueung, masakan",Ikan/Kerang/Udang dll,olahan,86.0,52,10.0,0.5,1.8,,1.7,62.0,102.0,0.3,332.0,141.0,0.0,1.0,,,,0.18,0.34,,,10.2,copper_mg_zero_may_be_missing,"Ikan yang dimasak dengan asam kanti, biasanya ikan kakap, ikan bandeng, tongkol, patin, dan kembung","TKPI (panganku.org), per 100 g edible portion; scraped by github.com/intanypurbasari/food-nutrition"
GP065,"Gulai ikan, masakan",Ikan/Kerang/Udang dll,olahan,75.7,106,16.5,3.3,2.5,,2.0,306.0,196.0,4.8,743.0,,,,86.0,,2760.0,0.32,,,0.0,11.9,,,"TKPI (panganku.org), per 100 g edible portion; scraped by github.com/intanypurbasari/food-nutrition"
GP064,"Gulai ikan paya, masakan",Ikan/Kerang/Udang dll,olahan,72.1,148,10.0,9.8,5.0,,3.1,103.0,82.0,0.7,525.0,256.0,0.1,0.9,,,,0.26,0.02,,,8.2,,,"TKPI (panganku.org), per 100 g edible portion; scraped by github.com/intanypurbasari/food-nutrition"
GP066,"Gulai keumamah, masakan",Ikan/Kerang/Udang dll,olahan,81.4,110,5.9,8.2,3.2,,1.3,32.0,96.0,1.0,335.0,121.0,0.2,0.9,,,,0.33,0.04,,,16.3,,"Keumamah atau katshibushi atau ikan kayu (jenis ikan: tongkol/tuna/cakalang). Ikan direbus, dikeringkan beberapa hari hingga mengeras, lalu diiris kecil-kecil. Keumamah dimasak dengan santan","TKPI (panganku.org), per 100 g edible portion; scraped by github.com/intanypurbasari/food-nutrition"
GP067,"Gulai tiram, masakan",Ikan/Kerang/Udang dll,olahan,73.1,132,9.0,7.2,7.8,,2.9,53.0,134.0,3.7,285.0,133.0,1.1,0.7,389.0,,,0.29,0.12,,,14.9,,,"TKPI (panganku.org), per 100 g edible portion; scraped by github.com/intanypurbasari/food-nutrition"
GP068,"Gurame asem manis, masakan",Ikan/Kerang/Udang dll,olahan,63.1,192,12.7,10.1,12.7,0.0,2.4,283.0,169.0,1.1,,,,,19.0,,1440.0,0.1,,,0.0,13.3,,,"TKPI (panganku.org), per 100 g edible portion; scraped by github.com/intanypurbasari/food-nutrition"
GP069,"Ikan asar merah, masakan",Ikan/Kerang/Udang dll,olahan,69.2,146,17.7,5.9,5.6,,1.6,100.0,240.0,4.0,170.0,310.0,0.3,1.4,224.0,0.0,,,,,,13.6,,,"TKPI (panganku.org), per 100 g edible portion; scraped by github.com/intanypurbasari/food-nutrition"
GP070,"Jambal goreng, masakan",Ikan/Kerang/Udang dll,olahan,13.4,286,48.5,9.2,2.3,,26.6,207.0,457.0,3.3,,,,,109.0,,160.0,0.4,,3.1,0.0,9.4,,,"TKPI (panganku.org), per 100 g edible portion; scraped by github.com/intanypurbasari/food-nutrition"
GP071,"Jukku pallu kaloa, masakan",Ikan/Kerang/Udang dll,olahan,69.4,15,15.2,4.3,8.8,,2.3,40.0,170.0,1.1,605.0,153.0,0.6,1.1,,,,0.3,0.14,7.5,,11.2,,"Masakan ikan cangkalang dengan bumbu lengkuas, serai, cabai merah, kecap, dan garam","TKPI (panganku.org), per 100 g edible portion; scraped by github.com/intanypurbasari/food-nutrition"
GP072,"Kaholeo, masakan",Ikan/Kerang/Udang dll,olahan,11.2,413,28.7,19.8,29.8,,10.5,909.0,1291.0,0.0,0.0,1171.0,0.1,3.1,4236.0,,,1.34,0.03,5.7,,45.0,iron_mg_zero_may_be_missing; sodium_mg_zero_may_be_missing,Sambal goreng kering teri,"TKPI (panganku.org), per 100 g edible portion; scraped by github.com/intanypurbasari/food-nutrition"
GP073,Lawara penjah,Ikan/Kerang/Udang dll,olahan,64.5,207,7.4,15.4,9.6,,2.9,114.0,219.0,5.9,683.0,117.0,0.5,0.7,0.0,38.0,,0.19,0.04,,14.0,29.6,,Ikan penja dimasak dan dicampur dengan kelapa parut yang sudah berbumbu (seperti urap),"TKPI (panganku.org), per 100 g edible portion; scraped by github.com/intanypurbasari/food-nutrition"
GP074,"Model, masakan",Ikan/Kerang/Udang dll,olahan,83.9,79,2.2,4.0,8.6,,1.3,8.0,33.0,0.8,147.0,34.0,0.1,0.5,,,,0.16,0.02,,,15.0,,"Dibuat dari adonan yang sama dengan�pempek�kapal selam. Bedanya, model diisi dengan�tahu�dan digoreng sebelum disaji. Dihidangkan dengan kuah model yang terbuat dari�kaldu�udang. Lalu dicampur dengan�bihun, timun,�dan�ebi","TKPI (panganku.org), per 100 g edible portion; scraped by github.com/intanypurbasari/food-nutrition"
GP075,"Mujahir acar kuning, masakan",Ikan/Kerang/Udang dll,olahan,43.1,330,17.8,23.4,12.1,1.1,4.6,154.0,357.0,5.3,,,,,24.0,,4130.0,0.15,,,0.0,20.1,,,"TKPI (panganku.org), per 100 g edible portion; scraped by github.com/intanypurbasari/food-nutrition"
GP076,"Parede baleh, masakan",Ikan/Kerang/Udang dll,olahan,80.0,87,10.5,2.5,5.5,,1.5,35.0,215.0,0.9,416.0,59.0,0.1,0.2,,,,0.24,0.0,0.7,,20.5,,Masakan ikan dengan mangga,"TKPI (panganku.org), per 100 g edible portion; scraped by github.com/intanypurbasari/food-nutrition"
GP077,"Pempek adaan, masakan",Ikan/Kerang/Udang dll,olahan,62.6,162,4.9,3.0,27.8,,1.7,26.0,116.0,1.0,488.0,119.0,0.1,0.2,,,,0.3,0.03,1.0,,23.7,,,"TKPI (panganku.org), per 100 g edible portion; scraped by github.com/intanypurbasari/food-nutrition"
GP078,"Pempek belida, masakan",Ikan/Kerang/Udang dll,olahan,61.4,156,4.2,1.4,31.6,0.2,1.4,100.0,55.0,3.3,,,,,0.0,,0.0,0.03,,,0.0,13.1,,,"TKPI (panganku.org), per 100 g edible portion; scraped by github.com/intanypurbasari/food-nutrition"
GP079,"Pempek kapal selam, masakan",Ikan/Kerang/Udang dll,olahan,63.4,152,4.5,2.3,28.2,,1.6,19.0,115.0,1.6,628.0,91.0,0.1,0.2,,,,0.2,0.03,1.0,,25.6,,,"TKPI (panganku.org), per 100 g edible portion; scraped by github.com/intanypurbasari/food-nutrition"
GP080,"Pempek kelesan, masakan",Ikan/Kerang/Udang dll,olahan,53.0,211,12.3,6.1,26.6,0.4,2.0,840.0,176.0,1.8,,,,,14.0,,888.0,0.25,,,0.0,14.3,,,"TKPI (panganku.org), per 100 g edible portion; scraped by github.com/intanypurbasari/food-nutrition"
GP081,"Pempek kulit, masakan",Ikan/Kerang/Udang dll,olahan,45.7,243,5.2,7.3,39.1,,2.7,16.0,96.0,2.0,555.0,102.0,0.1,0.6,,,,0.2,0.02,0.9,,18.5,,,"TKPI (panganku.org), per 100 g edible portion; scraped by github.com/intanypurbasari/food-nutrition"
GP082,"Pempek telur, masakan",Ikan/Kerang/Udang dll,olahan,62.4,156,4.7,2.7,28.3,,1.9,13.0,83.0,1.3,448.0,48.0,0.1,0.6,,,,0.2,0.05,1.1,,17.7,,,"TKPI (panganku.org), per 100 g edible portion; scraped by github.com/intanypurbasari/food-nutrition"
GP083,"Pempek tenggiri, masakan",Ikan/Kerang/Udang dll,olahan,56.3,173,7.2,1.2,33.4,0.2,1.9,164.0,80.0,3.1,,,,,0.0,,0.0,0.02,,,0.0,11.1,,,"TKPI (panganku.org), per 100 g edible portion; scraped by github.com/intanypurbasari/food-nutrition"
GP084,"Pencok lele, masakan",Ikan/Kerang/Udang dll,olahan,47.5,372,7.8,36.3,3.5,0.0,4.9,289.0,295.0,5.3,,,,,64.0,0.0,12070.0,0.12,,,0.0,37.8,,,"TKPI (panganku.org), per 100 g edible portion; scraped by github.com/intanypurbasari/food-nutrition"
GP085,Pinda,Ikan/Kerang/Udang dll,olahan,71.0,107,15.9,0.6,0.4,,3.1,375.0,336.0,1.9,526.0,330.0,0.2,1.0,896.0,,,0.89,0.05,0.5,,21.1,energy_vs_macros>25%,Ikan boto - boto dimasak asam,"TKPI (panganku.org), per 100 g edible portion; scraped by github.com/intanypurbasari/food-nutrition"
GP086,"Pindang kenari, masakan",Ikan/Kerang/Udang dll,olahan,80.1,124,9.5,9.6,0.0,,2.8,120.0,220.0,1.3,370.0,270.0,0.3,1.2,18.0,381.0,,,,0.1,,23.2,,"Ikan tongkol dimasak dengan terong, lalu ditambahkan kacang kenari sebagai bumbunya dan daun kemangi","TKPI (panganku.org), per 100 g edible portion; scraped by github.com/intanypurbasari/food-nutrition"
GP087,"Saboko gurita, masakan",Ikan/Kerang/Udang dll,olahan,76.2,87,15.7,1.5,2.6,,4.1,60.0,14.0,2.1,200.0,180.0,0.9,4.0,38.0,,,,,,,0.9,phosphorus_low_for_protein,"Gurita dibumbui dengan cabe, bawang, daun asam muda yang kemudian dibungkus dengan daun lontar dan dibakar","TKPI (panganku.org), per 100 g edible portion; scraped by github.com/intanypurbasari/food-nutrition"
GP088,"Saboko saltan, masakan",Ikan/Kerang/Udang dll,olahan,76.0,113,17.1,3.6,3.0,,0.3,240.0,60.0,0.5,40.0,350.0,0.2,0.6,27.0,,,,,0.1,,3.5,,"Ikan saltan dibumbui dengan cabe, bawang, daun asam muda yang kemudian dibungkus dengan daun lontar dan dibakar","TKPI (panganku.org), per 100 g edible portion; scraped by github.com/intanypurbasari/food-nutrition"
GP089,"Saboko sardin, masakan",Ikan/Kerang/Udang dll,olahan,70.0,110,12.9,4.3,4.9,,7.9,220.0,520.0,6.0,200.0,280.0,0.2,3.9,37.0,,,,,,,40.3,,"Ikan sarden dibumbui dengan cabe, bawang, daun asam muda yang kemudian dibungkus dengan daun lontar dan dibakar","TKPI (panganku.org), per 100 g edible portion; scraped by github.com/intanypurbasari/food-nutrition"
GP090,Sate Bandeng,Ikan/Kerang/Udang dll,olahan,47.1,283,12.1,16.8,20.9,2.0,3.1,118.0,186.0,1.2,543.0,199.0,0.2,0.9,,2.0,0.0,0.02,0.02,0.0,0.0,15.4,,Pangan tunggal terolah/ produk yang berbahan baku ikan bandeng,"TKPI (panganku.org), per 100 g edible portion; scraped by github.com/intanypurbasari/food-nutrition"
GP091,"Sepi, masakan",Ikan/Kerang/Udang dll,olahan,66.1,88,7.9,1.6,10.6,,13.8,924.0,350.0,2.3,873.0,258.0,1.0,1.1,783.0,,,,,,,44.3,,Makanan yang terbuat dari udang rebon (anak udang yang sangat kecil yang di Bima disebut Sepi Bou),"TKPI (panganku.org), per 100 g edible portion; scraped by github.com/intanypurbasari/food-nutrition"
GP092,"Tekwan, masakan",Ikan/Kerang/Udang dll,olahan,86.7,53,1.9,0.9,9.4,,1.1,9.0,41.0,1.0,174.0,42.0,0.0,0.0,99.0,,,0.1,0.02,0.4,,21.6,copper_mg_zero_may_be_missing; zinc_mg_zero_may_be_missing,,"TKPI (panganku.org), per 100 g edible portion; scraped by github.com/intanypurbasari/food-nutrition"
GP093,"Teri belado, masakan",Ikan/Kerang/Udang dll,olahan,25.8,365,23.7,22.3,17.5,0.0,10.9,869.0,348.0,4.0,,,,,27.0,,1567.0,0.13,,,0.0,14.7,,,"TKPI (panganku.org), per 100 g edible portion; scraped by github.com/intanypurbasari/food-nutrition"
GP094,"Tumis bandeng, masakan",Ikan/Kerang/Udang dll,olahan,70.5,189,11.3,15.7,0.6,,1.9,56.0,129.0,0.4,314.0,280.0,0.1,0.7,579.0,,,0.46,0.02,,,11.4,,,"TKPI (panganku.org), per 100 g edible portion; scraped by github.com/intanypurbasari/food-nutrition"
GP095,Tumis keumamah,Ikan/Kerang/Udang dll,olahan,45.7,300,14.5,20.0,15.5,4.5,4.3,,,,,,,,,8.0,,0.63,0.04,,7.0,,,"Keumamah atau katshibushi atau ikan kayu (jenis ikan: tongkol/tuna/cakalang). Ikan direbus, dikeingkan beberapa hari hingga mengeras, lalu diiris kecil-kecil. Keumamah dimasak tumis","TKPI (panganku.org), per 100 g edible portion; scraped by github.com/intanypurbasari/food-nutrition"
HR001,"Telur ayam kampung, segar (Feral chicken, egg, fresh)",Telur,mentah,73.1,174,10.8,14.0,1.2,0.0,0.9,68.0,268.0,4.9,190.0,141.0,0.6,1.5,203.0,23.0,125.0,0.78,0.62,0.2,,24.8,,,"TKPI (panganku.org), per 100 g edible portion; scraped by github.com/intanypurbasari/food-nutrition"
HR002,"Telur ayam ras, segar (Domestic chicken, egg, fresh)",Telur,mentah,74.3,154,12.4,10.8,0.7,0.0,0.8,86.0,258.0,3.0,142.0,118.5,0.16,1.0,61.0,22.0,104.0,0.12,0.38,0.2,0.0,20.8,,,"TKPI (panganku.org), per 100 g edible portion; scraped by github.com/intanypurbasari/food-nutrition"
HR003,"Telur ayam ras, bagian kuning, segar (Domestic chicken, egg, yolk, raw)",Telur,mentah,49.4,355,16.3,31.9,0.7,0.0,1.7,147.0,586.0,7.2,111.0,107.5,0.2,2.5,606.0,63.0,,0.27,0.51,0.2,0.0,36.0,,,"TKPI (panganku.org), per 100 g edible portion; scraped by github.com/intanypurbasari/food-nutrition"
HR004,"Telur aAyam ras, bagian putih, segar (Domestic chicken, egg, white, raw)",Telur,mentah,87.8,50,10.8,0.0,0.8,0.0,0.6,6.0,17.0,0.2,164.0,138.5,0.03,0.4,0.0,0.0,,0.0,0.26,0.4,0.0,1.6,phosphorus_low_for_protein,,"TKPI (panganku.org), per 100 g edible portion; scraped by github.com/intanypurbasari/food-nutrition"
HR005,"Telur bebek alabio, segar (Duck, alabio, egg, fresh)",Telur,mentah,70.0,187,11.8,14.2,3.0,0.0,1.0,60.0,268.0,6.0,115.0,80.0,0.6,1.7,180.0,437.0,,1.55,0.37,0.1,,22.7,,,"TKPI (panganku.org), per 100 g edible portion; scraped by github.com/intanypurbasari/food-nutrition"
HR006,"Telur bebek, bagian kuning, segar (Duck, egg, yolk, fresh)",Telur,mentah,47.0,386,17.0,35.0,0.8,0.0,0.2,150.0,400.0,7.0,106.0,90.7,0.09,2.5,870.0,747.0,,0.6,0.68,1.4,0.0,23.5,,,"TKPI (panganku.org), per 100 g edible portion; scraped by github.com/intanypurbasari/food-nutrition"
HR007,"Telur bebek, bagian putih, segar (Duck, egg, white, fresh)",Telur,mentah,88.0,54,11.0,0.0,0.8,0.0,0.2,21.0,20.0,0.1,184.0,150.2,0.13,0.1,0.0,0.0,,0.01,0.02,0.1,0.0,1.8,phosphorus_low_for_protein,,"TKPI (panganku.org), per 100 g edible portion; scraped by github.com/intanypurbasari/food-nutrition"
HR008,"Telur bebek tambak, segar (Domestic duck, egg, fresh)",Telur,mentah,67.7,187,10.9,12.4,7.9,0.0,1.1,64.0,295.0,5.4,209.0,146.0,0.4,1.8,378.0,471.0,375.0,1.62,0.03,0.1,,27.1,,,"TKPI (panganku.org), per 100 g edible portion; scraped by github.com/intanypurbasari/food-nutrition"
HR009,"Telur burung maleo, segar (Maleo, bird, egg , fresh)",Telur,mentah,36.0,436,26.5,36.3,0.4,,0.8,154.0,120.0,4.3,77.0,333.0,0.4,2.9,3987.0,,,,1.0,0.2,,4.5,,,"TKPI (panganku.org), per 100 g edible portion; scraped by github.com/intanypurbasari/food-nutrition"
HR010,"Telur penyu, segar (Turtle, egg)",Telur,mentah,7.4,136,8.6,10.1,2.7,0.0,1.2,66.0,282.0,3.4,478.0,115.0,0.5,1.4,82.0,17.0,,0.21,0.02,0.0,0.0,32.8,,,"TKPI (panganku.org), per 100 g edible portion; scraped by github.com/intanypurbasari/food-nutrition"
HR011,"Telur burung puyuh, segar (Quail, egg, fress)",Telur,mentah,79.8,116,10.7,7.0,1.6,0.0,0.9,65.0,191.0,3.5,111.0,11.0,0.05,1.2,95.0,80.0,,0.13,0.65,0.1,0.0,17.9,potassium_low_for_protein,,"TKPI (panganku.org), per 100 g edible portion; scraped by github.com/intanypurbasari/food-nutrition"
HP001,"Telur ayam, dadar, masakan",Telur,olahan,61.9,251,16.3,19.4,1.4,0.0,1.0,62.0,250.0,2.5,,,,,36.0,,221.0,0.21,0.0,,0.0,15.3,,,"TKPI (panganku.org), per 100 g edible portion; scraped by github.com/intanypurbasari/food-nutrition"
HP002,"Telur bebek, asin, mentah (Duck, egg, salted, raw)",Telur,olahan,66.5,179,13.6,13.3,4.4,0.0,2.2,120.0,157.0,1.8,483.0,140.1,,,253.0,13.0,,0.28,0.98,0.6,0.0,11.5,,,"TKPI (panganku.org), per 100 g edible portion; scraped by github.com/intanypurbasari/food-nutrition"
HP003,"Telur bebek, dadar, masakan",Telur,olahan,55.1,301,20.0,23.7,0.0,0.0,1.2,71.0,600.0,9.2,,,,,122.0,,613.0,0.35,,,0.0,30.0,,,"TKPI (panganku.org), per 100 g edible portion; scraped by github.com/intanypurbasari/food-nutrition"
HP004,"Ikan, telur, asin, mentah (Roe, (fish egg), fresh)",Telur,olahan,37.8,358,20.7,26.4,9.4,0.0,5.7,48.0,311.0,15.1,2684.0,59.0,0.4,3.0,1866.0,0.0,,0.21,0.54,2.1,,15.0,,,"TKPI (panganku.org), per 100 g edible portion; scraped by github.com/intanypurbasari/food-nutrition"
HP005,"Bayau mi balu, masakan",Telur,olahan,36.1,313,6.0,12.2,44.8,,0.9,,,,,,,,783.0,89.0,,0.14,0.27,9.7,,,,Kuning telur dibuat seperti kue dadar kemudian dimasak dengan sirup gula putih,"TKPI (panganku.org), per 100 g edible portion; scraped by github.com/intanypurbasari/food-nutrition"
HP006,"Cucuru bayau, masakan",Telur,olahan,35.0,349,6.8,18.7,38.3,,1.2,,,,,,,,,123.0,,0.06,0.25,0.0,,,,"Snack dari kuning telur yang dikocok dengan sedikit gula, lalu dikukus dalam cetakan kecil - kecil bersama sirup gula putih","TKPI (panganku.org), per 100 g edible portion; scraped by github.com/intanypurbasari/food-nutrition"
HP007,"Kalio telur, masakan",Telur,olahan,79.0,193,10.6,12.4,9.7,,1.4,148.0,246.0,3.8,540.0,,,,160.0,,3600.0,0.44,,,0.0,23.2,proximate_sum>105g,,"TKPI (panganku.org), per 100 g edible portion; scraped by github.com/intanypurbasari/food-nutrition"
JR001,"Kepala susu - krim, segar",Susu,mentah,72.5,204,2.6,20.0,4.0,0.0,0.9,97.0,77.0,0.1,,,,,252.0,191.0,,0.03,0.2,0.1,1.0,29.6,,,"TKPI (panganku.org), per 100 g edible portion; scraped by github.com/intanypurbasari/food-nutrition"
JR002,Susu ibu - ASI,Susu,mentah,88.1,62,1.5,3.2,7.0,0.0,0.2,34.0,20.0,0.2,15.0,41.0,0.01,0.4,,7.0,,0.01,0.03,0.2,,13.3,,,"TKPI (panganku.org), per 100 g edible portion; scraped by github.com/intanypurbasari/food-nutrition"
JR003,"Susu kambing, segar",Susu,mentah,85.9,64,4.3,2.3,6.6,0.0,0.9,98.0,78.0,2.7,35.0,160.0,0.33,0.1,38.0,0.0,,0.06,0.45,0.3,1.0,18.1,,,"TKPI (panganku.org), per 100 g edible portion; scraped by github.com/intanypurbasari/food-nutrition"
JR004,"Susu kerbau, segar",Susu,mentah,73.8,160,6.3,12.0,7.1,,0.8,216.0,101.0,0.2,82.0,,,0.3,24.0,,,0.04,0.07,,1.0,16.0,,,"TKPI (panganku.org), per 100 g edible portion; scraped by github.com/intanypurbasari/food-nutrition"
JR005,"Susu kuda, segar",Susu,mentah,91.0,40,2.0,1.1,5.4,0.0,0.4,,,,,37.4,0.0,0.0,,1.0,,0.0,0.2,0.2,,,,,"TKPI (panganku.org), per 100 g edible portion; scraped by github.com/intanypurbasari/food-nutrition"
JR006,"Susu sapi, segar",Susu,mentah,88.3,61,3.2,3.5,4.3,0.0,0.7,143.0,60.0,1.7,36.0,149.0,0.02,0.3,39.0,12.0,,0.03,0.18,0.2,1.0,18.8,,,"TKPI (panganku.org), per 100 g edible portion; scraped by github.com/intanypurbasari/food-nutrition"
JP001,Es krim,Susu,olahan,62.1,210,4.0,12.5,20.6,0.0,0.8,123.0,99.0,0.1,78.0,193.4,0.0,0.7,158.0,0.0,,0.04,0.23,0.1,1.0,24.8,copper_mg_zero_may_be_missing,,"TKPI (panganku.org), per 100 g edible portion; scraped by github.com/intanypurbasari/food-nutrition"
JP002,Hangop,Susu,olahan,84.0,65,10.0,1.0,3.5,0.0,1.5,180.0,190.0,0.2,126.0,374.4,0.0,,,22.0,,0.03,0.43,0.2,,19.0,copper_mg_zero_may_be_missing,Sejenis yoghurt,"TKPI (panganku.org), per 100 g edible portion; scraped by github.com/intanypurbasari/food-nutrition"
JP003,Keju,Susu,olahan,38.5,326,22.8,20.3,13.1,0.0,5.3,777.0,338.0,1.5,1410.0,82.7,0.03,3.1,227.0,128.0,,0.01,0.37,0.1,1.0,14.8,,,"TKPI (panganku.org), per 100 g edible portion; scraped by github.com/intanypurbasari/food-nutrition"
JP004,Kwark (Quark),Susu,olahan,59.0,242,19.0,17.0,3.0,0.0,2.0,300.0,350.0,0.5,37.0,72.7,0.01,0.2,173.0,0.0,,0.03,0.38,0.0,,18.4,,Produk susu segar yang dibuat dengan pemanasan asam susu sampai tingkat kekentalan yang diinginkan tercapai,"TKPI (panganku.org), per 100 g edible portion; scraped by github.com/intanypurbasari/food-nutrition"
JP005,"Susu asam untuk bayi, bubuk",Susu,olahan,2.5,418,19.0,9.0,65.5,0.0,4.0,800.0,600.0,7.0,188.0,486.5,0.0,0.0,303.0,83.0,,1.0,1.31,0.7,30.0,31.6,copper_mg_zero_may_be_missing; zinc_mg_zero_may_be_missing,,"TKPI (panganku.org), per 100 g edible portion; scraped by github.com/intanypurbasari/food-nutrition"
JP006,Susu bubuk,Susu,olahan,3.5,513,24.6,30.0,36.2,0.0,5.7,904.0,694.0,0.6,380.0,1330.0,0.02,4.1,476.0,118.0,,0.29,1.39,1.6,6.0,28.2,,,"TKPI (panganku.org), per 100 g edible portion; scraped by github.com/intanypurbasari/food-nutrition"
JP007,Susu kental manis,Susu,olahan,25.0,343,8.2,10.0,55.0,0.0,1.8,275.0,209.0,0.2,150.0,320.0,0.02,1.0,155.0,46.0,,0.05,0.43,0.4,1.0,25.5,,,"TKPI (panganku.org), per 100 g edible portion; scraped by github.com/intanypurbasari/food-nutrition"
JP008,Susu kental tak manis,Susu,olahan,73.7,138,7.0,7.9,9.9,,1.5,243.0,195.0,0.2,140.0,303.0,,,121.0,,,0.05,,0.0,1.0,27.9,,,"TKPI (panganku.org), per 100 g edible portion; scraped by github.com/intanypurbasari/food-nutrition"
JP009,"Susu skim, bubuk",Susu,olahan,3.5,359,35.6,1.0,52.0,0.0,7.9,1300.0,1030.0,0.6,470.0,1745.0,0.04,4.1,,10.0,,0.35,1.05,1.2,7.0,28.9,,,"TKPI (panganku.org), per 100 g edible portion; scraped by github.com/intanypurbasari/food-nutrition"
JP010,"Susu skim, segar",Susu,olahan,90.5,36,3.5,0.1,5.1,,0.8,123.0,97.0,0.1,38.0,,,,0.0,,,0.04,,,1.0,27.7,,,"TKPI (panganku.org), per 100 g edible portion; scraped by github.com/intanypurbasari/food-nutrition"
JP011,"Yoghurt, segar",Susu,olahan,88.0,52,3.3,2.5,4.0,0.0,2.2,120.0,90.0,0.1,40.0,299.0,0.01,0.6,22.0,10.0,,0.04,0.1,0.2,0.0,27.3,,,"TKPI (panganku.org), per 100 g edible portion; scraped by github.com/intanypurbasari/food-nutrition"
KR001,"Kelapa setengah tua, daging, segar (Coconut flesh, half mature, fresh)",Minyak/Lemak,mentah,70.0,180,4.0,15.0,10.0,2.4,1.0,8.0,55.0,1.3,4.0,317.7,0.29,2.9,,0.0,10.0,0.05,0.01,0.1,4.0,13.8,,,"TKPI (panganku.org), per 100 g edible portion; scraped by github.com/intanypurbasari/food-nutrition"
KR002,"Kelapa tua, daging, segar (Coconut, flesh, old, fresh)",Minyak/Lemak,mentah,46.9,359,3.4,34.7,14.0,4.7,1.0,21.0,98.0,2.0,3.0,293.9,0.44,1.1,0.0,0.0,,0.1,0.0,0.0,2.0,28.8,,,"TKPI (panganku.org), per 100 g edible portion; scraped by github.com/intanypurbasari/food-nutrition"
KR003,"Lemak babi (lard) (pork, fat, lord)",Minyak/Lemak,mentah,0.0,902,0.0,100.0,0.0,0.0,0.0,0.0,0.0,0.0,0.0,0.0,9.0,0.1,0.0,0.0,,0.0,0.0,0.0,0.0,,,,"TKPI (panganku.org), per 100 g edible portion; scraped by github.com/intanypurbasari/food-nutrition"
KR004,"Lemak babi (bacon) (pork, fat, bacon)",Minyak/Lemak,mentah,20.0,626,9.1,65.0,1.1,0.0,4.8,13.0,108.0,0.8,0.0,0.0,0.0,0.9,0.0,0.0,,0.38,0.0,0.0,0.0,11.9,,,"TKPI (panganku.org), per 100 g edible portion; scraped by github.com/intanypurbasari/food-nutrition"
KR005,"Lemak ikan (Fish, fat)",Minyak/Lemak,mentah,43.3,372,12.0,29.4,14.4,0.0,0.3,20.0,230.0,32.7,60.0,52.0,0.4,1.1,,,,0.49,0.13,,,19.2,,,"TKPI (panganku.org), per 100 g edible portion; scraped by github.com/intanypurbasari/food-nutrition"
KR006,"Lemak kerbau (lemak sapi) (fat, buffalo)",Minyak/Lemak,mentah,5.0,818,1.5,90.0,0.0,0.0,3.5,0.0,0.0,0.0,29.0,25.8,0.0,0.0,0.0,283.0,,0.0,0.0,0.7,0.0,,,,"TKPI (panganku.org), per 100 g edible portion; scraped by github.com/intanypurbasari/food-nutrition"
KR007,"Minyak hiu, hati (shark, fish, liver, oil)",Minyak/Lemak,mentah,0.0,902,0.0,100.0,0.0,0.0,0.0,0.0,0.0,0.0,0.0,0.0,0.0,0.0,21212.0,0.0,,0.0,0.0,0.0,0.0,,,,"TKPI (panganku.org), per 100 g edible portion; scraped by github.com/intanypurbasari/food-nutrition"
KR008,"Minyak ikan (Fish, oil)",Minyak/Lemak,mentah,0.0,902,0.0,100.0,0.0,0.0,0.0,0.0,0.0,0.0,0.0,0.0,0.0,0.0,24242.0,0.0,,0.0,0.0,0.0,0.0,,,,"TKPI (panganku.org), per 100 g edible portion; scraped by github.com/intanypurbasari/food-nutrition"
KR009,Minyak kacang tanah (Peanut oil),Minyak/Lemak,mentah,0.0,902,0.0,100.0,0.0,0.0,0.0,0.0,0.0,0.0,0.0,0.0,0.0,0.0,0.0,0.0,,0.0,0.0,0.0,0.0,,,,"TKPI (panganku.org), per 100 g edible portion; scraped by github.com/intanypurbasari/food-nutrition"
KR010,Minyak kedelai (Soybean oil),Minyak/Lemak,mentah,0.1,883,0.0,99.9,0.0,0.0,0.0,0.0,0.0,0.0,0.0,0.1,0.0,0.0,0.0,0.0,,0.0,0.0,0.0,0.0,,,,"TKPI (panganku.org), per 100 g edible portion; scraped by github.com/intanypurbasari/food-nutrition"
KR011,Minyak kelapa (Coconut oil),Minyak/Lemak,mentah,0.0,870,1.0,98.0,0.0,0.0,1.0,0.0,0.0,0.0,0.0,0.0,0.0,0.0,0.0,0.0,,0.0,0.0,0.0,0.0,,,,"TKPI (panganku.org), per 100 g edible portion; scraped by github.com/intanypurbasari/food-nutrition"
KR012,Minyak kelapa sawit (Palm oil),Minyak/Lemak,mentah,0.0,884,0.0,100.0,0.0,0.0,0.0,0.0,0.0,0.0,0.0,0.0,0.0,0.0,,18181.0,,0.0,0.0,0.0,0.0,,,,"TKPI (panganku.org), per 100 g edible portion; scraped by github.com/intanypurbasari/food-nutrition"
KR013,Minyak wijen (Sesame oil),Minyak/Lemak,mentah,0.1,881,0.2,99.7,0.0,0.0,0.0,10.0,5.0,0.1,2.0,20.0,0.0,0.0,0.0,0.0,,0.01,0.07,0.1,0.0,25.0,,,"TKPI (panganku.org), per 100 g edible portion; scraped by github.com/intanypurbasari/food-nutrition"
KR014,Minyak Zaitun (Olive oil),Minyak/Lemak,mentah,0.0,884,0.0,100.0,0.0,0.0,0.0,14.0,0.0,1.2,7.0,0.0,0.0,0.0,,0.0,,0.0,0.0,5.0,,,,,"TKPI (panganku.org), per 100 g edible portion; scraped by github.com/intanypurbasari/food-nutrition"
KP001,Margarin (Butter),Minyak/Lemak,olahan,15.5,720,0.6,81.0,0.4,0.0,2.5,20.0,16.0,0.0,760.0,25.9,0.0,0.0,606.0,633.0,,0.0,0.0,0.0,0.0,26.7,,,"TKPI (panganku.org), per 100 g edible portion; scraped by github.com/intanypurbasari/food-nutrition"
KP002,Mentega (Margarine),Minyak/Lemak,olahan,16.0,742,0.5,81.6,1.4,0.0,1.9,15.0,16.0,1.1,653.0,103.0,0.0,0.4,1000.0,155.0,,0.0,0.1,0.0,,32.0,,,"TKPI (panganku.org), per 100 g edible portion; scraped by github.com/intanypurbasari/food-nutrition"
KP003,Santan (dengan air) (Coconut milk mixed with water),Minyak/Lemak,olahan,80.0,122,2.0,10.0,7.6,1.4,0.4,25.0,30.0,0.1,9.0,162.4,0.16,0.4,0.0,,,0.02,0.0,0.5,2.0,15.0,,,"TKPI (panganku.org), per 100 g edible portion; scraped by github.com/intanypurbasari/food-nutrition"
KP004,"Santan murni (Coconut milk, pured)",Minyak/Lemak,olahan,54.9,324,4.2,34.3,5.6,0.0,1.0,14.0,45.0,1.9,18.0,514.1,0.37,0.9,0.0,0.0,,0.02,0.0,0.5,2.0,10.7,,,"TKPI (panganku.org), per 100 g edible portion; scraped by github.com/intanypurbasari/food-nutrition"
MP001,"Coklat manis, batang (Chocolate, bar)",Konfeksioneri,olahan,1.4,527,2.0,29.8,62.7,6.5,4.1,63.0,287.0,2.8,6.0,499.5,0.0,0.0,,,30.0,0.03,0.02,0.0,0.0,143.5,copper_mg_zero_may_be_missing; zinc_mg_zero_may_be_missing,,"TKPI (panganku.org), per 100 g edible portion; scraped by github.com/intanypurbasari/food-nutrition"
MP002,"Coklat pahit,batang (Chocolate,dark, bar)",Konfeksioneri,olahan,2.3,615,5.5,42.6,29.2,10.8,10.1,98.0,446.0,4.4,20.0,708.3,1.7,3.3,,2.0,60.0,0.05,0.08,1.0,0.0,81.1,,,"TKPI (panganku.org), per 100 g edible portion; scraped by github.com/intanypurbasari/food-nutrition"
MP003,"Coklat susu, batang (Chocolate, dairy milk, bar)",Konfeksioneri,olahan,1.0,565,9.0,35.0,53.6,3.4,1.4,200.0,200.0,2.0,100.0,405.5,0.49,2.3,,54.0,30.0,0.08,0.45,0.5,0.0,22.2,,,"TKPI (panganku.org), per 100 g edible portion; scraped by github.com/intanypurbasari/food-nutrition"
MP004,"Coklat bubuk (Cacao, powder)",Konfeksioneri,olahan,3.9,311,8.0,4.0,48.9,32.6,15.4,125.0,715.0,11.6,,,,,,,30.0,0.12,,0.6,,89.4,,,"TKPI (panganku.org), per 100 g edible portion; scraped by github.com/intanypurbasari/food-nutrition"
MP005,"Gula aren (Sugar, palm)",Konfeksioneri,olahan,7.0,368,0.0,0.0,92.0,0.0,1.0,75.0,35.0,3.0,15.0,390.4,0.04,26.4,0.0,0.0,,0.0,0.01,0.5,0.0,,,,"TKPI (panganku.org), per 100 g edible portion; scraped by github.com/intanypurbasari/food-nutrition"
MP006,Gula kelapa,Konfeksioneri,olahan,10.0,386,3.0,10.0,76.0,0.0,1.0,76.0,37.0,2.6,2.0,0.0,0.0,0.0,0.0,0.0,,0.0,0.34,0.5,0.0,12.3,potassium_mg_zero_may_be_missing; copper_mg_zero_may_be_missing; zinc_mg_zero_may_be_missing,,"TKPI (panganku.org), per 100 g edible portion; scraped by github.com/intanypurbasari/food-nutrition"
MP007,Gula putih (Sugar cane),Konfeksioneri,olahan,5.4,394,0.0,0.0,94.0,0.0,0.6,5.0,1.0,0.1,1.0,4.8,0.0,0.0,0.0,0.0,,0.0,0.0,0.0,0.0,,copper_mg_zero_may_be_missing; zinc_mg_zero_may_be_missing,,"TKPI (panganku.org), per 100 g edible portion; scraped by github.com/intanypurbasari/food-nutrition"
MP008,"Jam, selai (Jam)",Konfeksioneri,olahan,34.0,239,0.5,0.6,64.5,1.0,0.4,20.0,20.0,1.0,30.0,73.1,0.09,0.0,0.0,0.0,,0.01,0.07,0.0,0.0,40.0,,,"TKPI (panganku.org), per 100 g edible portion; scraped by github.com/intanypurbasari/food-nutrition"
MP009,"Kopi bubuk instant (Coffee, instant)",Konfeksioneri,olahan,2.6,129,12.3,0.5,35.0,0.0,9.7,179.0,383.0,5.6,72.0,3256.0,0.14,0.0,,0.0,0.0,0.0,0.21,30.6,0.0,31.1,energy_vs_macros>25%; zinc_mg_zero_may_be_missing,,"TKPI (panganku.org), per 100 g edible portion; scraped by github.com/intanypurbasari/food-nutrition"
MP010,Madu (Honey),Konfeksioneri,olahan,20.0,294,0.3,0.0,79.5,0.2,0.2,5.0,16.0,0.9,6.0,26.9,0.04,0.2,0.0,0.0,,0.0,0.04,0.1,4.0,53.3,,,"TKPI (panganku.org), per 100 g edible portion; scraped by github.com/intanypurbasari/food-nutrition"
MP011,Markisa squash,Konfeksioneri,olahan,46.7,217,2.5,1.0,49.6,,0.2,6.0,83.0,0.6,14.0,65.0,0.0,0.1,,23.0,75.0,0.07,0.02,0.0,14.0,33.2,,,"TKPI (panganku.org), per 100 g edible portion; scraped by github.com/intanypurbasari/food-nutrition"
MP012,"Markisa squash, BD (Squash, markisa)",Konfeksioneri,olahan,74.4,104,1.2,0.5,23.7,,0.2,1.0,88.0,0.5,40.0,40.0,0.0,0.1,,7.0,40.0,0.2,0.02,0.0,12.0,73.3,,,"TKPI (panganku.org), per 100 g edible portion; scraped by github.com/intanypurbasari/food-nutrition"
MP013,Melase,Konfeksioneri,olahan,21.2,276,,0.1,71.0,0.0,7.7,6.0,83.0,0.6,14.0,,0.0,0.3,0.0,0.0,,0.04,,,0.0,,copper_mg_zero_may_be_missing,"Bagian dari gula yang tidak mengering setelah dimasak dengan banyaknya campuran yang ditambahkan, dimanfaatkan dalam pembuatan sirop, arak, spiritus, atau sebagai campuran pakan ternak","TKPI (panganku.org), per 100 g edible portion; scraped by github.com/intanypurbasari/food-nutrition"
MP014,Sirup (syrup),Konfeksioneri,olahan,44.0,213,0.0,0.0,55.0,0.0,1.0,0.0,0.0,0.0,3.0,4.2,,,,0.0,,0.0,0.0,0.0,,,calcium_mg_zero_may_be_missing; phosphorus_mg_zero_may_be_missing; iron_mg_zero_may_be_missing,,"TKPI (panganku.org), per 100 g edible portion; scraped by github.com/intanypurbasari/food-nutrition"
MP015,"Sirup pirous (syrup, pirous)",Konfeksioneri,olahan,43.3,228,0.2,0.4,55.9,0.0,0.2,470.0,93.0,29.5,3.0,4.2,,,,0.0,0.0,0.0,0.0,0.0,8.0,465.0,,,"TKPI (panganku.org), per 100 g edible portion; scraped by github.com/intanypurbasari/food-nutrition"
MP016,"Teh hijau daun kering (Tea, leaf, green, dried)",Konfeksioneri,olahan,7.7,300,28.3,4.8,53.6,9.6,5.6,245.0,415.0,18.9,60.0,5873.0,0.5,0.0,,8400.0,,0.38,1.24,4.6,230.0,14.7,zinc_mg_zero_may_be_missing,,"TKPI (panganku.org), per 100 g edible portion; scraped by github.com/intanypurbasari/food-nutrition"
MP017,"Teh hitam daun kering (tea, leaf, black, dried)",Konfeksioneri,olahan,8.0,293,24.5,2.8,58.8,8.7,5.9,327.0,313.0,24.3,50.0,5854.0,0.0,0.0,0.0,2700.0,,0.07,0.8,7.6,9.0,12.8,copper_mg_zero_may_be_missing; zinc_mg_zero_may_be_missing,,"TKPI (panganku.org), per 100 g edible portion; scraped by github.com/intanypurbasari/food-nutrition"
MP018,"Teh melati daun kering (Tea, jasmine, black, dried)",Konfeksioneri,olahan,8.1,299,24.1,3.5,59.0,9.7,5.3,320.0,185.0,31.6,70.0,5848.0,0.53,0.0,0.0,8400.0,,0.07,0.79,7.3,85.0,7.7,zinc_mg_zero_may_be_missing,,"TKPI (panganku.org), per 100 g edible portion; scraped by github.com/intanypurbasari/food-nutrition"
NR001,"Asam arang coklat, segar",Bumbu,mentah,66.1,130,0.5,1.1,30.9,1.5,1.4,79.0,113.0,4.3,13.0,,0.0,,,745.0,0.0,0.01,0.2,0.0,0.0,226.0,copper_mg_zero_may_be_missing,,"TKPI (panganku.org), per 100 g edible portion; scraped by github.com/intanypurbasari/food-nutrition"
NR002,"Asam arang merah, segar (Mysore Gamboge, fresh)",Bumbu,mentah,75.9,99,0.8,1.6,20.3,2.8,1.4,69.0,300.0,4.6,2.0,95.7,0.0,0.1,,529.0,0.0,0.01,0.34,1.6,0.0,375.0,copper_mg_zero_may_be_missing,,"TKPI (panganku.org), per 100 g edible portion; scraped by github.com/intanypurbasari/food-nutrition"
NR003,"Asan kandis, kering (Mysore Gamboge, dry)",Bumbu,mentah,32.2,261,0.9,1.6,63.3,5.0,2.0,192.0,657.0,4.4,26.0,341.4,0.4,0.3,,0.0,0.0,0.0,0.0,0.4,0.0,730.0,,,"TKPI (panganku.org), per 100 g edible portion; scraped by github.com/intanypurbasari/food-nutrition"
NR004,"Asam kandis, segar (Mysore Gamboge, fresh)",Bumbu,mentah,81.5,75,0.2,1.1,16.1,3.4,1.1,63.0,139.0,2.5,93.0,93.2,0.1,0.1,,41.0,0.0,0.01,0.0,0.1,0.0,695.0,,,"TKPI (panganku.org), per 100 g edible portion; scraped by github.com/intanypurbasari/food-nutrition"
NR005,"Asam masak pohon, segar (Tamarind, fresh)",Bumbu,mentah,31.4,267,2.8,0.6,62.5,1.2,2.7,74.0,113.0,0.6,9.0,139.5,0.09,0.1,,9.0,30.0,0.34,0.04,0.7,2.0,40.4,,,"TKPI (panganku.org), per 100 g edible portion; scraped by github.com/intanypurbasari/food-nutrition"
NR006,"Asam payak, segar (Asam paya/ kelubi/ kuwai-kuwai)",Bumbu,mentah,65.1,135,0.8,0.4,32.1,10.0,1.6,60.0,39.0,5.7,0.0,,,,,,0.0,0.0,,,0.0,48.8,sodium_mg_zero_may_be_missing,,"TKPI (panganku.org), per 100 g edible portion; scraped by github.com/intanypurbasari/food-nutrition"
NR007,"Bawang merah, segar (Shallot)",Bumbu,mentah,88.0,46,1.5,0.3,9.2,1.7,1.0,36.0,40.0,0.8,7.0,178.6,0.06,0.2,,2.0,,0.03,0.04,0.2,2.0,26.7,,,"TKPI (panganku.org), per 100 g edible portion; scraped by github.com/intanypurbasari/food-nutrition"
NR008,"Bawang putih, segar (Garlic)",Bumbu,mentah,71.0,112,4.5,0.2,23.1,0.6,1.8,42.0,134.0,1.0,46.0,665.7,0.09,0.4,,0.0,,0.22,0.07,0.3,15.0,29.8,,,"TKPI (panganku.org), per 100 g edible portion; scraped by github.com/intanypurbasari/food-nutrition"
NR009,"Boros kunci, segar (Rhizomes / Kaemper / Chinesedey)",Bumbu,mentah,90.0,40,1.0,0.8,7.2,1.0,1.0,50.0,50.0,2.0,33.0,480.0,0.02,0.3,,0.0,5000.0,0.08,0.68,1.7,50.0,50.0,,,"TKPI (panganku.org), per 100 g edible portion; scraped by github.com/intanypurbasari/food-nutrition"
NR010,"Boros laja (lengkuas), segar (Rhizomes / Galanga)",Bumbu,mentah,93.0,26,1.0,0.3,4.7,1.1,1.0,50.0,50.0,2.0,24.0,137.1,0.07,0.3,,5.0,5000.0,0.08,0.06,0.3,50.0,50.0,,,"TKPI (panganku.org), per 100 g edible portion; scraped by github.com/intanypurbasari/food-nutrition"
NR011,"Cabai gembor merah, segar (Chili papper)",Bumbu,mentah,90.8,38,1.6,0.8,6.3,1.6,0.6,49.0,41.0,1.1,7.0,275.3,0.12,0.2,,5897.0,3240.0,0.21,0.12,0.0,16.0,25.6,,,"TKPI (panganku.org), per 100 g edible portion; scraped by github.com/intanypurbasari/food-nutrition"
NR012,"Cabai hijau, segar (Chili papper)",Bumbu,mentah,93.4,26,0.7,0.3,5.2,2.6,0.4,14.0,23.0,0.4,7.0,151.0,0.08,0.2,,44.0,260.0,0.05,0.06,0.4,84.0,32.9,,,"TKPI (panganku.org), per 100 g edible portion; scraped by github.com/intanypurbasari/food-nutrition"
NR013,"Cabai merah, kering (Chili papper)",Bumbu,mentah,10.0,367,15.9,6.2,61.8,26.9,6.1,160.0,370.0,2.3,25.0,181.5,1.2,1.8,,10955.0,576.0,0.4,1.36,4.4,50.0,23.3,,,"TKPI (panganku.org), per 100 g edible portion; scraped by github.com/intanypurbasari/food-nutrition"
NR014,"Cabai merah, segar (Chili papper)",Bumbu,mentah,90.9,36,1.0,0.3,7.3,1.4,0.5,29.0,24.0,0.5,23.0,272.4,0.12,0.2,,5833.0,470.0,0.05,0.09,3.0,18.0,24.0,,,"TKPI (panganku.org), per 100 g edible portion; scraped by github.com/intanypurbasari/food-nutrition"
NR015,"Cabai rawit, segar (Chili papper)",Bumbu,mentah,71.2,120,4.7,2.4,19.9,15.2,1.8,45.0,85.0,2.5,34.0,706.2,0.29,0.6,,1694.0,11050.0,0.24,0.09,1.7,70.0,18.1,,,"TKPI (panganku.org), per 100 g edible portion; scraped by github.com/intanypurbasari/food-nutrition"
NR016,"Cengkeh, kering (Cloves, dried)",Bumbu,mentah,23.3,330,5.2,8.9,57.4,10.0,5.2,740.0,100.0,4.9,282.0,961.0,0.3,0.0,,265.0,,200.0,0.0,0.0,,19.2,zinc_mg_zero_may_be_missing; vitamin_b1_mg_implausibly_high,,"TKPI (panganku.org), per 100 g edible portion; scraped by github.com/intanypurbasari/food-nutrition"
NR017,"Daun salam, bubuk (Bay-leaf)",Bumbu,mentah,13.1,301,14.2,10.9,49.0,9.4,12.8,86.0,250.0,44.1,180.0,619.0,1.31,0.7,0.0,5400.0,,0.1,0.32,5.0,0.0,17.6,,,"TKPI (panganku.org), per 100 g edible portion; scraped by github.com/intanypurbasari/food-nutrition"
NR018,"Jahe, segar (Ginger, root)",Bumbu,mentah,55.0,51,1.5,1.0,10.1,12.0,1.2,21.0,39.0,1.6,12.0,441.7,0.48,0.7,,0.0,9.0,0.02,0.17,3.3,4.0,26.0,,,"TKPI (panganku.org), per 100 g edible portion; scraped by github.com/intanypurbasari/food-nutrition"
NR019,Kemiri (Candle nut),Bumbu,mentah,7.0,675,19.0,63.0,8.0,3.0,3.0,80.0,200.0,2.0,25.0,430.7,0.23,0.8,,0.0,0.0,0.06,0.06,0.4,0.0,10.5,,,"TKPI (panganku.org), per 100 g edible portion; scraped by github.com/intanypurbasari/food-nutrition"
NR020,"Ketumbar, kering (Coriander, seed)",Bumbu,mentah,11.2,418,14.1,16.1,54.2,12.3,4.4,630.0,370.0,17.9,91.0,1787.0,0.95,4.6,,75.0,1570.0,0.2,0.35,1.8,0.0,26.2,,,"TKPI (panganku.org), per 100 g edible portion; scraped by github.com/intanypurbasari/food-nutrition"
NR021,Kluwek (Pucungmit),Bumbu,mentah,51.0,310,10.0,24.0,13.5,,1.5,40.0,100.0,2.0,,,,,,,0.0,0.15,,,30.0,10.0,,,"TKPI (panganku.org), per 100 g edible portion; scraped by github.com/intanypurbasari/food-nutrition"
NR022,"Kunyit, segar (Turmeric)",Bumbu,mentah,84.9,69,2.0,2.7,9.1,0.6,1.3,24.0,78.0,3.3,6.0,406.7,0.05,0.4,,12.0,,0.03,0.02,0.4,1.0,39.0,,,"TKPI (panganku.org), per 100 g edible portion; scraped by github.com/intanypurbasari/food-nutrition"
NR023,"Merica, kering (Pepper)",Bumbu,mentah,12.9,365,11.5,6.8,64.4,1.0,4.4,460.0,200.0,16.4,4.0,99.7,0.89,1.1,,0.0,,0.2,0.1,2.5,,17.4,,,"TKPI (panganku.org), per 100 g edible portion; scraped by github.com/intanypurbasari/food-nutrition"
NR024,"Pala, biji, kering (Nutmeg)",Bumbu,mentah,14.3,518,7.5,36.4,40.1,3.5,1.7,120.0,240.0,4.6,2.0,78.7,0.94,2.0,,7.0,,0.2,0.02,0.5,0.0,32.0,,,"TKPI (panganku.org), per 100 g edible portion; scraped by github.com/intanypurbasari/food-nutrition"
NP001,Balichong (Tiny shrimp fermented),Bumbu,olahan,59.9,152,13.2,0.8,22.9,1.5,3.6,380.0,210.0,2.9,120.0,310.0,0.8,1.1,34.0,0.0,,0.01,0.08,0.2,,15.9,,Udang kecil yang difermentasi,"TKPI (panganku.org), per 100 g edible portion; scraped by github.com/intanypurbasari/food-nutrition"
NP002,Bekasam (Tiny shrimp fermented),Bumbu,olahan,65.5,116,11.9,4.9,6.1,3.5,11.6,704.0,757.0,7.5,711.0,176.0,0.8,1.9,,0.0,,0.0,0.03,2.1,,63.6,,Udang kecil yang difermentasi,"TKPI (panganku.org), per 100 g edible portion; scraped by github.com/intanypurbasari/food-nutrition"
NP003,Bekasang (Fermented fish),Bumbu,olahan,67.1,78,11.4,2.0,3.6,0.4,15.9,54.0,97.0,2.6,4016.0,121.0,0.2,4.8,,,,0.15,0.12,0.6,,8.5,,Ikan yang difermentasi,"TKPI (panganku.org), per 100 g edible portion; scraped by github.com/intanypurbasari/food-nutrition"
NP004,Cuka (vinegar),Bumbu,olahan,94.5,21,0.1,0.1,5.0,0.0,0.3,7.0,10.0,0.5,21.0,37.8,0.0,0.0,,0.0,,0.24,0.0,0.7,,100.0,,,"TKPI (panganku.org), per 100 g edible portion; scraped by github.com/intanypurbasari/food-nutrition"
NP005,Kecap (Soyabean sauce),Bumbu,olahan,63.0,71,5.7,1.3,9.0,0.0,21.0,123.0,96.0,5.7,1114.0,,0.04,,0.0,,,0.0,,,0.0,16.8,,,"TKPI (panganku.org), per 100 g edible portion; scraped by github.com/intanypurbasari/food-nutrition"
NP006,"Petis ikan (fish,fermented, paste (petis))",Bumbu,olahan,56.0,165,20.0,0.2,20.8,,3.0,37.0,36.0,2.8,,,,,,,0.0,0.01,0.2,0.8,0.0,1.8,,,"TKPI (panganku.org), per 100 g edible portion; scraped by github.com/intanypurbasari/food-nutrition"
NP007,"Petis udang kering (shrimp, fermented, dried (petis))",Bumbu,olahan,8.3,345,23.8,1.4,59.3,0.0,7.1,221.0,397.0,3.8,11998.0,462.8,0.75,1.9,,0.0,232.0,1.02,0.4,2.2,0.0,16.7,,,"TKPI (panganku.org), per 100 g edible portion; scraped by github.com/intanypurbasari/food-nutrition"
NP008,"Petis udang pasta (shrimp, fermented, paste (petis))",Bumbu,olahan,39.0,220,15.0,0.9,38.0,2.3,7.1,37.0,36.0,2.8,7981.0,307.9,0.5,1.3,,0.0,0.0,0.01,0.13,1.7,0.0,2.4,,,"TKPI (panganku.org), per 100 g edible portion; scraped by github.com/intanypurbasari/food-nutrition"
NP009,"Saos tomat (Tomato, sauce)",Bumbu,olahan,69.5,110,2.0,0.4,24.5,0.9,3.6,12.0,18.0,0.8,890.0,129.6,0.18,0.3,,357.0,570.0,0.09,0.06,1.7,11.0,9.0,,,"TKPI (panganku.org), per 100 g edible portion; scraped by github.com/intanypurbasari/food-nutrition"
NP010,"Tempoya (durian, fermented)",Bumbu,olahan,70.1,110,1.7,1.3,21.9,2.6,5.0,190.0,45.0,2.9,597.0,486.3,,,,71.0,,0.3,0.04,1.1,0.0,26.5,,Daging durian yang difermentasi,"TKPI (panganku.org), per 100 g edible portion; scraped by github.com/intanypurbasari/food-nutrition"
NP011,"Terasi (Fish, fermented, paste (terasi))",Bumbu,olahan,33.8,155,22.3,2.9,9.9,2.7,31.1,3812.0,726.0,78.5,1664.0,821.4,0.99,2.4,,0.0,0.0,0.24,0.0,3.3,0.0,32.6,,,"TKPI (panganku.org), per 100 g edible portion; scraped by github.com/intanypurbasari/food-nutrition"
NP012,Terasi dobo,Bumbu,olahan,58.4,191,33.1,3.6,6.6,1.6,11.5,2250.0,1130.0,22.9,650.0,1260.0,2.9,5.0,,0.0,,3.74,0.22,2.0,,34.1,proximate_sum>105g,Udang yang difermentasi,"TKPI (panganku.org), per 100 g edible portion; scraped by github.com/intanypurbasari/food-nutrition"
NP013,Terasi merah,Bumbu,olahan,40.0,174,30.0,3.5,5.6,2.2,20.4,100.0,150.0,3.1,7850.0,302.8,0.49,1.2,,0.0,0.0,0.0,0.12,1.7,0.0,5.0,,,"TKPI (panganku.org), per 100 g edible portion; scraped by github.com/intanypurbasari/food-nutrition"
QR001,"Kelapa muda, air, segar (Coconut, young, water, fresh)",Minuman Non Alkohol,mentah,95.5,17,0.2,0.1,3.8,0.0,0.4,15.0,8.0,0.2,1.0,149.0,0.04,0.1,0.0,0.0,,0.0,0.0,0.0,1.0,40.0,,,"TKPI (panganku.org), per 100 g edible portion; scraped by github.com/intanypurbasari/food-nutrition"
